customer_id,age,gender,employment_type,annual_income,credit_score,loan_amount,loan_tenure_months,existing_emi,debt_to_income_ratio,branch_region,loan_purpose,application_date,default_flag
CUST100000,59,Male,Salaried,1017000,670,512000,24,24046,0.28,Pondicherry,Home,2024-11-09,0
CUST100001,49,Female,Salaried,1040000,666,980000,48,17032,0.2,Chennai,Personal,2025-03-20,0
CUST100002,35,Male,Salaried,508000,705,730000,84,4514,0.11,Madurai,Business Expansion,2025-01-19,0
CUST100003,63,Male,Self-Employed,383000,666,1388000,36,2715,0.09,Chennai,Business Expansion,2026-07-19,0
CUST100004,28,Male,Business,1166000,533,1403000,24,31625,0.33,Chennai,Home,2025-03-07,0
CUST100005,41,Female,Self-Employed,410000,510,706000,84,2204,0.06,Trichy,Business Expansion,2026-04-17,0
CUST100006,59,Female,Salaried,930000,460,335000,48,24743,0.32,Chennai,Home,2025-06-28,1
CUST100007,39,Female,Business,793000,718,1255000,24,16992,0.26,Madurai,Personal,2025-04-05,1
CUST100008,43,Male,Salaried,910000,614,869000,60,12998,0.17,Chennai,Home,2025-01-09,0
CUST100009,31,Male,Business,720000,723,505000,36,6369,0.11,Coimbatore,Education,2025-12-05,0
CUST100010,31,Male,Self-Employed,457000,661,968000,48,5451,0.14,Chennai,Home,2025-06-03,0
CUST100011,44,Female,Salaried,933000,559,324000,12,16246,0.21,Chennai,Home,2025-09-20,0
CUST100012,56,Male,Salaried,887000,639,86000,36,18261,0.25,Pondicherry,Education,2026-02-21,0
CUST100013,60,Female,Salaried,997000,609,492000,60,21389,0.26,Trichy,Vehicle,2024-12-28,1
CUST100014,44,Male,Salaried,529000,595,924000,84,8119,0.18,Salem,Business Expansion,2024-08-19,0
CUST100015,23,Female,Salaried,631000,732,1109000,60,8528,0.16,Chennai,Home,2026-07-31,0
CUST100016,42,Female,Salaried,681000,875,117000,12,15918,0.28,Pondicherry,Personal,2024-08-20,0
CUST100017,22,Female,Salaried,911000,750,1483000,120,24872,0.33,Trichy,Education,2025-07-22,0
CUST100018,44,Male,Self-Employed,1284000,622,409000,36,34704,0.32,Chennai,Vehicle,2024-08-14,0
CUST100019,64,Male,Business,1198000,763,1194000,48,21512,0.22,Trichy,Business Expansion,2025-05-28,0
CUST100020,50,Male,Salaried,602000,804,1740000,12,3697,0.07,Trichy,Education,2025-05-30,0
CUST100021,58,Male,Salaried,578000,524,766000,120,3467,0.07,Coimbatore,Vehicle,2025-03-27,1
CUST100022,22,Male,Salaried,457000,760,997000,48,6505,0.17,Trichy,Personal,2024-08-31,0
CUST100023,41,Male,Salaried,988000,719,1629000,24,22218,0.27,Coimbatore,Personal,2024-11-08,0
CUST100024,53,Male,Business,1474000,756,531000,48,24468,0.2,Coimbatore,Home,2025-11-06,0
CUST100025,32,Female,Self-Employed,1224000,698,338000,24,24297,0.24,Coimbatore,Personal,2026-02-09,1
CUST100026,42,Female,Business,558000,629,1951000,48,14089,0.3,Pondicherry,Education,2025-09-11,1
CUST100027,64,Male,Salaried,1068000,832,139000,24,5526,0.06,Coimbatore,Personal,2026-02-04,0
CUST100028,45,Female,Self-Employed,661000,655,261000,36,18020,0.33,Coimbatore,Education,2024-11-03,0
CUST100029,47,Male,Salaried,976000,610,624000,120,12140,0.15,Madurai,Business Expansion,2026-03-17,0
CUST100030,62,Male,Business,665000,695,1145000,60,3548,0.06,Pondicherry,Education,2024-11-17,0
CUST100031,48,Male,Business,1137000,737,897000,36,28484,0.3,Trichy,Education,2025-01-06,0
CUST100032,36,Female,Self-Employed,1068000,633,339000,12,29391,0.33,Chennai,Vehicle,2024-09-16,0
CUST100033,35,Male,Business,1109000,685,416000,36,25930,0.28,Trichy,Business Expansion,2025-07-22,0
CUST100034,64,Male,Salaried,527000,657,76000,36,12795,0.29,Coimbatore,Vehicle,2026-01-12,1
CUST100035,23,Female,Business,843000,590,469000,60,21875,0.31,Madurai,Vehicle,2025-02-18,0
CUST100036,57,Male,Salaried,541000,576,949000,84,9319,0.21,Madurai,Vehicle,2025-04-20,0
CUST100037,27,Female,Salaried,795000,523,1435000,36,16836,0.25,Trichy,Vehicle,2026-02-01,0
CUST100038,41,Female,Salaried,943000,786,1638000,12,10682,0.14,Pondicherry,Personal,2026-06-16,0
CUST100039,29,Female,Business,1551000,629,1827000,36,16144,0.12,Trichy,Personal,2024-08-28,0
CUST100040,59,Male,Business,742000,341,1528000,36,14387,0.23,Madurai,Home,2024-08-18,1
CUST100041,38,Male,Business,1792000,685,854000,36,40377,0.27,Coimbatore,Home,2024-08-09,0
CUST100042,24,Male,Business,855000,683,661000,120,12051,0.17,Chennai,Personal,2026-01-10,0
CUST100043,45,Male,Salaried,461000,482,521000,36,6534,0.17,Salem,Business Expansion,2025-06-14,1
CUST100044,34,Male,Business,1755000,575,1664000,60,49179,0.34,Coimbatore,Vehicle,2024-09-09,0
CUST100045,29,Male,Business,1114000,571,418000,120,19080,0.21,Madurai,Home,2025-11-16,0
CUST100046,46,Female,Salaried,515000,583,1399000,60,14844,0.35,Pondicherry,Business Expansion,2026-04-05,0
CUST100047,22,Female,Salaried,916000,759,459000,12,23575,0.31,Chennai,Education,2024-11-02,0
CUST100048,40,Male,Self-Employed,956000,611,1675000,84,19271,0.24,Pondicherry,Business Expansion,2024-09-27,1
CUST100049,48,Male,Business,463000,611,1961000,12,2034,0.05,Pondicherry,Vehicle,2026-07-10,0
CUST100050,27,Male,Business,903000,751,1576000,12,10443,0.14,Pondicherry,Home,2026-04-10,0
CUST100051,64,Male,Business,1279000,694,1098000,84,18683,0.18,Chennai,Personal,2025-07-16,0
CUST100052,28,Female,Business,1077000,493,210000,36,22064,0.25,Madurai,Vehicle,2025-05-02,0
CUST100053,55,Female,Business,1188000,594,1268000,84,16697,0.17,Chennai,Home,2026-07-19,0
CUST100054,34,Female,Self-Employed,564000,653,1786000,48,14022,0.3,Madurai,Home,2026-01-21,1
CUST100055,37,Female,Self-Employed,1103000,540,1494000,120,22875,0.25,Trichy,Education,2025-05-13,0
CUST100056,56,Male,Salaried,686000,832,727000,36,8812,0.15,Chennai,Vehicle,2024-09-14,0
CUST100057,60,Female,Self-Employed,1178000,635,1807000,48,28009,0.29,Trichy,Home,2025-09-19,0
CUST100058,24,Male,Salaried,504000,582,1868000,12,5918,0.14,Coimbatore,Personal,2024-09-05,1
CUST100059,22,Female,Business,1030000,548,62000,36,5908,0.07,Pondicherry,Personal,2025-06-02,1
CUST100060,26,Male,Salaried,624000,733,1480000,84,5291,0.1,Madurai,Home,2024-09-07,0
CUST100061,62,Male,Salaried,1074000,591,1928000,84,4548,0.05,Coimbatore,Vehicle,2025-03-27,0
CUST100062,24,Male,Salaried,788000,684,1428000,120,19680,0.3,Coimbatore,Home,2026-03-09,0
CUST100063,49,Male,Self-Employed,524000,521,1319000,84,10398,0.24,Pondicherry,Business Expansion,2026-06-22,1
CUST100064,38,Female,Salaried,572000,656,137000,84,10542,0.22,Coimbatore,Business Expansion,2025-11-02,0
CUST100065,46,Male,Salaried,1075000,592,488000,12,22271,0.25,Coimbatore,Vehicle,2025-01-14,1
CUST100066,64,Male,Salaried,912000,621,470000,60,18702,0.25,Chennai,Business Expansion,2025-03-01,0
CUST100067,54,Male,Salaried,1043000,578,1725000,12,19091,0.22,Coimbatore,Home,2026-05-25,0
CUST100068,30,Female,Salaried,1014000,742,1895000,36,25580,0.3,Pondicherry,Vehicle,2025-08-01,0
CUST100069,56,Male,Salaried,802000,605,1329000,60,12182,0.18,Pondicherry,Vehicle,2025-06-17,0
CUST100070,34,Female,Salaried,824000,637,1349000,84,20012,0.29,Chennai,Vehicle,2025-06-01,0
CUST100071,51,Female,Salaried,1002000,641,1731000,60,23880,0.29,Coimbatore,Home,2025-01-29,0
CUST100072,35,Male,Salaried,748000,795,1080000,48,6847,0.11,Chennai,Personal,2026-05-15,0
CUST100073,28,Female,Salaried,683000,730,549000,24,10593,0.19,Salem,Personal,2024-10-22,1
CUST100074,34,Male,Business,646000,721,295000,60,16175,0.3,Madurai,Vehicle,2026-05-26,1
CUST100075,43,Male,Salaried,794000,507,395000,24,19800,0.3,Pondicherry,Business Expansion,2024-11-12,0
CUST100076,60,Female,Salaried,526000,590,1277000,12,2507,0.06,Trichy,Vehicle,2025-01-24,0
CUST100077,41,Male,Salaried,732000,756,1555000,12,7131,0.12,Pondicherry,Business Expansion,2026-04-27,0
CUST100078,36,Male,Salaried,719000,544,1825000,60,10614,0.18,Salem,Home,2026-06-08,0
CUST100079,38,Female,Salaried,728000,657,529000,48,3891,0.06,Chennai,Business Expansion,2026-07-30,0
CUST100080,44,Male,Salaried,1016000,554,1167000,12,10853,0.13,Salem,Personal,2025-05-09,0
CUST100081,46,Female,Self-Employed,1169000,538,947000,24,12419,0.13,Pondicherry,Home,2025-08-01,1
CUST100082,45,Male,Self-Employed,1176000,776,1383000,60,11208,0.11,Coimbatore,Vehicle,2025-11-23,0
CUST100083,61,Female,Salaried,495000,714,569000,120,6971,0.17,Pondicherry,Personal,2025-03-24,0
CUST100084,49,Male,Self-Employed,567000,713,479000,60,13886,0.29,Trichy,Home,2026-04-09,1
CUST100085,35,Female,Salaried,796000,720,219000,48,8174,0.12,Pondicherry,Business Expansion,2025-10-19,0
CUST100086,21,Male,Business,1677000,637,168000,60,31390,0.22,Chennai,Education,2026-06-14,0
CUST100087,45,Male,Salaried,931000,587,807000,36,16856,0.22,Trichy,Personal,2025-06-25,0
CUST100088,27,Female,Self-Employed,607000,588,1713000,24,14941,0.3,Chennai,Personal,2026-02-28,1
CUST100089,29,Male,Salaried,759000,632,1807000,120,10638,0.17,Pondicherry,Home,2024-10-06,0
CUST100090,44,Male,Business,1505000,809,112000,84,14682,0.12,Salem,Education,2026-05-16,0
CUST100091,21,Male,Salaried,1003000,529,1190000,120,26534,0.32,Trichy,Personal,2025-10-22,0
CUST100092,64,Female,Salaried,1060000,600,158000,36,26489,0.3,Madurai,Home,2025-05-15,1
CUST100093,28,Male,Self-Employed,712000,542,795000,36,14029,0.24,Trichy,Personal,2026-07-09,0
CUST100094,44,Female,Salaried,1069000,745,1566000,24,6945,0.08,Coimbatore,Home,2025-02-04,0
CUST100095,31,Male,Self-Employed,586000,791,766000,60,2677,0.05,Madurai,Home,2026-04-05,0
CUST100096,37,Male,Self-Employed,1092000,652,1673000,60,9535,0.1,Trichy,Home,2025-09-09,0
CUST100097,28,Female,Salaried,839000,685,466000,36,7620,0.11,Chennai,Home,2025-07-28,0
CUST100098,55,Female,Salaried,930000,658,1398000,84,7042,0.09,Chennai,Home,2025-01-02,0
CUST100099,55,Female,Salaried,913000,689,941000,24,9788,0.13,Trichy,Business Expansion,2026-05-07,0
CUST100100,53,Female,Self-Employed,1081000,694,1313000,12,13635,0.15,Coimbatore,Education,2026-03-02,1
CUST100101,25,Male,Salaried,944000,688,759000,24,21738,0.28,Pondicherry,Personal,2026-07-25,0
CUST100102,62,Male,Self-Employed,1043000,669,1589000,84,22846,0.26,Coimbatore,Vehicle,2026-06-12,0
CUST100103,59,Male,Business,623000,719,667000,36,4221,0.08,Chennai,Vehicle,2024-11-16,0
CUST100104,61,Female,Salaried,465000,489,1692000,24,13296,0.34,Trichy,Personal,2024-08-02,0
CUST100105,48,Female,Business,1369000,650,301000,24,31446,0.28,Trichy,Personal,2024-09-12,0
CUST100106,27,Male,Self-Employed,604000,652,1259000,120,4984,0.1,Madurai,Vehicle,2024-12-07,0
CUST100107,29,Male,Salaried,1042000,687,787000,12,7584,0.09,Trichy,Personal,2025-01-23,0
CUST100108,28,Male,Salaried,800000,634,1486000,48,5084,0.08,Madurai,Vehicle,2024-10-29,0
CUST100109,32,Female,Self-Employed,1178000,639,553000,48,26459,0.27,Trichy,Personal,2025-04-09,0
CUST100110,54,Male,Salaried,825000,585,1606000,12,8310,0.12,Chennai,Personal,2024-11-03,0
CUST100111,53,Male,Salaried,877000,490,203000,24,5253,0.07,Coimbatore,Business Expansion,2026-03-26,0
CUST100112,43,Male,Salaried,470000,738,273000,36,6914,0.18,Chennai,Vehicle,2026-07-18,0
CUST100113,44,Female,Self-Employed,1389000,522,647000,12,30397,0.26,Chennai,Education,2025-11-24,1
CUST100114,57,Female,Self-Employed,1096000,610,1626000,48,12911,0.14,Chennai,Business Expansion,2025-07-11,0
CUST100115,55,Female,Self-Employed,624000,557,895000,84,10129,0.19,Chennai,Home,2025-08-10,1
CUST100116,64,Male,Salaried,629000,792,1491000,48,5650,0.11,Salem,Vehicle,2024-09-25,0
CUST100117,60,Male,Business,1575000,642,1558000,12,23460,0.18,Chennai,Vehicle,2024-09-28,0
CUST100118,42,Female,Business,1530000,622,733000,24,20104,0.16,Chennai,Vehicle,2025-09-04,0
CUST100119,47,Female,Salaried,1076000,717,1970000,60,16155,0.18,Pondicherry,Personal,2024-10-29,0
CUST100120,55,Male,Salaried,696000,844,1745000,36,11003,0.19,Coimbatore,Home,2024-09-23,0
CUST100121,21,Male,Business,1177000,686,209000,120,7620,0.08,Coimbatore,Education,2026-02-10,1
CUST100122,55,Male,Business,426000,616,1124000,60,2769,0.08,Coimbatore,Business Expansion,2026-05-20,0
CUST100123,57,Male,Self-Employed,460000,687,1703000,36,4913,0.13,Coimbatore,Personal,2025-02-25,1
CUST100124,34,Female,Business,450000,508,1353000,60,3177,0.08,Coimbatore,Home,2024-09-15,0
CUST100125,23,Male,Self-Employed,913000,629,221000,60,9573,0.13,Chennai,Business Expansion,2024-11-26,0
CUST100126,21,Male,Salaried,542000,829,1030000,36,2590,0.06,Pondicherry,Personal,2025-03-05,0
CUST100127,25,Male,Self-Employed,1003000,639,381000,84,12973,0.16,Chennai,Personal,2026-04-26,0
CUST100128,46,Male,Self-Employed,981000,634,1669000,36,9321,0.11,Chennai,Vehicle,2025-01-01,0
CUST100129,34,Male,Business,503000,651,1366000,48,13314,0.32,Madurai,Business Expansion,2025-12-25,0
CUST100130,59,Male,Salaried,789000,614,1925000,24,20214,0.31,Coimbatore,Home,2026-01-12,1
CUST100131,47,Male,Self-Employed,461000,653,115000,24,5383,0.14,Coimbatore,Business Expansion,2025-06-01,0
CUST100132,29,Female,Self-Employed,745000,694,1343000,48,11960,0.19,Pondicherry,Vehicle,2025-02-09,0
CUST100133,35,Male,Salaried,715000,620,1986000,84,20063,0.34,Salem,Vehicle,2025-01-05,1
CUST100134,35,Male,Salaried,856000,425,1417000,60,14782,0.21,Pondicherry,Personal,2026-04-01,1
CUST100135,46,Female,Business,663000,691,320000,84,16825,0.3,Chennai,Home,2024-12-31,0
CUST100136,62,Female,Salaried,426000,841,1134000,84,10575,0.3,Salem,Home,2024-09-04,0
CUST100137,33,Female,Self-Employed,373000,591,738000,36,10331,0.33,Coimbatore,Home,2024-11-15,1
CUST100138,52,Male,Business,1295000,517,1939000,12,15292,0.14,Chennai,Home,2025-07-04,0
CUST100139,59,Male,Salaried,882000,710,678000,60,4632,0.06,Madurai,Personal,2025-09-18,0
CUST100140,52,Male,Business,1400000,806,1209000,24,9471,0.08,Trichy,Home,2025-04-27,0
CUST100141,24,Male,Self-Employed,1145000,672,1051000,36,21124,0.22,Chennai,Personal,2026-06-06,1
CUST100142,50,Male,Salaried,498000,805,308000,48,8676,0.21,Trichy,Personal,2026-01-28,0
CUST100143,57,Female,Salaried,1022000,721,1329000,84,11883,0.14,Pondicherry,Personal,2026-01-01,0
CUST100144,43,Male,Business,804000,713,380000,60,8349,0.12,Chennai,Vehicle,2025-09-28,0
CUST100145,59,Male,Salaried,528000,603,1996000,120,11563,0.26,Trichy,Personal,2025-02-04,1
CUST100146,35,Male,Salaried,682000,675,1466000,12,8647,0.15,Coimbatore,Home,2025-12-14,0
CUST100147,63,Male,Salaried,652000,647,832000,60,12561,0.23,Coimbatore,Home,2025-04-26,0
CUST100148,49,Female,Salaried,754000,644,1617000,48,16568,0.26,Chennai,Vehicle,2025-04-17,0
CUST100149,56,Male,Salaried,684000,627,1327000,12,10210,0.18,Madurai,Personal,2024-09-17,1
CUST100150,33,Female,Business,844000,670,316000,60,7597,0.11,Coimbatore,Education,2024-11-16,0
CUST100151,52,Female,Business,1682000,533,1972000,48,43204,0.31,Pondicherry,Vehicle,2024-12-19,0
CUST100152,27,Male,Salaried,1042000,723,843000,60,6778,0.08,Salem,Home,2026-07-28,1
CUST100153,42,Male,Salaried,733000,571,1080000,120,18254,0.3,Salem,Personal,2025-07-15,1
CUST100154,48,Female,Self-Employed,1028000,602,909000,36,25785,0.3,Chennai,Vehicle,2026-01-27,0
CUST100155,22,Female,Salaried,456000,679,488000,60,8409,0.22,Chennai,Home,2026-01-17,0
CUST100156,62,Male,Business,629000,566,600000,84,12519,0.24,Coimbatore,Home,2026-03-02,0
CUST100157,26,Female,Business,872000,473,53000,48,11438,0.16,Trichy,Personal,2026-06-03,1
CUST100158,48,Male,Business,1258000,615,1615000,24,31709,0.3,Salem,Education,2025-10-13,1
CUST100159,48,Female,Salaried,806000,521,727000,48,8671,0.13,Pondicherry,Personal,2025-12-28,0
CUST100160,64,Male,Salaried,434000,714,356000,60,7881,0.22,Madurai,Personal,2024-12-02,0
CUST100161,64,Male,Salaried,619000,546,511000,36,2606,0.05,Chennai,Home,2025-06-08,0
CUST100162,40,Female,Salaried,516000,783,1621000,24,14273,0.33,Pondicherry,Vehicle,2025-02-12,1
CUST100163,50,Male,Salaried,737000,649,1424000,120,20543,0.33,Chennai,Vehicle,2026-01-27,1
CUST100164,31,Male,Business,1109000,655,1572000,120,24317,0.26,Chennai,Personal,2024-09-01,0
CUST100165,48,Male,Business,1013000,471,1284000,84,14939,0.18,Pondicherry,Business Expansion,2026-05-19,0
CUST100166,45,Female,Business,657000,663,1186000,48,5671,0.1,Madurai,Personal,2026-03-08,0
CUST100167,59,Female,Business,1178000,642,166000,24,19411,0.2,Chennai,Vehicle,2025-12-22,0
CUST100168,53,Female,Salaried,533000,533,1389000,36,12766,0.29,Coimbatore,Home,2025-05-04,0
CUST100169,21,Female,Self-Employed,531000,632,612000,84,10247,0.23,Chennai,Business Expansion,2025-04-16,0
CUST100170,47,Female,Salaried,522000,614,1021000,12,9058,0.21,Trichy,Business Expansion,2025-03-19,0
CUST100171,33,Male,Salaried,900000,630,1506000,24,22862,0.3,Chennai,Business Expansion,2025-02-11,0
CUST100172,61,Male,Self-Employed,890000,627,1088000,48,10675,0.14,Pondicherry,Home,2025-05-20,0
CUST100173,23,Female,Self-Employed,826000,582,250000,36,21199,0.31,Coimbatore,Vehicle,2025-03-24,0
CUST100174,59,Male,Self-Employed,1092000,647,1420000,120,16547,0.18,Madurai,Personal,2026-01-27,1
CUST100175,26,Male,Salaried,594000,642,173000,48,2510,0.05,Chennai,Education,2025-01-29,0
CUST100176,28,Male,Salaried,624000,692,1925000,36,14018,0.27,Chennai,Personal,2026-06-19,1
CUST100177,47,Male,Salaried,655000,602,205000,48,17103,0.31,Trichy,Business Expansion,2026-05-20,1
CUST100178,29,Female,Salaried,464000,554,458000,120,7551,0.2,Trichy,Personal,2026-05-05,0
CUST100179,57,Male,Salaried,1042000,586,1281000,36,16187,0.19,Chennai,Personal,2026-03-28,0
CUST100180,53,Female,Self-Employed,543000,754,515000,120,13196,0.29,Madurai,Home,2026-05-07,0
CUST100181,62,Male,Business,1796000,736,803000,60,47209,0.32,Pondicherry,Home,2024-08-09,0
CUST100182,64,Male,Salaried,730000,759,1237000,120,20824,0.34,Coimbatore,Home,2025-02-20,0
CUST100183,44,Male,Self-Employed,513000,740,821000,48,6570,0.15,Chennai,Home,2026-01-10,1
CUST100184,35,Female,Salaried,511000,608,1350000,36,9726,0.23,Coimbatore,Home,2026-03-08,0
CUST100185,52,Female,Business,475000,676,1932000,12,11751,0.3,Madurai,Business Expansion,2026-06-21,1
CUST100186,52,Female,Salaried,658000,656,1778000,120,11490,0.21,Chennai,Personal,2025-04-03,0
CUST100187,44,Female,Business,1008000,709,886000,36,15838,0.19,Coimbatore,Business Expansion,2025-12-22,0
CUST100188,61,Male,Business,722000,623,1053000,12,13331,0.22,Madurai,Vehicle,2025-02-01,0
CUST100189,32,Female,Business,840000,658,799000,84,10994,0.16,Salem,Business Expansion,2026-02-20,0
CUST100190,59,Female,Salaried,901000,656,443000,24,8080,0.11,Coimbatore,Personal,2025-07-29,0
CUST100191,22,Female,Self-Employed,822000,672,99000,36,4794,0.07,Chennai,Home,2024-10-25,0
CUST100192,23,Male,Salaried,927000,709,774000,24,17998,0.23,Madurai,Vehicle,2024-08-17,0
CUST100193,57,Male,Salaried,759000,658,1851000,24,10356,0.16,Chennai,Vehicle,2026-07-04,0
CUST100194,37,Female,Salaried,1072000,661,1675000,60,28129,0.31,Chennai,Vehicle,2025-02-11,0
CUST100195,22,Female,Business,710000,670,193000,84,6915,0.12,Madurai,Business Expansion,2024-08-05,0
CUST100196,22,Male,Business,1773000,798,215000,36,21159,0.14,Salem,Vehicle,2025-09-10,0
CUST100197,48,Female,Salaried,424000,494,1140000,60,12054,0.34,Pondicherry,Personal,2025-01-22,0
CUST100198,43,Female,Salaried,1011000,562,1093000,84,18272,0.22,Chennai,Business Expansion,2024-12-10,0
CUST100199,57,Male,Business,881000,710,672000,120,11308,0.15,Pondicherry,Vehicle,2026-03-23,0
CUST100200,52,Female,Salaried,535000,674,118000,60,13743,0.31,Chennai,Home,2026-06-26,1
CUST100201,53,Male,Salaried,933000,673,503000,120,21226,0.27,Chennai,Personal,2024-11-18,0
CUST100202,21,Male,Salaried,653000,710,74000,24,12077,0.22,Salem,Vehicle,2026-03-01,0
CUST100203,39,Male,Self-Employed,319000,644,1930000,120,8419,0.32,Salem,Vehicle,2026-04-04,0
CUST100204,22,Male,Salaried,443000,599,359000,48,2886,0.08,Chennai,Education,2025-10-27,0
CUST100205,64,Female,Self-Employed,986000,681,61000,24,13832,0.17,Chennai,Home,2025-03-16,0
CUST100206,46,Male,Salaried,605000,651,626000,84,14780,0.29,Chennai,Vehicle,2026-01-30,1
CUST100207,52,Male,Salaried,703000,609,743000,84,9712,0.17,Madurai,Business Expansion,2025-12-04,0
CUST100208,26,Male,Salaried,570000,712,283000,24,15580,0.33,Pondicherry,Vehicle,2025-04-25,0
CUST100209,52,Male,Salaried,910000,708,884000,84,7261,0.1,Chennai,Personal,2026-05-30,0
CUST100210,24,Male,Salaried,689000,669,966000,12,8669,0.15,Coimbatore,Personal,2025-12-27,0
CUST100211,31,Female,Salaried,897000,804,1206000,48,13284,0.18,Chennai,Vehicle,2026-03-13,0
CUST100212,37,Male,Business,1559000,769,1771000,24,33270,0.26,Chennai,Personal,2026-05-21,0
CUST100213,58,Female,Salaried,845000,740,640000,48,7647,0.11,Pondicherry,Business Expansion,2025-07-07,0
CUST100214,44,Female,Self-Employed,1349000,855,1717000,12,5953,0.05,Pondicherry,Home,2025-06-01,1
CUST100215,25,Male,Business,1777000,636,1348000,120,50785,0.34,Chennai,Vehicle,2025-08-03,1
CUST100216,54,Female,Business,854000,608,898000,48,22746,0.32,Chennai,Home,2026-06-23,1
CUST100217,26,Male,Business,1461000,727,1896000,36,17053,0.14,Chennai,Personal,2025-11-12,0
CUST100218,42,Male,Self-Employed,1107000,602,1902000,12,17992,0.2,Coimbatore,Vehicle,2026-02-23,0
CUST100219,31,Male,Salaried,598000,651,1785000,48,9801,0.2,Chennai,Home,2025-03-13,0
CUST100220,36,Male,Business,790000,561,662000,60,20458,0.31,Madurai,Vehicle,2025-02-01,0
CUST100221,53,Male,Business,1506000,704,201000,48,28754,0.23,Coimbatore,Home,2026-04-19,0
CUST100222,29,Female,Business,456000,517,1525000,120,11321,0.3,Chennai,Vehicle,2025-09-13,1
CUST100223,26,Male,Self-Employed,526000,616,265000,12,14184,0.32,Pondicherry,Personal,2025-09-26,0
CUST100224,36,Female,Self-Employed,898000,623,708000,60,16447,0.22,Chennai,Home,2025-05-27,0
CUST100225,49,Male,Salaried,677000,610,1865000,84,7652,0.14,Pondicherry,Home,2026-02-01,1
CUST100226,23,Female,Self-Employed,606000,466,359000,48,10080,0.2,Madurai,Vehicle,2025-04-13,1
CUST100227,40,Male,Salaried,730000,491,1306000,120,18570,0.31,Pondicherry,Personal,2025-03-22,1
CUST100228,56,Male,Salaried,1043000,582,1566000,48,19563,0.23,Chennai,Home,2025-03-31,0
CUST100229,39,Male,Self-Employed,720000,673,198000,12,19122,0.32,Trichy,Business Expansion,2026-06-01,0
CUST100230,46,Male,Salaried,827000,676,386000,60,21958,0.32,Chennai,Home,2025-11-08,0
CUST100231,23,Male,Salaried,449000,648,1529000,60,6061,0.16,Salem,Vehicle,2025-08-23,0
CUST100232,39,Female,Business,1249000,570,1552000,48,19196,0.18,Trichy,Vehicle,2025-07-16,0
CUST100233,40,Male,Business,1714000,680,556000,84,36190,0.25,Coimbatore,Home,2025-02-28,0
CUST100234,52,Female,Self-Employed,861000,463,1348000,120,5978,0.08,Coimbatore,Home,2025-05-18,0
CUST100235,27,Female,Salaried,774000,434,1020000,36,12233,0.19,Pondicherry,Vehicle,2026-02-24,0
CUST100236,61,Female,Business,1488000,628,1254000,12,11757,0.09,Salem,Home,2025-12-23,0
CUST100237,53,Male,Salaried,438000,600,1055000,12,11110,0.3,Pondicherry,Home,2025-12-20,0
CUST100238,60,Male,Self-Employed,508000,716,483000,24,14090,0.33,Pondicherry,Vehicle,2026-05-07,1
CUST100239,59,Female,Salaried,604000,664,1224000,60,4654,0.09,Pondicherry,Personal,2026-04-13,0
CUST100240,38,Female,Salaried,666000,798,1878000,60,13886,0.25,Madurai,Personal,2025-06-30,1
CUST100241,60,Male,Self-Employed,1129000,575,1869000,24,22670,0.24,Chennai,Personal,2025-09-29,0
CUST100242,21,Male,Self-Employed,1154000,668,1544000,48,26736,0.28,Chennai,Vehicle,2024-12-16,0
CUST100243,31,Male,Salaried,557000,627,253000,48,12009,0.26,Trichy,Vehicle,2024-11-26,0
CUST100244,48,Female,Salaried,510000,774,1665000,12,4893,0.12,Coimbatore,Vehicle,2026-04-29,1
CUST100245,45,Female,Salaried,1033000,631,513000,48,11824,0.14,Madurai,Education,2025-01-27,1
CUST100246,43,Male,Salaried,1076000,726,1023000,36,8928,0.1,Chennai,Personal,2025-03-10,0
CUST100247,51,Female,Self-Employed,1293000,528,376000,36,35163,0.33,Trichy,Personal,2025-08-05,1
CUST100248,50,Male,Salaried,745000,612,198000,36,12823,0.21,Chennai,Home,2025-01-07,0
CUST100249,62,Male,Salaried,1067000,642,1350000,24,30484,0.34,Coimbatore,Home,2025-02-20,0
CUST100250,55,Female,Salaried,618000,763,84000,84,9517,0.18,Coimbatore,Home,2026-02-08,0
CUST100251,27,Female,Salaried,794000,452,1951000,120,14279,0.22,Chennai,Personal,2026-01-10,0
CUST100252,36,Male,Self-Employed,1057000,595,1289000,36,25261,0.29,Pondicherry,Vehicle,2026-03-25,1
CUST100253,46,Female,Self-Employed,879000,592,50000,24,21181,0.29,Madurai,Home,2026-04-09,0
CUST100254,22,Male,Salaried,544000,463,1791000,12,5410,0.12,Pondicherry,Vehicle,2026-05-19,0
CUST100255,21,Male,Salaried,693000,608,517000,12,7882,0.14,Chennai,Personal,2024-11-20,0
CUST100256,32,Male,Self-Employed,373000,486,653000,84,2466,0.08,Chennai,Education,2025-03-03,0
CUST100257,25,Male,Salaried,534000,440,515000,36,12977,0.29,Chennai,Vehicle,2025-09-30,0
CUST100258,57,Male,Salaried,472000,626,500000,24,11334,0.29,Chennai,Business Expansion,2026-06-21,0
CUST100259,52,Male,Salaried,756000,623,652000,36,4685,0.07,Chennai,Business Expansion,2026-01-15,0
CUST100260,29,Female,Salaried,862000,627,119000,84,9139,0.13,Chennai,Business Expansion,2024-09-15,0
CUST100261,61,Male,Salaried,478000,672,1717000,84,7367,0.18,Pondicherry,Personal,2024-09-26,0
CUST100262,55,Female,Business,1448000,570,306000,48,25645,0.21,Salem,Personal,2025-11-29,0
CUST100263,39,Male,Self-Employed,670000,786,1990000,24,11544,0.21,Salem,Vehicle,2026-02-15,1
CUST100264,36,Female,Self-Employed,1306000,622,916000,24,37539,0.34,Salem,Personal,2025-09-19,0
CUST100265,23,Female,Salaried,790000,765,1070000,24,18383,0.28,Madurai,Home,2025-10-05,0
CUST100266,40,Male,Self-Employed,838000,473,141000,24,5862,0.08,Madurai,Personal,2024-12-09,0
CUST100267,44,Female,Business,885000,574,643000,48,10181,0.14,Chennai,Home,2026-02-16,0
CUST100268,53,Male,Self-Employed,855000,686,421000,120,10946,0.15,Chennai,Home,2026-03-18,1
CUST100269,44,Female,Salaried,535000,629,942000,36,6444,0.14,Pondicherry,Home,2024-08-18,0
CUST100270,31,Male,Self-Employed,499000,528,1893000,12,11883,0.29,Pondicherry,Personal,2025-09-16,0
CUST100271,28,Female,Salaried,552000,484,148000,84,7275,0.16,Pondicherry,Home,2024-12-21,1
CUST100272,56,Female,Self-Employed,350000,690,559000,60,5767,0.2,Pondicherry,Personal,2025-06-02,0
CUST100273,58,Male,Salaried,540000,708,1638000,60,9451,0.21,Chennai,Business Expansion,2025-09-21,0
CUST100274,60,Male,Business,1414000,671,1926000,24,15451,0.13,Coimbatore,Personal,2026-01-22,0
CUST100275,40,Female,Self-Employed,833000,580,1665000,24,10190,0.15,Coimbatore,Education,2024-11-21,1
CUST100276,55,Male,Salaried,889000,549,1897000,12,21039,0.28,Salem,Home,2026-04-20,0
CUST100277,45,Male,Salaried,676000,645,1035000,60,17463,0.31,Salem,Business Expansion,2025-08-11,0
CUST100278,55,Male,Salaried,691000,531,1944000,24,3519,0.06,Madurai,Home,2025-12-01,1
CUST100279,45,Male,Salaried,940000,582,1580000,84,18137,0.23,Chennai,Education,2026-04-17,0
CUST100280,49,Female,Salaried,739000,763,1018000,84,14781,0.24,Chennai,Home,2024-11-02,0
CUST100281,38,Male,Salaried,706000,483,1416000,120,15955,0.27,Coimbatore,Vehicle,2024-08-01,1
CUST100282,38,Male,Salaried,902000,710,1011000,48,19404,0.26,Pondicherry,Home,2025-10-29,0
CUST100283,22,Female,Business,386000,784,295000,60,10075,0.31,Chennai,Vehicle,2026-06-26,0
CUST100284,55,Female,Salaried,677000,723,850000,48,4148,0.07,Chennai,Home,2025-11-05,0
CUST100285,36,Male,Salaried,649000,685,1545000,12,9005,0.17,Coimbatore,Vehicle,2024-12-27,0
CUST100286,61,Male,Salaried,787000,608,328000,12,18666,0.28,Salem,Vehicle,2026-02-19,0
CUST100287,56,Female,Salaried,1043000,591,823000,120,26420,0.3,Madurai,Education,2026-03-05,1
CUST100288,53,Female,Salaried,923000,447,902000,60,9955,0.13,Trichy,Vehicle,2026-05-19,1
CUST100289,24,Male,Self-Employed,680000,628,1583000,84,12783,0.23,Coimbatore,Personal,2024-10-17,1
CUST100290,53,Male,Salaried,862000,613,480000,36,7487,0.1,Chennai,Home,2026-05-09,1
CUST100291,34,Male,Self-Employed,423000,562,491000,60,10760,0.31,Chennai,Vehicle,2024-10-18,0
CUST100292,41,Male,Business,754000,648,1334000,48,16910,0.27,Pondicherry,Home,2025-04-05,0
CUST100293,40,Male,Salaried,981000,655,1918000,36,9533,0.12,Pondicherry,Business Expansion,2026-06-19,0
CUST100294,28,Female,Salaried,439000,592,1817000,120,8675,0.24,Madurai,Home,2024-08-10,1
CUST100295,27,Male,Salaried,881000,795,1833000,48,14888,0.2,Coimbatore,Personal,2025-03-09,0
CUST100296,23,Female,Self-Employed,375000,690,1328000,48,3989,0.13,Pondicherry,Vehicle,2024-12-05,0
CUST100297,37,Male,Salaried,850000,730,1534000,48,22520,0.32,Trichy,Personal,2024-09-10,0
CUST100298,53,Female,Self-Employed,974000,615,1668000,24,7658,0.09,Chennai,Vehicle,2026-07-03,1
CUST100299,32,Female,Self-Employed,696000,671,314000,36,11033,0.19,Coimbatore,Home,2025-09-18,0
CUST100300,42,Male,Self-Employed,1343000,544,564000,24,25163,0.22,Trichy,Home,2026-04-11,0
CUST100301,42,Male,Salaried,792000,709,494000,24,19606,0.3,Madurai,Education,2026-06-07,1
CUST100302,50,Male,Salaried,909000,631,272000,48,7200,0.1,Salem,Personal,2025-01-25,0
CUST100303,58,Female,Self-Employed,377000,533,811000,12,7312,0.23,Pondicherry,Vehicle,2024-10-21,0
CUST100304,58,Female,Business,1168000,647,241000,84,5058,0.05,Chennai,Personal,2025-08-21,0
CUST100305,28,Male,Business,483000,623,607000,60,11945,0.3,Trichy,Vehicle,2025-12-30,0
CUST100306,47,Male,Business,961000,859,1513000,12,9643,0.12,Coimbatore,Home,2026-06-17,0
CUST100307,47,Male,Self-Employed,1438000,664,856000,48,31908,0.27,Trichy,Personal,2025-06-29,0
CUST100308,54,Female,Self-Employed,840000,767,318000,60,16139,0.23,Madurai,Personal,2025-05-23,0
CUST100309,41,Male,Self-Employed,407000,726,1114000,84,2205,0.07,Madurai,Personal,2025-10-15,1
CUST100310,50,Male,Salaried,594000,653,700000,60,5195,0.1,Pondicherry,Education,2026-04-22,0
CUST100311,53,Male,Self-Employed,951000,585,90000,84,10328,0.13,Trichy,Home,2026-07-13,1
CUST100312,48,Male,Salaried,934000,493,1404000,48,24596,0.32,Pondicherry,Business Expansion,2025-12-08,0
CUST100313,53,Female,Salaried,994000,571,1248000,24,16089,0.19,Chennai,Personal,2026-01-11,0
CUST100314,25,Male,Self-Employed,575000,684,482000,60,15527,0.32,Coimbatore,Home,2026-03-10,0
CUST100315,39,Female,Salaried,845000,622,1522000,84,4523,0.06,Madurai,Home,2024-11-29,0
CUST100316,24,Male,Salaried,609000,683,852000,60,2637,0.05,Salem,Personal,2026-02-02,0
CUST100317,55,Male,Salaried,1052000,467,980000,60,29322,0.33,Coimbatore,Personal,2025-02-11,0
CUST100318,37,Female,Business,733000,690,372000,60,16319,0.27,Chennai,Home,2025-12-11,0
CUST100319,64,Female,Self-Employed,847000,723,949000,36,20115,0.28,Coimbatore,Vehicle,2024-12-31,0
CUST100320,48,Female,Salaried,465000,490,1353000,24,12583,0.32,Madurai,Home,2025-07-10,0
CUST100321,50,Male,Salaried,597000,683,1167000,36,17181,0.35,Pondicherry,Personal,2024-11-24,1
CUST100322,49,Male,Salaried,763000,770,913000,36,5043,0.08,Trichy,Home,2024-09-10,0
CUST100323,26,Female,Salaried,537000,801,930000,84,4362,0.1,Salem,Business Expansion,2024-11-12,0
CUST100324,55,Male,Salaried,578000,604,389000,48,5133,0.11,Pondicherry,Home,2025-04-05,1
CUST100325,61,Male,Self-Employed,1147000,695,469000,24,28247,0.3,Chennai,Education,2025-07-30,0
CUST100326,57,Female,Salaried,773000,778,1278000,12,10091,0.16,Trichy,Home,2026-06-15,0
CUST100327,44,Female,Salaried,809000,686,617000,120,15369,0.23,Trichy,Personal,2025-04-23,0
CUST100328,49,Female,Salaried,975000,765,792000,24,24908,0.31,Salem,Home,2025-08-21,0
CUST100329,51,Female,Salaried,528000,646,309000,12,11217,0.25,Chennai,Home,2024-12-27,1
CUST100330,55,Female,Salaried,998000,685,781000,84,5790,0.07,Chennai,Business Expansion,2025-02-19,0
CUST100331,53,Male,Self-Employed,673000,569,729000,84,10302,0.18,Chennai,Personal,2025-08-09,1
CUST100332,41,Male,Salaried,1055000,635,732000,60,6176,0.07,Madurai,Home,2024-08-25,0
CUST100333,52,Male,Business,371000,689,1060000,84,5987,0.19,Chennai,Home,2025-10-27,1
CUST100334,43,Male,Self-Employed,315000,562,1899000,12,3039,0.12,Trichy,Home,2025-10-31,0
CUST100335,53,Male,Salaried,636000,629,1903000,120,2670,0.05,Pondicherry,Education,2024-08-11,1
CUST100336,23,Male,Salaried,971000,718,1464000,12,23785,0.29,Coimbatore,Business Expansion,2025-04-18,0
CUST100337,38,Male,Self-Employed,1123000,809,1722000,84,31894,0.34,Madurai,Personal,2025-12-31,0
CUST100338,45,Male,Salaried,673000,465,1351000,120,19025,0.34,Salem,Personal,2025-03-13,0
CUST100339,62,Male,Self-Employed,772000,802,1845000,120,8990,0.14,Madurai,Business Expansion,2025-04-29,0
CUST100340,51,Male,Business,856000,626,945000,12,21302,0.3,Chennai,Vehicle,2024-09-15,0
CUST100341,23,Male,Salaried,429000,736,981000,60,9067,0.25,Coimbatore,Business Expansion,2025-09-12,0
CUST100342,60,Female,Self-Employed,1031000,729,530000,60,24917,0.29,Madurai,Personal,2024-08-14,0
CUST100343,44,Male,Business,926000,790,1524000,36,23448,0.3,Chennai,Home,2026-01-18,0
CUST100344,52,Male,Salaried,541000,584,340000,12,15512,0.34,Madurai,Vehicle,2025-07-31,0
CUST100345,42,Female,Self-Employed,488000,604,850000,24,3884,0.1,Salem,Personal,2025-04-11,0
CUST100346,43,Male,Salaried,428000,645,696000,48,10019,0.28,Trichy,Vehicle,2025-09-11,0
CUST100347,22,Male,Salaried,498000,617,154000,36,11215,0.27,Coimbatore,Home,2025-12-02,0
CUST100348,47,Male,Self-Employed,1252000,743,1812000,12,14222,0.14,Coimbatore,Vehicle,2024-11-20,1
CUST100349,62,Male,Self-Employed,772000,618,1450000,36,10793,0.17,Salem,Personal,2025-02-17,0
CUST100350,22,Female,Business,1140000,504,239000,84,9787,0.1,Pondicherry,Personal,2025-05-29,0
CUST100351,46,Male,Salaried,615000,593,1268000,84,16604,0.32,Coimbatore,Vehicle,2024-11-13,0
CUST100352,37,Female,Salaried,778000,507,1649000,84,20344,0.31,Coimbatore,Vehicle,2025-03-16,0
CUST100353,60,Male,Salaried,963000,629,426000,12,18795,0.23,Trichy,Vehicle,2025-09-29,0
CUST100354,53,Male,Salaried,815000,710,732000,12,13820,0.2,Coimbatore,Education,2025-12-01,0
CUST100355,29,Male,Salaried,907000,591,1091000,36,9059,0.12,Chennai,Vehicle,2026-06-30,0
CUST100356,63,Male,Salaried,471000,613,308000,12,11260,0.29,Coimbatore,Vehicle,2025-10-27,0
CUST100357,59,Male,Salaried,778000,625,876000,120,3401,0.05,Coimbatore,Vehicle,2026-06-13,0
CUST100358,49,Male,Salaried,591000,662,421000,12,9300,0.19,Chennai,Personal,2025-02-03,0
CUST100359,62,Male,Salaried,1056000,696,1775000,48,27118,0.31,Chennai,Business Expansion,2026-02-04,0
CUST100360,46,Female,Business,1116000,722,1880000,24,21905,0.24,Chennai,Personal,2025-06-19,0
CUST100361,55,Male,Self-Employed,1383000,827,1036000,60,27721,0.24,Trichy,Vehicle,2025-07-05,0
CUST100362,45,Female,Salaried,856000,661,881000,48,5079,0.07,Madurai,Home,2024-10-22,0
CUST100363,44,Female,Business,1797000,716,1018000,60,20367,0.14,Chennai,Home,2025-07-08,0
CUST100364,33,Male,Self-Employed,1271000,482,1838000,60,26707,0.25,Salem,Home,2024-12-25,1
CUST100365,27,Male,Business,941000,615,642000,24,5088,0.06,Coimbatore,Vehicle,2025-07-01,0
CUST100366,56,Male,Salaried,967000,625,109000,120,12029,0.15,Chennai,Personal,2026-05-21,0
CUST100367,40,Female,Salaried,910000,558,154000,48,11843,0.16,Chennai,Home,2026-06-10,0
CUST100368,21,Male,Business,500000,601,1499000,12,8317,0.2,Trichy,Vehicle,2025-03-11,0
CUST100369,28,Female,Salaried,680000,640,926000,24,8993,0.16,Chennai,Home,2026-03-29,0
CUST100370,36,Male,Business,1040000,604,1334000,12,16140,0.19,Chennai,Home,2025-08-11,0
CUST100371,34,Female,Business,885000,884,1840000,12,15789,0.21,Madurai,Personal,2026-06-04,0
CUST100372,32,Male,Business,1043000,696,1119000,84,7692,0.09,Madurai,Vehicle,2025-04-05,0
CUST100373,43,Female,Salaried,466000,830,693000,12,4044,0.1,Pondicherry,Personal,2025-11-07,0
CUST100374,35,Male,Salaried,565000,784,1599000,12,14113,0.3,Pondicherry,Business Expansion,2025-09-28,0
CUST100375,48,Male,Salaried,1031000,592,1550000,48,16146,0.19,Salem,Personal,2025-04-25,1
CUST100376,54,Male,Business,901000,653,316000,60,11753,0.16,Chennai,Home,2026-06-01,0
CUST100377,22,Male,Salaried,515000,610,1005000,60,7732,0.18,Chennai,Home,2026-03-05,0
CUST100378,52,Female,Self-Employed,1044000,610,1607000,48,8912,0.1,Salem,Education,2026-06-13,0
CUST100379,43,Male,Salaried,564000,562,1179000,60,5731,0.12,Trichy,Personal,2025-09-02,1
CUST100380,42,Male,Salaried,778000,610,1590000,84,13268,0.2,Trichy,Personal,2025-04-18,0
CUST100381,45,Female,Salaried,622000,682,1766000,24,8172,0.16,Chennai,Education,2025-09-24,1
CUST100382,42,Male,Salaried,459000,679,1469000,12,7368,0.19,Chennai,Home,2025-10-17,0
CUST100383,42,Male,Business,1033000,672,1222000,12,8170,0.09,Chennai,Personal,2025-10-15,0
CUST100384,62,Female,Salaried,670000,644,1920000,120,5412,0.1,Coimbatore,Vehicle,2026-07-28,0
CUST100385,26,Male,Business,1632000,727,329000,84,22464,0.17,Chennai,Business Expansion,2025-11-23,0
CUST100386,35,Female,Self-Employed,368000,601,574000,12,5018,0.16,Coimbatore,Vehicle,2026-03-13,0
CUST100387,63,Male,Self-Employed,379000,750,913000,36,9948,0.31,Madurai,Business Expansion,2025-10-21,0
CUST100388,57,Male,Self-Employed,661000,458,75000,24,3306,0.06,Chennai,Vehicle,2026-07-06,0
CUST100389,53,Female,Salaried,906000,709,601000,36,26263,0.35,Chennai,Business Expansion,2025-06-04,0
CUST100390,28,Female,Salaried,880000,693,1355000,48,24710,0.34,Coimbatore,Vehicle,2026-05-11,0
CUST100391,64,Male,Self-Employed,549000,564,1557000,36,9729,0.21,Chennai,Home,2024-12-22,1
CUST100392,64,Female,Salaried,817000,618,847000,60,18084,0.27,Chennai,Personal,2026-01-29,0
CUST100393,25,Male,Salaried,1035000,691,1137000,60,28512,0.33,Chennai,Vehicle,2025-06-26,0
CUST100394,59,Male,Salaried,485000,732,160000,24,5066,0.13,Coimbatore,Vehicle,2025-01-08,0
CUST100395,24,Female,Self-Employed,346000,467,1914000,36,4171,0.14,Trichy,Home,2025-06-03,0
CUST100396,26,Male,Salaried,421000,706,1161000,36,2921,0.08,Chennai,Home,2025-06-13,1
CUST100397,52,Male,Salaried,1034000,608,1709000,12,18883,0.22,Trichy,Home,2026-03-14,0
CUST100398,50,Female,Salaried,637000,751,471000,24,5193,0.1,Pondicherry,Education,2024-12-05,0
CUST100399,55,Female,Business,837000,484,1731000,12,22965,0.33,Trichy,Home,2025-10-30,0
CUST100400,60,Male,Salaried,996000,870,954000,24,14896,0.18,Chennai,Personal,2024-08-04,0
CUST100401,36,Male,Self-Employed,991000,545,775000,120,26914,0.33,Coimbatore,Vehicle,2025-12-05,0
CUST100402,33,Male,Self-Employed,1157000,753,1513000,24,10753,0.11,Trichy,Business Expansion,2025-08-21,0
CUST100403,62,Female,Self-Employed,929000,618,1201000,36,19989,0.26,Salem,Business Expansion,2025-12-18,0
CUST100404,50,Female,Salaried,988000,576,343000,84,20112,0.24,Salem,Education,2025-02-02,0
CUST100405,39,Male,Self-Employed,1111000,648,1222000,12,15730,0.17,Coimbatore,Vehicle,2024-10-01,1
CUST100406,37,Male,Salaried,837000,742,1400000,48,22285,0.32,Madurai,Business Expansion,2025-05-08,0
CUST100407,39,Male,Salaried,483000,510,1213000,12,7262,0.18,Pondicherry,Home,2025-05-08,0
CUST100408,48,Female,Self-Employed,764000,688,853000,48,6973,0.11,Pondicherry,Personal,2026-04-27,0
CUST100409,46,Female,Self-Employed,364000,623,1195000,60,10407,0.34,Coimbatore,Business Expansion,2025-07-28,1
CUST100410,57,Female,Self-Employed,1122000,676,1596000,24,17058,0.18,Chennai,Personal,2025-01-30,0
CUST100411,46,Female,Business,1630000,650,433000,120,15270,0.11,Chennai,Business Expansion,2024-12-09,1
CUST100412,43,Male,Salaried,981000,598,332000,12,13005,0.16,Madurai,Personal,2026-05-31,1
CUST100413,29,Male,Business,1484000,549,813000,24,28944,0.23,Trichy,Personal,2025-02-02,0
CUST100414,32,Male,Salaried,488000,710,1520000,84,8280,0.2,Salem,Personal,2025-08-30,0
CUST100415,21,Male,Self-Employed,974000,685,1016000,12,19523,0.24,Pondicherry,Personal,2026-05-23,1
CUST100416,21,Male,Salaried,997000,709,243000,60,20650,0.25,Chennai,Home,2024-09-12,1
CUST100417,54,Male,Salaried,620000,688,891000,12,4495,0.09,Trichy,Home,2024-08-04,0
CUST100418,52,Female,Salaried,452000,735,1780000,60,5441,0.14,Chennai,Business Expansion,2025-06-21,0
CUST100419,45,Female,Salaried,635000,776,1666000,24,14531,0.27,Trichy,Education,2025-02-14,0
CUST100420,60,Male,Salaried,710000,481,668000,120,14502,0.25,Trichy,Home,2025-07-25,0
CUST100421,21,Male,Salaried,686000,439,1069000,36,4373,0.08,Chennai,Personal,2024-08-06,1
CUST100422,36,Male,Salaried,851000,804,1906000,84,10250,0.14,Chennai,Personal,2026-05-24,0
CUST100423,59,Female,Self-Employed,1200000,504,255000,120,32939,0.33,Chennai,Personal,2025-01-11,1
CUST100424,25,Female,Salaried,518000,552,1794000,48,13321,0.31,Chennai,Vehicle,2026-06-21,1
CUST100425,42,Female,Salaried,868000,624,688000,24,18169,0.25,Pondicherry,Personal,2026-02-21,0
CUST100426,49,Male,Salaried,990000,501,1619000,84,5928,0.07,Chennai,Personal,2026-07-12,0
CUST100427,23,Male,Salaried,502000,615,113000,84,9710,0.23,Chennai,Business Expansion,2026-03-22,0
CUST100428,32,Male,Business,1277000,564,1090000,36,5709,0.05,Chennai,Personal,2025-08-14,1
CUST100429,46,Female,Business,1282000,628,1508000,24,26530,0.25,Pondicherry,Personal,2025-01-26,0
CUST100430,36,Female,Salaried,605000,675,1834000,24,13580,0.27,Coimbatore,Vehicle,2026-03-13,0
CUST100431,57,Female,Self-Employed,675000,594,1178000,12,11203,0.2,Chennai,Vehicle,2024-09-16,1
CUST100432,42,Male,Self-Employed,720000,589,1513000,60,3068,0.05,Trichy,Vehicle,2025-10-11,0
CUST100433,49,Female,Salaried,1075000,673,1930000,120,22394,0.25,Coimbatore,Vehicle,2026-05-08,1
CUST100434,34,Female,Self-Employed,1269000,718,1693000,60,31293,0.3,Coimbatore,Vehicle,2026-05-27,0
CUST100435,48,Male,Salaried,597000,794,1807000,12,11231,0.23,Trichy,Personal,2025-08-22,0
CUST100436,25,Male,Salaried,704000,630,1761000,12,15415,0.26,Chennai,Personal,2026-04-19,0
CUST100437,50,Female,Salaried,582000,814,277000,24,3739,0.08,Pondicherry,Vehicle,2024-09-22,0
CUST100438,25,Male,Salaried,1069000,728,751000,60,23571,0.26,Madurai,Business Expansion,2025-05-14,0
CUST100439,32,Female,Self-Employed,613000,514,444000,120,11966,0.23,Madurai,Personal,2025-08-18,0
CUST100440,36,Female,Salaried,877000,536,1286000,24,10911,0.15,Chennai,Personal,2026-03-02,1
CUST100441,46,Female,Salaried,1055000,598,1989000,120,22471,0.26,Pondicherry,Vehicle,2025-07-03,0
CUST100442,46,Female,Salaried,1009000,780,782000,120,20488,0.24,Madurai,Home,2025-01-30,0
CUST100443,41,Female,Self-Employed,1061000,579,1909000,36,20321,0.23,Chennai,Home,2025-03-19,0
CUST100444,59,Female,Business,998000,479,1747000,36,8722,0.1,Chennai,Personal,2025-10-24,0
CUST100445,56,Male,Self-Employed,878000,604,347000,120,10160,0.14,Coimbatore,Home,2025-08-24,0
CUST100446,53,Male,Salaried,733000,471,1498000,12,21221,0.35,Pondicherry,Personal,2025-08-28,1
CUST100447,50,Male,Self-Employed,1324000,530,1070000,60,19852,0.18,Salem,Home,2025-05-12,1
CUST100448,57,Female,Salaried,475000,597,810000,36,2684,0.07,Trichy,Business Expansion,2025-01-10,1
CUST100449,43,Male,Salaried,837000,663,751000,120,22299,0.32,Madurai,Personal,2024-11-12,0
CUST100450,30,Male,Salaried,466000,742,1474000,60,3956,0.1,Chennai,Vehicle,2025-01-10,1
CUST100451,25,Male,Salaried,490000,712,573000,120,6984,0.17,Trichy,Vehicle,2025-06-02,1
CUST100452,56,Female,Self-Employed,963000,518,1653000,60,10705,0.13,Salem,Personal,2025-04-28,1
CUST100453,54,Female,Business,1223000,616,602000,48,34566,0.34,Coimbatore,Home,2026-01-23,1
CUST100454,51,Female,Self-Employed,849000,631,1471000,36,11562,0.16,Chennai,Vehicle,2025-09-13,0
CUST100455,30,Male,Salaried,997000,626,1333000,36,21818,0.26,Chennai,Home,2024-10-14,1
CUST100456,39,Female,Salaried,441000,625,175000,24,8434,0.23,Chennai,Home,2025-11-28,0
CUST100457,52,Female,Salaried,1050000,494,275000,120,5503,0.06,Madurai,Home,2025-06-09,0
CUST100458,21,Male,Self-Employed,487000,521,771000,24,6708,0.17,Salem,Home,2024-11-20,1
CUST100459,25,Male,Self-Employed,1217000,588,382000,120,16937,0.17,Chennai,Business Expansion,2025-04-05,0
CUST100460,24,Male,Business,1059000,371,379000,84,30618,0.35,Coimbatore,Vehicle,2025-12-04,0
CUST100461,36,Female,Salaried,574000,707,959000,60,14042,0.29,Madurai,Personal,2026-02-21,1
CUST100462,44,Male,Business,1384000,526,1338000,120,35406,0.31,Salem,Education,2026-05-14,1
CUST100463,36,Male,Self-Employed,532000,686,220000,12,6386,0.14,Coimbatore,Home,2025-11-23,1
CUST100464,22,Female,Business,397000,703,965000,24,4920,0.15,Chennai,Vehicle,2025-06-21,0
CUST100465,48,Male,Self-Employed,642000,576,50000,24,10950,0.2,Chennai,Business Expansion,2025-07-28,0
CUST100466,52,Male,Self-Employed,343000,715,925000,84,6840,0.24,Coimbatore,Business Expansion,2025-11-28,0
CUST100467,47,Female,Self-Employed,476000,691,910000,84,10650,0.27,Pondicherry,Home,2025-09-25,0
CUST100468,40,Male,Self-Employed,1329000,597,1794000,60,32808,0.3,Chennai,Vehicle,2025-09-13,1
CUST100469,44,Female,Salaried,685000,612,290000,84,17807,0.31,Madurai,Home,2025-09-12,1
CUST100470,32,Male,Salaried,728000,748,633000,36,3481,0.06,Madurai,Personal,2024-12-08,0
CUST100471,55,Female,Salaried,560000,670,1858000,24,13478,0.29,Coimbatore,Personal,2024-12-03,1
CUST100472,53,Female,Salaried,437000,744,650000,12,8494,0.23,Chennai,Business Expansion,2026-07-14,0
CUST100473,53,Male,Self-Employed,543000,409,69000,60,9485,0.21,Salem,Home,2025-05-11,1
CUST100474,63,Female,Salaried,1066000,658,1388000,36,21190,0.24,Madurai,Home,2025-02-04,0
CUST100475,57,Female,Salaried,955000,508,522000,48,25035,0.31,Trichy,Home,2025-10-12,1
CUST100476,32,Female,Salaried,846000,647,190000,12,15057,0.21,Trichy,Home,2024-09-13,0
CUST100477,23,Female,Self-Employed,1047000,689,1962000,84,8607,0.1,Salem,Home,2026-01-04,1
CUST100478,21,Female,Salaried,1071000,806,1406000,120,16157,0.18,Coimbatore,Education,2024-08-05,0
CUST100479,53,Male,Salaried,740000,565,736000,36,20185,0.33,Coimbatore,Personal,2025-08-11,0
CUST100480,60,Male,Salaried,840000,602,99000,60,20604,0.29,Coimbatore,Home,2025-01-22,0
CUST100481,30,Female,Salaried,1006000,641,1679000,120,9298,0.11,Coimbatore,Vehicle,2025-01-06,0
CUST100482,63,Male,Business,602000,562,1534000,48,13256,0.26,Chennai,Business Expansion,2025-04-01,0
CUST100483,64,Male,Salaried,1029000,738,1753000,84,10878,0.13,Salem,Business Expansion,2024-08-29,0
CUST100484,49,Male,Self-Employed,1119000,618,440000,84,14412,0.15,Pondicherry,Vehicle,2025-08-22,0
CUST100485,33,Male,Self-Employed,1314000,635,1128000,12,20878,0.19,Coimbatore,Home,2025-01-01,0
CUST100486,32,Male,Business,1561000,705,1124000,24,23709,0.18,Coimbatore,Business Expansion,2026-03-30,0
CUST100487,51,Female,Salaried,983000,643,539000,24,4815,0.06,Chennai,Personal,2024-08-02,0
CUST100488,22,Male,Salaried,525000,576,1405000,12,12346,0.28,Pondicherry,Vehicle,2025-07-01,0
CUST100489,55,Male,Salaried,433000,644,1971000,24,10966,0.3,Coimbatore,Education,2025-11-04,1
CUST100490,43,Female,Salaried,559000,572,319000,60,9749,0.21,Madurai,Business Expansion,2026-03-27,0
CUST100491,37,Female,Self-Employed,425000,634,411000,12,3608,0.1,Salem,Business Expansion,2024-09-25,0
CUST100492,46,Male,Salaried,544000,739,194000,12,5638,0.12,Coimbatore,Home,2025-09-02,0
CUST100493,28,Male,Salaried,972000,544,638000,120,7119,0.09,Pondicherry,Personal,2025-06-28,0
CUST100494,49,Female,Business,373000,512,1202000,84,3134,0.1,Coimbatore,Education,2026-01-09,0
CUST100495,46,Female,Self-Employed,389000,629,424000,24,10143,0.31,Trichy,Vehicle,2026-03-20,0
CUST100496,30,Female,Salaried,564000,580,1578000,84,9120,0.19,Coimbatore,Home,2025-08-09,0
CUST100497,46,Female,Salaried,734000,652,1696000,12,5095,0.08,Coimbatore,Vehicle,2024-09-14,1
CUST100498,54,Female,Salaried,900000,678,1074000,48,9481,0.13,Salem,Home,2026-01-14,0
CUST100499,61,Male,Business,533000,457,1440000,12,14872,0.33,Madurai,Vehicle,2024-12-02,1
CUST100500,27,Female,Business,1497000,712,587000,24,25296,0.2,Coimbatore,Business Expansion,2026-05-20,0
CUST100501,24,Male,Business,1407000,544,1701000,24,23999,0.2,Chennai,Personal,2025-03-18,0
CUST100502,31,Female,Business,805000,647,1568000,24,13932,0.21,Chennai,Personal,2025-07-01,0
CUST100503,49,Female,Salaried,487000,590,1247000,24,3388,0.08,Trichy,Personal,2026-02-24,0
CUST100504,56,Male,Salaried,635000,600,1598000,120,18049,0.34,Coimbatore,Business Expansion,2024-11-29,1
CUST100505,45,Male,Salaried,781000,802,1107000,60,4903,0.08,Pondicherry,Personal,2025-04-13,0
CUST100506,41,Male,Self-Employed,524000,653,367000,120,11353,0.26,Coimbatore,Vehicle,2026-07-17,1
CUST100507,56,Male,Business,362000,731,1817000,24,2031,0.07,Coimbatore,Vehicle,2025-11-25,0
CUST100508,30,Female,Salaried,804000,663,634000,48,12266,0.18,Pondicherry,Personal,2025-12-30,0
CUST100509,57,Male,Salaried,908000,705,612000,12,24206,0.32,Madurai,Personal,2025-06-10,0
CUST100510,29,Female,Business,1146000,687,1284000,36,26790,0.28,Pondicherry,Vehicle,2025-07-03,1
CUST100511,44,Male,Salaried,756000,672,1800000,36,9475,0.15,Madurai,Education,2024-10-16,0
CUST100512,55,Female,Business,1457000,749,602000,60,26153,0.22,Chennai,Home,2026-05-15,0
CUST100513,55,Female,Salaried,527000,664,360000,36,4373,0.1,Madurai,Home,2024-11-08,0
CUST100514,56,Female,Salaried,458000,855,973000,24,12855,0.34,Chennai,Personal,2026-07-21,0
CUST100515,38,Male,Salaried,883000,736,143000,36,19323,0.26,Coimbatore,Vehicle,2025-05-23,0
CUST100516,59,Female,Self-Employed,1107000,522,238000,120,14971,0.16,Chennai,Personal,2026-07-08,0
CUST100517,52,Male,Self-Employed,1053000,609,696000,48,12757,0.15,Trichy,Education,2026-06-23,1
CUST100518,44,Male,Salaried,429000,685,1791000,84,4346,0.12,Chennai,Home,2025-04-15,0
CUST100519,43,Male,Business,707000,654,1587000,24,16847,0.29,Chennai,Home,2025-10-11,0
CUST100520,52,Male,Self-Employed,1064000,686,253000,36,15994,0.18,Coimbatore,Home,2026-07-08,0
CUST100521,57,Female,Self-Employed,486000,696,1564000,24,6037,0.15,Chennai,Business Expansion,2026-05-13,1
CUST100522,32,Male,Salaried,1058000,527,1826000,60,28351,0.32,Chennai,Home,2026-01-05,0
CUST100523,33,Female,Business,1543000,765,1843000,48,12223,0.1,Coimbatore,Personal,2026-01-22,1
CUST100524,43,Female,Salaried,468000,605,1741000,12,5036,0.13,Chennai,Personal,2024-11-27,1
CUST100525,45,Male,Salaried,565000,596,103000,84,7223,0.15,Chennai,Vehicle,2025-08-30,0
CUST100526,55,Female,Salaried,672000,596,1549000,24,7165,0.13,Chennai,Home,2025-12-10,0
CUST100527,61,Male,Salaried,763000,722,1021000,48,14345,0.23,Pondicherry,Vehicle,2025-04-06,0
CUST100528,50,Male,Business,628000,625,143000,60,12052,0.23,Trichy,Personal,2024-08-07,0
CUST100529,37,Male,Salaried,788000,590,363000,60,4361,0.07,Madurai,Education,2025-09-17,0
CUST100530,40,Female,Salaried,985000,611,1646000,48,7663,0.09,Salem,Business Expansion,2025-10-10,1
CUST100531,45,Female,Business,734000,488,409000,36,6701,0.11,Chennai,Personal,2026-05-17,0
CUST100532,42,Male,Self-Employed,801000,549,217000,48,4745,0.07,Coimbatore,Education,2026-01-01,1
CUST100533,33,Male,Self-Employed,944000,513,1031000,120,6877,0.09,Pondicherry,Home,2025-10-26,0
CUST100534,39,Female,Salaried,634000,625,1859000,36,6440,0.12,Madurai,Business Expansion,2026-02-18,0
CUST100535,56,Male,Self-Employed,1125000,684,447000,36,14408,0.15,Salem,Personal,2024-08-20,0
CUST100536,32,Female,Salaried,1060000,699,586000,48,25386,0.29,Salem,Personal,2024-08-03,0
CUST100537,61,Male,Business,921000,763,443000,60,8854,0.12,Chennai,Home,2025-09-17,1
CUST100538,39,Male,Self-Employed,565000,718,1429000,12,11818,0.25,Salem,Personal,2024-08-20,1
CUST100539,32,Female,Self-Employed,625000,577,97000,12,3508,0.07,Salem,Home,2025-10-19,1
CUST100540,29,Male,Salaried,622000,651,1505000,48,12827,0.25,Coimbatore,Vehicle,2025-03-15,1
CUST100541,27,Female,Salaried,982000,647,750000,24,23602,0.29,Salem,Home,2025-07-12,0
CUST100542,48,Female,Salaried,908000,456,102000,48,17512,0.23,Chennai,Vehicle,2026-07-31,0
CUST100543,34,Male,Salaried,975000,540,290000,12,8971,0.11,Trichy,Vehicle,2026-06-08,0
CUST100544,51,Male,Salaried,721000,634,954000,84,8959,0.15,Chennai,Vehicle,2025-07-06,0
CUST100545,39,Female,Self-Employed,835000,609,1468000,48,20287,0.29,Chennai,Vehicle,2024-09-20,0
CUST100546,36,Female,Salaried,894000,696,1100000,84,13379,0.18,Madurai,Home,2025-08-08,0
CUST100547,25,Male,Self-Employed,1083000,666,1132000,84,11422,0.13,Coimbatore,Home,2026-06-13,0
CUST100548,55,Female,Salaried,752000,490,1259000,120,20667,0.33,Trichy,Personal,2025-07-19,0
CUST100549,32,Male,Salaried,983000,696,1214000,84,19758,0.24,Madurai,Education,2024-08-30,0
CUST100550,45,Male,Self-Employed,955000,641,1010000,60,23215,0.29,Coimbatore,Vehicle,2025-11-21,0
CUST100551,41,Female,Self-Employed,772000,681,1980000,12,3689,0.06,Chennai,Vehicle,2025-04-01,0
CUST100552,56,Male,Salaried,926000,746,1130000,12,11713,0.15,Madurai,Business Expansion,2026-02-08,0
CUST100553,43,Female,Salaried,1029000,637,1780000,12,16092,0.19,Pondicherry,Education,2026-07-28,0
CUST100554,36,Male,Self-Employed,715000,737,499000,60,13479,0.23,Madurai,Personal,2025-09-12,0
CUST100555,59,Female,Salaried,1004000,569,1951000,12,8951,0.11,Madurai,Personal,2025-09-19,0
CUST100556,62,Male,Salaried,429000,564,1179000,24,7128,0.2,Madurai,Business Expansion,2024-08-23,0
CUST100557,59,Male,Self-Employed,595000,663,1353000,12,12677,0.26,Coimbatore,Business Expansion,2024-09-22,0
CUST100558,34,Female,Salaried,854000,616,1541000,48,10942,0.15,Coimbatore,Vehicle,2024-09-11,1
CUST100559,51,Male,Salaried,1042000,673,482000,24,22353,0.26,Salem,Vehicle,2026-06-07,1
CUST100560,25,Male,Business,429000,829,1753000,36,5966,0.17,Trichy,Vehicle,2026-04-08,0
CUST100561,55,Male,Self-Employed,1271000,660,896000,12,20213,0.19,Coimbatore,Personal,2025-01-09,0
CUST100562,43,Male,Salaried,604000,669,1831000,120,4544,0.09,Coimbatore,Business Expansion,2025-01-01,1
CUST100563,49,Female,Salaried,789000,571,1015000,36,16133,0.25,Madurai,Vehicle,2025-06-23,0
CUST100564,63,Male,Salaried,872000,497,1413000,36,8522,0.12,Trichy,Home,2025-09-13,1
CUST100565,31,Male,Business,1738000,643,1799000,60,43255,0.3,Coimbatore,Home,2025-12-28,0
CUST100566,38,Male,Self-Employed,316000,721,1587000,48,5688,0.22,Trichy,Business Expansion,2025-08-08,0
CUST100567,32,Male,Salaried,605000,620,1472000,84,10994,0.22,Coimbatore,Vehicle,2026-02-06,0
CUST100568,29,Male,Salaried,449000,686,1889000,48,12113,0.32,Coimbatore,Personal,2025-11-09,0
CUST100569,30,Male,Salaried,764000,778,915000,36,6380,0.1,Pondicherry,Home,2026-02-17,0
CUST100570,64,Male,Salaried,779000,776,231000,60,13572,0.21,Coimbatore,Vehicle,2025-12-07,0
CUST100571,37,Female,Self-Employed,990000,663,1375000,24,13584,0.16,Salem,Home,2026-01-07,0
CUST100572,58,Female,Salaried,908000,665,232000,120,25718,0.34,Chennai,Personal,2025-10-24,0
CUST100573,27,Male,Salaried,1005000,513,1583000,12,24104,0.29,Chennai,Vehicle,2026-04-16,0
CUST100574,33,Male,Salaried,701000,593,1168000,84,16196,0.28,Coimbatore,Vehicle,2024-09-25,0
CUST100575,60,Male,Salaried,704000,624,1487000,24,6525,0.11,Pondicherry,Education,2024-11-12,0
CUST100576,62,Male,Salaried,880000,573,205000,12,8887,0.12,Trichy,Home,2025-01-22,0
CUST100577,29,Male,Self-Employed,1288000,647,1765000,36,6306,0.06,Chennai,Home,2025-06-18,0
CUST100578,47,Male,Self-Employed,1398000,797,146000,60,28141,0.24,Chennai,Home,2024-10-07,0
CUST100579,22,Male,Business,693000,786,986000,120,9312,0.16,Madurai,Home,2026-01-07,1
CUST100580,25,Male,Business,1501000,671,1442000,60,17963,0.14,Chennai,Home,2025-12-05,0
CUST100581,49,Male,Self-Employed,870000,695,838000,84,17480,0.24,Coimbatore,Vehicle,2025-06-28,0
CUST100582,57,Male,Self-Employed,1114000,559,287000,84,27720,0.3,Madurai,Personal,2026-06-04,0
CUST100583,58,Male,Business,418000,781,1928000,48,3131,0.09,Madurai,Education,2026-06-09,0
CUST100584,39,Male,Salaried,922000,509,1883000,84,25016,0.33,Chennai,Home,2025-05-26,1
CUST100585,28,Male,Salaried,899000,732,62000,48,4516,0.06,Chennai,Vehicle,2024-09-12,0
CUST100586,21,Male,Salaried,1015000,694,1374000,24,6642,0.08,Coimbatore,Education,2025-02-15,0
CUST100587,42,Male,Self-Employed,1148000,556,907000,84,28837,0.3,Chennai,Home,2026-05-06,1
CUST100588,37,Male,Self-Employed,672000,606,231000,48,11077,0.2,Madurai,Personal,2024-10-31,0
CUST100589,27,Male,Salaried,507000,547,1988000,12,14017,0.33,Pondicherry,Vehicle,2025-12-03,0
CUST100590,45,Male,Salaried,783000,551,1228000,60,12299,0.19,Chennai,Vehicle,2026-01-26,0
CUST100591,24,Male,Salaried,656000,506,812000,60,17921,0.33,Chennai,Vehicle,2024-09-05,0
CUST100592,56,Male,Salaried,453000,719,1464000,36,4601,0.12,Chennai,Personal,2025-05-09,0
CUST100593,26,Female,Salaried,844000,758,842000,36,16523,0.23,Pondicherry,Vehicle,2025-02-21,1
CUST100594,51,Male,Salaried,442000,455,226000,84,12830,0.35,Chennai,Vehicle,2026-05-24,1
CUST100595,39,Male,Salaried,899000,815,921000,84,12197,0.16,Salem,Home,2026-05-13,0
CUST100596,64,Female,Business,473000,648,981000,24,1988,0.05,Coimbatore,Education,2025-01-20,0
CUST100597,59,Male,Business,1742000,676,632000,120,10047,0.07,Coimbatore,Vehicle,2026-06-07,0
CUST100598,47,Male,Business,417000,517,936000,36,10693,0.31,Chennai,Personal,2026-04-06,0
CUST100599,30,Female,Self-Employed,1180000,743,1669000,12,19427,0.2,Madurai,Business Expansion,2025-05-17,0
CUST100600,46,Female,Self-Employed,1384000,643,1993000,120,24337,0.21,Madurai,Vehicle,2025-09-22,0
CUST100601,39,Male,Self-Employed,686000,727,1774000,48,16568,0.29,Madurai,Home,2025-05-15,0
CUST100602,59,Male,Self-Employed,424000,734,1677000,48,10369,0.29,Coimbatore,Personal,2024-11-10,0
CUST100603,23,Male,Self-Employed,1297000,745,930000,24,20884,0.19,Coimbatore,Business Expansion,2026-05-27,1
CUST100604,33,Male,Salaried,777000,591,118000,48,19905,0.31,Coimbatore,Vehicle,2025-10-25,0
CUST100605,48,Male,Salaried,469000,631,357000,60,7446,0.19,Coimbatore,Education,2024-11-29,0
CUST100606,40,Male,Self-Employed,1213000,569,1749000,48,25524,0.25,Coimbatore,Home,2024-09-26,0
CUST100607,48,Male,Salaried,890000,730,1040000,36,4450,0.06,Trichy,Home,2024-11-15,0
CUST100608,28,Female,Salaried,455000,679,740000,60,3465,0.09,Chennai,Personal,2025-03-27,0
CUST100609,61,Female,Salaried,574000,746,1618000,36,14609,0.31,Coimbatore,Vehicle,2025-09-17,0
CUST100610,59,Male,Salaried,673000,750,102000,120,8072,0.14,Coimbatore,Home,2024-08-21,0
CUST100611,21,Female,Business,750000,494,265000,36,9401,0.15,Chennai,Business Expansion,2026-03-08,0
CUST100612,23,Male,Salaried,544000,771,763000,24,11283,0.25,Madurai,Home,2026-01-15,1
CUST100613,33,Female,Salaried,1038000,735,87000,120,19701,0.23,Chennai,Home,2025-09-20,0
CUST100614,48,Male,Salaried,439000,616,1501000,24,2731,0.07,Chennai,Education,2025-05-25,0
CUST100615,45,Male,Business,1253000,681,1058000,60,29208,0.28,Salem,Personal,2024-08-11,1
CUST100616,53,Male,Self-Employed,946000,613,1334000,120,18538,0.24,Coimbatore,Education,2026-02-21,1
CUST100617,58,Male,Self-Employed,606000,680,1447000,48,15483,0.31,Coimbatore,Home,2025-07-20,0
CUST100618,26,Male,Business,1228000,616,80000,84,21556,0.21,Pondicherry,Home,2024-10-25,0
CUST100619,64,Female,Salaried,638000,693,442000,84,9266,0.17,Chennai,Business Expansion,2026-05-18,0
CUST100620,52,Female,Salaried,1026000,656,849000,12,13799,0.16,Pondicherry,Business Expansion,2025-03-13,0
CUST100621,41,Male,Salaried,1027000,611,474000,48,4392,0.05,Chennai,Personal,2025-02-10,0
CUST100622,36,Male,Self-Employed,406000,642,1078000,60,2095,0.06,Madurai,Home,2024-11-11,0
CUST100623,41,Male,Self-Employed,1282000,868,740000,12,9546,0.09,Trichy,Vehicle,2026-06-05,0
CUST100624,31,Female,Salaried,1039000,588,1127000,36,28473,0.33,Salem,Home,2025-05-29,0
CUST100625,57,Female,Salaried,957000,627,1804000,36,25057,0.31,Madurai,Business Expansion,2024-09-17,1
CUST100626,56,Female,Salaried,720000,589,1577000,12,11949,0.2,Coimbatore,Home,2025-05-20,0
CUST100627,55,Female,Self-Employed,570000,574,1869000,36,4942,0.1,Madurai,Business Expansion,2024-08-22,0
CUST100628,39,Male,Salaried,610000,723,1581000,48,4769,0.09,Chennai,Personal,2026-05-09,0
CUST100629,40,Male,Salaried,531000,714,829000,24,5612,0.13,Trichy,Vehicle,2025-01-22,0
CUST100630,38,Male,Salaried,1060000,649,1526000,84,28497,0.32,Chennai,Business Expansion,2025-06-29,0
CUST100631,61,Female,Self-Employed,1098000,717,249000,120,18889,0.21,Madurai,Home,2024-08-17,0
CUST100632,34,Male,Self-Employed,621000,696,1346000,48,15070,0.29,Trichy,Business Expansion,2025-08-31,1
CUST100633,35,Male,Salaried,721000,635,825000,36,12138,0.2,Pondicherry,Home,2026-07-11,1
CUST100634,51,Female,Self-Employed,1167000,486,275000,24,22643,0.23,Coimbatore,Personal,2024-10-15,1
CUST100635,21,Male,Salaried,608000,724,520000,48,11806,0.23,Pondicherry,Personal,2025-02-19,0
CUST100636,23,Male,Business,518000,665,67000,84,2564,0.06,Chennai,Business Expansion,2025-03-21,1
CUST100637,36,Female,Salaried,921000,652,1828000,36,14089,0.18,Chennai,Home,2026-06-02,0
CUST100638,43,Male,Self-Employed,1337000,583,678000,48,34451,0.31,Madurai,Vehicle,2024-11-23,0
CUST100639,31,Male,Salaried,855000,717,59000,36,14016,0.2,Madurai,Vehicle,2024-11-04,1
CUST100640,32,Female,Salaried,963000,681,1112000,60,14493,0.18,Trichy,Personal,2026-05-02,0
CUST100641,30,Female,Self-Employed,1145000,603,90000,12,19843,0.21,Trichy,Home,2025-05-01,0
CUST100642,52,Female,Salaried,630000,539,669000,36,8622,0.16,Chennai,Personal,2025-08-11,0
CUST100643,36,Male,Salaried,602000,746,93000,84,10265,0.2,Madurai,Home,2025-06-30,0
CUST100644,28,Male,Salaried,871000,704,246000,48,6576,0.09,Chennai,Personal,2026-03-13,1
CUST100645,58,Female,Salaried,709000,672,348000,120,20111,0.34,Chennai,Business Expansion,2025-07-15,0
CUST100646,32,Male,Salaried,983000,410,258000,84,4934,0.06,Chennai,Business Expansion,2025-12-12,0
CUST100647,44,Male,Salaried,918000,646,508000,36,14914,0.19,Trichy,Personal,2025-01-23,0
CUST100648,48,Female,Self-Employed,925000,603,928000,36,8710,0.11,Madurai,Vehicle,2026-05-01,0
CUST100649,28,Male,Self-Employed,414000,569,1761000,84,2328,0.07,Chennai,Home,2026-07-11,0
CUST100650,48,Male,Salaried,905000,717,1860000,48,18515,0.25,Madurai,Vehicle,2025-07-29,0
CUST100651,56,Male,Self-Employed,1363000,689,838000,48,39249,0.35,Coimbatore,Education,2026-07-17,0
CUST100652,46,Male,Business,884000,689,1309000,24,20249,0.27,Pondicherry,Personal,2024-09-14,1
CUST100653,28,Male,Salaried,797000,743,564000,120,8382,0.13,Madurai,Vehicle,2025-08-14,0
CUST100654,48,Male,Salaried,573000,557,1433000,84,9455,0.2,Chennai,Business Expansion,2025-10-04,0
CUST100655,48,Female,Self-Employed,1174000,584,1897000,84,6352,0.06,Salem,Vehicle,2026-06-07,0
CUST100656,57,Female,Self-Employed,1031000,631,432000,36,17999,0.21,Chennai,Personal,2026-04-02,1
CUST100657,61,Male,Salaried,892000,594,1500000,60,5934,0.08,Trichy,Home,2025-06-03,0
CUST100658,56,Male,Salaried,834000,715,1970000,12,20042,0.29,Coimbatore,Personal,2025-09-20,0
CUST100659,47,Male,Salaried,838000,603,1417000,84,4679,0.07,Chennai,Home,2025-03-31,0
CUST100660,37,Male,Business,963000,766,1327000,36,4237,0.05,Trichy,Vehicle,2026-05-17,0
CUST100661,29,Female,Salaried,826000,566,597000,48,21232,0.31,Chennai,Personal,2024-12-15,0
CUST100662,53,Female,Business,1398000,841,556000,24,38766,0.33,Pondicherry,Business Expansion,2024-09-27,0
CUST100663,40,Female,Salaried,477000,832,1591000,36,3019,0.08,Chennai,Home,2025-01-16,1
CUST100664,33,Male,Salaried,524000,641,379000,60,5837,0.13,Coimbatore,Personal,2026-04-12,0
CUST100665,48,Male,Salaried,753000,753,1056000,48,17099,0.27,Trichy,Vehicle,2025-11-05,1
CUST100666,49,Male,Self-Employed,516000,588,537000,60,9111,0.21,Chennai,Home,2025-09-14,0
CUST100667,33,Male,Salaried,778000,741,863000,60,21704,0.33,Coimbatore,Vehicle,2025-08-19,1
CUST100668,55,Female,Salaried,601000,634,531000,84,8351,0.17,Pondicherry,Home,2025-10-19,0
CUST100669,26,Female,Business,1778000,534,521000,12,7556,0.05,Trichy,Home,2026-02-07,0
CUST100670,38,Male,Business,1556000,332,1992000,12,7251,0.06,Coimbatore,Home,2025-11-16,0
CUST100671,25,Female,Salaried,485000,625,1605000,84,8869,0.22,Trichy,Personal,2026-03-21,0
CUST100672,45,Male,Salaried,761000,675,1069000,36,17479,0.28,Salem,Education,2026-03-12,0
CUST100673,22,Male,Self-Employed,1047000,744,1510000,12,25056,0.29,Chennai,Home,2025-03-30,0
CUST100674,30,Female,Self-Employed,626000,628,1495000,36,16873,0.32,Madurai,Business Expansion,2025-03-12,0
CUST100675,50,Male,Salaried,461000,740,1072000,36,4560,0.12,Chennai,Personal,2026-06-06,0
CUST100676,25,Male,Business,1658000,609,1876000,84,37515,0.27,Pondicherry,Vehicle,2024-11-30,0
CUST100677,53,Female,Salaried,664000,619,1235000,120,16496,0.3,Trichy,Personal,2025-12-21,0
CUST100678,21,Female,Self-Employed,1103000,719,1823000,48,27656,0.3,Pondicherry,Education,2026-06-20,0
CUST100679,38,Male,Salaried,782000,428,483000,120,11304,0.17,Salem,Business Expansion,2026-06-30,1
CUST100680,52,Male,Self-Employed,839000,626,1632000,48,16625,0.24,Chennai,Education,2025-04-01,0
CUST100681,31,Female,Salaried,976000,614,1877000,24,17524,0.22,Chennai,Business Expansion,2025-03-09,1
CUST100682,41,Female,Self-Employed,364000,747,65000,120,6953,0.23,Chennai,Home,2024-12-13,0
CUST100683,46,Female,Business,376000,602,1032000,12,4217,0.13,Coimbatore,Education,2024-09-04,0
CUST100684,45,Male,Salaried,735000,696,669000,84,15616,0.25,Madurai,Education,2025-01-14,0
CUST100685,42,Female,Salaried,436000,732,738000,24,9555,0.26,Pondicherry,Home,2025-04-19,0
CUST100686,47,Male,Salaried,693000,515,114000,84,6282,0.11,Coimbatore,Education,2025-06-30,1
CUST100687,33,Female,Business,398000,637,624000,60,6072,0.18,Coimbatore,Vehicle,2024-10-04,0
CUST100688,53,Male,Business,1629000,611,869000,36,23977,0.18,Pondicherry,Education,2024-11-18,0
CUST100689,54,Female,Self-Employed,765000,710,122000,120,17511,0.27,Chennai,Education,2025-09-15,0
CUST100690,61,Male,Salaried,1066000,710,253000,36,22203,0.25,Chennai,Business Expansion,2025-08-30,1
CUST100691,55,Male,Business,964000,629,303000,48,15492,0.19,Madurai,Business Expansion,2024-08-09,1
CUST100692,21,Male,Salaried,614000,555,1645000,60,12574,0.25,Coimbatore,Home,2025-01-29,1
CUST100693,41,Male,Salaried,840000,743,662000,36,9020,0.13,Salem,Home,2024-09-12,0
CUST100694,26,Female,Salaried,1014000,643,1602000,36,10115,0.12,Coimbatore,Home,2026-04-24,1
CUST100695,48,Female,Salaried,495000,504,244000,60,5031,0.12,Pondicherry,Home,2025-06-02,0
CUST100696,37,Female,Business,1143000,512,300000,60,5605,0.06,Madurai,Personal,2024-11-21,1
CUST100697,25,Male,Self-Employed,1006000,664,599000,36,21572,0.26,Chennai,Vehicle,2025-06-15,0
CUST100698,51,Female,Salaried,681000,535,1358000,60,19621,0.35,Chennai,Personal,2025-10-07,0
CUST100699,25,Female,Salaried,697000,817,1616000,12,8289,0.14,Chennai,Vehicle,2025-03-19,0
CUST100700,58,Male,Salaried,1004000,565,1556000,60,27522,0.33,Chennai,Business Expansion,2025-11-23,0
CUST100701,23,Male,Self-Employed,1045000,624,1004000,24,20200,0.23,Coimbatore,Vehicle,2025-09-19,1
CUST100702,43,Female,Salaried,534000,664,359000,24,5227,0.12,Madurai,Personal,2024-12-14,0
CUST100703,57,Female,Salaried,513000,584,1943000,36,2289,0.05,Madurai,Home,2025-12-25,0
CUST100704,57,Female,Self-Employed,897000,423,1254000,36,19967,0.27,Madurai,Home,2026-06-11,0
CUST100705,30,Male,Business,1123000,667,1867000,48,24235,0.26,Chennai,Personal,2026-06-22,0
CUST100706,30,Male,Business,1180000,582,702000,60,11679,0.12,Madurai,Vehicle,2025-09-19,0
CUST100707,39,Male,Business,782000,660,1318000,120,9762,0.15,Coimbatore,Personal,2024-09-16,0
CUST100708,37,Female,Self-Employed,580000,613,490000,24,15438,0.32,Salem,Vehicle,2024-12-20,0
CUST100709,41,Female,Salaried,457000,673,324000,48,3700,0.1,Salem,Personal,2024-10-24,0
CUST100710,34,Male,Business,1718000,790,1297000,36,43040,0.3,Pondicherry,Home,2025-10-05,0
CUST100711,29,Female,Salaried,657000,600,1440000,120,5516,0.1,Trichy,Business Expansion,2024-11-01,0
CUST100712,21,Male,Self-Employed,753000,582,588000,84,12206,0.19,Chennai,Home,2025-10-04,0
CUST100713,33,Female,Salaried,1040000,500,1323000,84,17306,0.2,Chennai,Vehicle,2025-10-03,1
CUST100714,24,Male,Business,1684000,632,792000,12,26891,0.19,Pondicherry,Business Expansion,2025-01-06,0
CUST100715,21,Male,Salaried,1035000,686,62000,60,11762,0.14,Coimbatore,Home,2026-02-15,1
CUST100716,60,Male,Salaried,984000,606,1381000,48,10332,0.13,Coimbatore,Vehicle,2024-11-26,0
CUST100717,52,Male,Self-Employed,1362000,662,659000,12,30638,0.27,Pondicherry,Vehicle,2026-02-09,1
CUST100718,54,Male,Salaried,424000,634,241000,120,4688,0.13,Madurai,Vehicle,2025-01-04,1
CUST100719,48,Male,Business,626000,532,747000,120,12153,0.23,Chennai,Home,2025-10-07,0
CUST100720,51,Female,Salaried,797000,678,68000,120,20190,0.3,Chennai,Business Expansion,2025-02-09,0
CUST100721,28,Female,Self-Employed,1244000,606,388000,84,31215,0.3,Chennai,Home,2026-03-31,0
CUST100722,59,Male,Business,1774000,661,820000,36,14804,0.1,Trichy,Personal,2025-04-14,1
CUST100723,46,Male,Self-Employed,328000,573,628000,24,6735,0.25,Madurai,Personal,2025-11-11,0
CUST100724,54,Male,Salaried,865000,591,75000,48,16628,0.23,Salem,Home,2026-06-30,0
CUST100725,23,Female,Salaried,993000,664,1079000,48,11137,0.13,Trichy,Personal,2025-03-20,1
CUST100726,32,Male,Salaried,766000,629,1214000,36,10688,0.17,Chennai,Home,2025-09-25,1
CUST100727,21,Female,Business,1555000,805,1823000,36,17562,0.14,Chennai,Personal,2024-10-17,0
CUST100728,64,Female,Self-Employed,308000,696,1815000,24,5418,0.21,Madurai,Home,2025-08-13,0
CUST100729,25,Male,Business,841000,699,1100000,24,20400,0.29,Salem,Business Expansion,2026-06-23,0
CUST100730,50,Male,Salaried,577000,634,154000,24,15062,0.31,Chennai,Home,2025-04-05,0
CUST100731,50,Male,Salaried,1051000,467,1929000,12,23371,0.27,Pondicherry,Business Expansion,2025-08-10,0
CUST100732,37,Male,Salaried,909000,577,1595000,12,14773,0.2,Coimbatore,Business Expansion,2025-12-25,0
CUST100733,43,Female,Self-Employed,1249000,566,833000,36,35120,0.34,Chennai,Personal,2026-05-04,0
CUST100734,35,Female,Salaried,1022000,625,1352000,120,18665,0.22,Salem,Personal,2024-08-21,0
CUST100735,57,Male,Salaried,967000,646,352000,120,15598,0.19,Chennai,Personal,2024-10-15,1
CUST100736,41,Female,Self-Employed,852000,684,1085000,48,21799,0.31,Trichy,Education,2025-07-04,1
CUST100737,34,Female,Salaried,963000,674,1741000,12,8457,0.11,Chennai,Vehicle,2025-09-26,0
CUST100738,22,Female,Self-Employed,795000,729,1150000,36,6450,0.1,Pondicherry,Education,2026-06-03,0
CUST100739,31,Male,Salaried,557000,621,1091000,84,13217,0.28,Pondicherry,Personal,2026-06-12,1
CUST100740,59,Male,Salaried,624000,673,1643000,84,16180,0.31,Pondicherry,Business Expansion,2025-11-27,0
CUST100741,58,Male,Salaried,816000,680,691000,12,4884,0.07,Chennai,Personal,2025-09-30,0
CUST100742,54,Female,Business,1637000,672,223000,24,38091,0.28,Chennai,Business Expansion,2024-12-18,0
CUST100743,58,Male,Salaried,802000,765,1474000,84,11852,0.18,Madurai,Home,2025-06-09,1
CUST100744,54,Male,Salaried,919000,722,1160000,36,19997,0.26,Chennai,Vehicle,2025-11-12,0
CUST100745,38,Female,Salaried,877000,531,1905000,84,6613,0.09,Madurai,Vehicle,2026-01-02,0
CUST100746,50,Female,Salaried,786000,639,1416000,24,22394,0.34,Madurai,Vehicle,2025-01-03,0
CUST100747,35,Female,Business,574000,648,498000,60,15038,0.31,Chennai,Personal,2025-01-28,0
CUST100748,47,Male,Salaried,551000,843,103000,84,7888,0.17,Trichy,Vehicle,2026-07-27,0
CUST100749,54,Male,Business,911000,620,1500000,48,24142,0.32,Pondicherry,Home,2025-02-20,0
CUST100750,58,Female,Salaried,1043000,561,127000,24,27681,0.32,Salem,Vehicle,2026-01-11,0
CUST100751,53,Male,Business,1249000,689,1789000,48,19606,0.19,Coimbatore,Vehicle,2025-05-04,0
CUST100752,44,Male,Self-Employed,1021000,669,488000,36,28423,0.33,Coimbatore,Personal,2026-02-14,1
CUST100753,35,Male,Self-Employed,406000,618,831000,120,11606,0.34,Chennai,Business Expansion,2026-07-25,0
CUST100754,50,Male,Self-Employed,525000,605,1570000,120,5038,0.12,Chennai,Home,2026-02-17,0
CUST100755,62,Male,Salaried,487000,735,221000,60,2840,0.07,Coimbatore,Home,2025-09-29,0
CUST100756,37,Female,Self-Employed,604000,548,599000,48,7517,0.15,Salem,Personal,2026-02-07,0
CUST100757,25,Female,Salaried,566000,619,1771000,120,9275,0.2,Chennai,Business Expansion,2025-06-29,0
CUST100758,49,Female,Salaried,924000,603,410000,84,5990,0.08,Chennai,Vehicle,2024-08-29,1
CUST100759,24,Male,Self-Employed,361000,723,285000,12,2773,0.09,Chennai,Business Expansion,2026-06-14,0
CUST100760,30,Male,Salaried,559000,675,482000,84,15908,0.34,Chennai,Personal,2024-09-30,0
CUST100761,37,Male,Business,1592000,554,1089000,84,35977,0.27,Chennai,Business Expansion,2024-09-30,1
CUST100762,30,Female,Salaried,581000,563,787000,36,15129,0.31,Madurai,Personal,2024-08-20,1
CUST100763,37,Male,Salaried,903000,818,899000,60,25686,0.34,Coimbatore,Business Expansion,2024-09-25,0
CUST100764,40,Female,Business,866000,747,1569000,12,11795,0.16,Chennai,Personal,2026-06-19,0
CUST100765,44,Female,Self-Employed,1300000,700,1659000,120,27772,0.26,Chennai,Vehicle,2025-06-26,0
CUST100766,25,Male,Self-Employed,645000,626,1284000,12,5654,0.11,Madurai,Home,2025-02-20,0
CUST100767,54,Male,Self-Employed,1063000,760,1871000,84,19089,0.22,Coimbatore,Education,2025-10-14,0
CUST100768,26,Female,Business,388000,550,1909000,60,3652,0.11,Chennai,Vehicle,2025-01-31,0
CUST100769,22,Female,Salaried,487000,717,1400000,24,3982,0.1,Salem,Business Expansion,2024-09-15,1
CUST100770,33,Male,Self-Employed,1304000,585,1921000,60,8642,0.08,Coimbatore,Home,2025-10-15,0
CUST100771,63,Male,Salaried,515000,627,676000,60,9609,0.22,Madurai,Home,2024-09-14,0
CUST100772,63,Female,Salaried,1055000,715,296000,120,29448,0.33,Pondicherry,Personal,2025-11-07,0
CUST100773,31,Male,Salaried,1006000,637,598000,120,7265,0.09,Coimbatore,Personal,2026-02-05,1
CUST100774,43,Male,Salaried,629000,610,1014000,60,10519,0.2,Pondicherry,Business Expansion,2025-10-20,0
CUST100775,36,Male,Self-Employed,552000,580,1576000,48,11781,0.26,Salem,Personal,2024-08-08,0
CUST100776,51,Male,Business,1756000,471,1640000,24,29084,0.2,Chennai,Home,2024-08-14,1
CUST100777,31,Male,Self-Employed,900000,693,216000,120,24264,0.32,Pondicherry,Personal,2025-03-17,0
CUST100778,36,Male,Self-Employed,931000,534,1514000,120,7749,0.1,Chennai,Vehicle,2024-11-10,0
CUST100779,28,Male,Salaried,785000,817,1762000,36,3745,0.06,Chennai,Personal,2025-12-14,0
CUST100780,24,Male,Salaried,758000,624,402000,12,10418,0.16,Pondicherry,Education,2025-05-24,1
CUST100781,60,Female,Salaried,882000,767,752000,84,15923,0.22,Salem,Home,2024-08-29,0
CUST100782,24,Female,Self-Employed,542000,462,1172000,48,5706,0.13,Trichy,Business Expansion,2026-07-04,0
CUST100783,45,Female,Salaried,1075000,715,1697000,24,9005,0.1,Chennai,Vehicle,2025-07-20,0
CUST100784,23,Female,Salaried,996000,738,1191000,60,24190,0.29,Madurai,Home,2025-11-17,0
CUST100785,52,Male,Business,855000,767,1747000,84,7593,0.11,Madurai,Business Expansion,2025-10-17,1
CUST100786,23,Male,Self-Employed,973000,487,1642000,120,14822,0.18,Chennai,Personal,2025-05-30,0
CUST100787,47,Female,Self-Employed,1125000,561,402000,84,31532,0.34,Salem,Vehicle,2025-03-04,1
CUST100788,49,Male,Self-Employed,1419000,676,623000,48,27648,0.23,Coimbatore,Vehicle,2025-07-17,0
CUST100789,52,Male,Salaried,533000,663,1574000,48,8852,0.2,Chennai,Home,2026-01-06,0
CUST100790,39,Female,Salaried,891000,676,1112000,120,11737,0.16,Chennai,Business Expansion,2026-04-10,0
CUST100791,41,Male,Business,740000,617,1403000,120,12710,0.21,Coimbatore,Vehicle,2024-08-24,0
CUST100792,25,Male,Self-Employed,836000,764,372000,12,18830,0.27,Trichy,Business Expansion,2025-12-29,0
CUST100793,38,Female,Self-Employed,1013000,859,1007000,36,25051,0.3,Chennai,Personal,2024-08-08,0
CUST100794,48,Female,Salaried,557000,659,1571000,24,11369,0.24,Pondicherry,Home,2026-06-07,0
CUST100795,62,Male,Self-Employed,732000,665,78000,84,17512,0.29,Chennai,Personal,2024-11-22,1
CUST100796,42,Female,Salaried,897000,655,788000,84,5720,0.08,Coimbatore,Education,2026-02-13,0
CUST100797,41,Female,Salaried,478000,765,592000,24,2163,0.05,Trichy,Education,2025-03-26,0
CUST100798,26,Female,Salaried,1036000,724,1389000,24,23337,0.27,Chennai,Personal,2024-10-01,1
CUST100799,21,Male,Salaried,919000,554,1624000,120,9841,0.13,Madurai,Home,2024-12-05,0
CUST100800,25,Male,Salaried,864000,594,1586000,60,22557,0.31,Pondicherry,Vehicle,2026-07-15,0
CUST100801,61,Female,Salaried,715000,559,617000,60,12557,0.21,Madurai,Business Expansion,2025-05-27,0
CUST100802,32,Female,Self-Employed,1321000,867,1540000,48,21307,0.19,Madurai,Business Expansion,2025-01-07,0
CUST100803,46,Female,Self-Employed,546000,682,918000,84,12823,0.28,Pondicherry,Home,2026-01-02,1
CUST100804,54,Male,Salaried,851000,596,747000,36,19312,0.27,Salem,Home,2025-10-12,0
CUST100805,34,Male,Salaried,776000,589,1676000,12,16896,0.26,Chennai,Personal,2025-09-05,1
CUST100806,46,Female,Business,886000,722,1990000,84,18972,0.26,Trichy,Home,2026-04-29,0
CUST100807,47,Male,Salaried,601000,731,248000,120,10247,0.2,Chennai,Business Expansion,2026-03-25,0
CUST100808,29,Male,Salaried,624000,721,732000,12,17053,0.33,Chennai,Personal,2025-04-01,0
CUST100809,46,Male,Self-Employed,358000,586,1810000,36,9462,0.32,Chennai,Business Expansion,2025-02-11,0
CUST100810,42,Male,Salaried,887000,677,231000,24,11000,0.15,Salem,Home,2026-04-10,0
CUST100811,50,Female,Self-Employed,1178000,634,179000,36,28606,0.29,Madurai,Vehicle,2025-11-02,0
CUST100812,63,Female,Self-Employed,859000,540,1727000,12,22715,0.32,Chennai,Vehicle,2025-02-22,1
CUST100813,37,Male,Business,1147000,566,1947000,60,22507,0.24,Chennai,Personal,2024-10-10,1
CUST100814,46,Male,Business,1750000,687,180000,36,31598,0.22,Salem,Personal,2025-09-21,0
CUST100815,56,Female,Business,759000,667,703000,48,15911,0.25,Coimbatore,Vehicle,2025-10-02,1
CUST100816,21,Male,Salaried,787000,699,1078000,60,6487,0.1,Coimbatore,Business Expansion,2025-12-09,0
CUST100817,28,Male,Business,638000,721,898000,48,4051,0.08,Pondicherry,Home,2024-09-01,1
CUST100818,55,Female,Salaried,630000,784,216000,48,15542,0.3,Madurai,Business Expansion,2026-06-09,0
CUST100819,35,Male,Self-Employed,562000,555,434000,120,10396,0.22,Chennai,Education,2025-02-28,0
CUST100820,42,Female,Self-Employed,381000,681,1705000,36,2754,0.09,Coimbatore,Vehicle,2026-01-04,1
CUST100821,34,Male,Salaried,631000,717,1628000,48,9196,0.17,Salem,Vehicle,2025-11-06,1
CUST100822,46,Male,Self-Employed,723000,596,1165000,84,8403,0.14,Salem,Home,2026-07-11,1
CUST100823,48,Male,Salaried,1049000,660,791000,24,27330,0.31,Chennai,Personal,2025-04-04,0
CUST100824,43,Female,Salaried,1036000,624,1825000,36,17453,0.2,Chennai,Vehicle,2026-07-30,0
CUST100825,34,Male,Business,863000,839,236000,12,16055,0.22,Chennai,Vehicle,2024-12-07,0
CUST100826,44,Male,Salaried,433000,659,1663000,24,4351,0.12,Madurai,Personal,2026-07-11,0
CUST100827,22,Female,Salaried,663000,690,1538000,60,16006,0.29,Trichy,Education,2025-06-29,0
CUST100828,46,Male,Salaried,1059000,626,1856000,36,29036,0.33,Chennai,Personal,2024-10-14,0
CUST100829,34,Male,Business,500000,606,607000,12,11989,0.29,Pondicherry,Education,2024-10-29,0
CUST100830,27,Male,Salaried,826000,532,1592000,12,13619,0.2,Trichy,Vehicle,2024-09-21,0
CUST100831,23,Female,Salaried,1019000,748,1755000,36,25519,0.3,Trichy,Business Expansion,2024-08-12,0
CUST100832,43,Male,Business,1072000,719,164000,24,9503,0.11,Salem,Vehicle,2024-09-15,1
CUST100833,63,Male,Salaried,597000,622,1336000,84,4180,0.08,Coimbatore,Vehicle,2026-05-11,0
CUST100834,38,Female,Salaried,1012000,568,1068000,12,15303,0.18,Coimbatore,Home,2025-05-19,1
CUST100835,58,Male,Self-Employed,1070000,641,1417000,36,9314,0.1,Trichy,Home,2024-12-15,0
CUST100836,55,Female,Salaried,590000,605,907000,36,6280,0.13,Pondicherry,Vehicle,2024-11-05,0
CUST100837,35,Female,Business,1192000,630,1023000,84,22403,0.23,Chennai,Education,2025-01-09,1
CUST100838,45,Female,Salaried,693000,536,288000,48,9885,0.17,Pondicherry,Vehicle,2024-10-27,0
CUST100839,57,Female,Business,921000,669,1860000,36,23774,0.31,Chennai,Home,2024-09-22,0
CUST100840,48,Female,Business,415000,671,358000,120,4069,0.12,Chennai,Personal,2024-11-17,0
CUST100841,30,Male,Salaried,714000,748,1931000,12,20767,0.35,Chennai,Vehicle,2024-09-14,0
CUST100842,59,Female,Salaried,428000,636,65000,48,5628,0.16,Salem,Vehicle,2025-01-08,0
CUST100843,37,Male,Business,1559000,619,111000,12,26583,0.2,Madurai,Education,2025-05-12,0
CUST100844,59,Male,Salaried,421000,509,755000,24,3146,0.09,Chennai,Personal,2026-03-17,0
CUST100845,42,Female,Self-Employed,1304000,724,1394000,24,24318,0.22,Salem,Personal,2025-06-14,0
CUST100846,46,Male,Self-Employed,1392000,705,1441000,12,39252,0.34,Trichy,Personal,2025-05-18,0
CUST100847,64,Female,Self-Employed,1112000,627,1508000,120,25466,0.27,Pondicherry,Business Expansion,2025-10-05,1
CUST100848,45,Male,Business,1032000,530,341000,120,10596,0.12,Chennai,Personal,2026-06-30,0
CUST100849,37,Female,Salaried,634000,540,1236000,60,9657,0.18,Chennai,Personal,2025-08-21,0
CUST100850,33,Male,Salaried,981000,600,796000,60,14521,0.18,Madurai,Personal,2026-03-24,0
CUST100851,40,Female,Business,541000,736,841000,60,3578,0.08,Pondicherry,Business Expansion,2026-01-19,1
CUST100852,45,Female,Business,1607000,676,290000,12,42284,0.32,Trichy,Home,2024-09-22,1
CUST100853,24,Female,Self-Employed,974000,490,1398000,36,13346,0.16,Trichy,Home,2025-08-15,1
CUST100854,30,Male,Business,1120000,686,1448000,48,18505,0.2,Pondicherry,Home,2026-03-13,0
CUST100855,23,Male,Self-Employed,1403000,549,974000,36,16061,0.14,Chennai,Education,2024-11-22,0
CUST100856,61,Male,Salaried,445000,603,1818000,84,3549,0.1,Trichy,Home,2025-06-08,1
CUST100857,38,Female,Business,1578000,737,1202000,12,42163,0.32,Coimbatore,Business Expansion,2025-04-15,0
CUST100858,56,Female,Salaried,448000,718,1002000,84,2285,0.06,Chennai,Vehicle,2024-12-23,0
CUST100859,42,Male,Salaried,669000,748,1196000,120,9475,0.17,Chennai,Vehicle,2026-07-09,0
CUST100860,54,Female,Salaried,493000,647,1722000,84,11059,0.27,Pondicherry,Business Expansion,2025-12-16,1
CUST100861,28,Female,Self-Employed,369000,704,1941000,36,4386,0.14,Pondicherry,Personal,2026-04-06,0
CUST100862,60,Male,Business,548000,597,1537000,120,8393,0.18,Chennai,Personal,2025-05-17,0
CUST100863,64,Female,Salaried,1011000,626,576000,84,18479,0.22,Chennai,Home,2025-07-18,0
CUST100864,39,Female,Salaried,924000,620,1915000,24,26836,0.35,Chennai,Vehicle,2026-06-12,0
CUST100865,62,Male,Self-Employed,556000,627,1302000,48,12857,0.28,Salem,Education,2026-03-30,0
CUST100866,61,Male,Business,1215000,534,1217000,12,34438,0.34,Trichy,Education,2025-04-19,0
CUST100867,57,Male,Self-Employed,1256000,604,791000,48,26998,0.26,Salem,Vehicle,2026-01-22,0
CUST100868,26,Female,Self-Employed,320000,755,225000,120,3485,0.13,Pondicherry,Education,2024-12-14,0
CUST100869,46,Female,Self-Employed,713000,526,853000,60,8095,0.14,Coimbatore,Education,2026-05-03,0
CUST100870,54,Female,Salaried,681000,530,807000,60,16839,0.3,Chennai,Business Expansion,2025-07-02,0
CUST100871,26,Male,Salaried,569000,537,1126000,120,8455,0.18,Madurai,Personal,2025-12-03,0
CUST100872,57,Male,Salaried,882000,889,384000,24,11838,0.16,Chennai,Personal,2025-05-01,0
CUST100873,53,Male,Business,1368000,691,948000,12,38022,0.33,Chennai,Education,2025-03-10,1
CUST100874,42,Male,Salaried,661000,625,708000,60,2972,0.05,Chennai,Vehicle,2025-07-02,0
CUST100875,41,Female,Self-Employed,1170000,631,1626000,48,20230,0.21,Trichy,Business Expansion,2024-12-01,1
CUST100876,26,Female,Salaried,677000,670,342000,120,15939,0.28,Madurai,Home,2026-03-27,0
CUST100877,26,Female,Salaried,554000,592,1313000,48,12504,0.27,Coimbatore,Home,2026-01-05,0
CUST100878,24,Female,Salaried,959000,603,492000,24,12808,0.16,Madurai,Personal,2025-12-31,0
CUST100879,50,Male,Salaried,448000,635,1780000,84,7865,0.21,Chennai,Home,2026-01-16,0
CUST100880,31,Male,Salaried,741000,584,1209000,60,3190,0.05,Pondicherry,Education,2025-03-03,1
CUST100881,50,Male,Self-Employed,758000,589,649000,36,13293,0.21,Trichy,Home,2025-09-19,0
CUST100882,51,Female,Salaried,1028000,681,1855000,60,19456,0.23,Chennai,Vehicle,2025-09-07,0
CUST100883,44,Female,Self-Employed,1280000,535,815000,24,33326,0.31,Madurai,Home,2026-04-19,0
CUST100884,29,Male,Salaried,758000,884,1774000,60,7151,0.11,Madurai,Home,2026-07-27,0
CUST100885,23,Male,Salaried,553000,717,852000,120,13711,0.3,Chennai,Home,2025-08-20,0
CUST100886,51,Male,Salaried,1008000,535,961000,12,22295,0.27,Chennai,Education,2026-05-15,0
CUST100887,60,Male,Business,1200000,426,120000,24,24980,0.25,Salem,Business Expansion,2026-06-22,0
CUST100888,57,Male,Salaried,424000,588,1818000,120,5947,0.17,Chennai,Vehicle,2025-12-26,0
CUST100889,56,Male,Salaried,575000,711,980000,120,7677,0.16,Madurai,Education,2026-01-23,0
CUST100890,44,Male,Business,1164000,694,1081000,120,25314,0.26,Pondicherry,Education,2025-09-01,1
CUST100891,51,Female,Salaried,611000,640,1005000,36,17671,0.35,Coimbatore,Personal,2025-05-12,0
CUST100892,26,Female,Business,1194000,595,829000,48,17074,0.17,Chennai,Personal,2025-09-04,0
CUST100893,22,Male,Salaried,786000,568,1506000,120,21325,0.33,Pondicherry,Personal,2024-11-13,0
CUST100894,40,Male,Self-Employed,885000,588,1069000,60,16664,0.23,Coimbatore,Home,2026-06-05,1
CUST100895,48,Male,Salaried,698000,558,927000,120,18057,0.31,Trichy,Home,2025-12-16,0
CUST100896,31,Male,Business,1081000,614,385000,84,10373,0.12,Trichy,Personal,2024-09-09,0
CUST100897,24,Male,Self-Employed,1381000,744,676000,48,32070,0.28,Pondicherry,Home,2025-07-15,0
CUST100898,35,Male,Salaried,780000,580,1909000,120,19531,0.3,Salem,Business Expansion,2025-03-10,1
CUST100899,26,Female,Salaried,865000,704,468000,24,21599,0.3,Pondicherry,Business Expansion,2025-10-16,0
CUST100900,50,Female,Salaried,909000,718,1374000,48,21620,0.29,Trichy,Home,2026-02-15,1
CUST100901,58,Male,Self-Employed,1055000,527,1882000,84,12418,0.14,Pondicherry,Business Expansion,2024-10-03,1
CUST100902,22,Female,Salaried,479000,574,286000,84,8246,0.21,Salem,Business Expansion,2024-08-04,0
CUST100903,35,Male,Salaried,575000,746,1902000,84,6704,0.14,Salem,Personal,2025-10-30,1
CUST100904,31,Male,Self-Employed,1324000,541,1661000,84,16868,0.15,Pondicherry,Vehicle,2024-08-18,1
CUST100905,28,Male,Salaried,530000,644,555000,12,6199,0.14,Chennai,Home,2025-07-08,0
CUST100906,46,Female,Salaried,422000,833,1030000,84,4756,0.14,Trichy,Home,2024-08-10,0
CUST100907,64,Female,Salaried,515000,738,448000,24,11073,0.26,Chennai,Personal,2025-08-09,0
CUST100908,25,Female,Self-Employed,1392000,632,660000,24,28429,0.25,Coimbatore,Personal,2025-08-01,0
CUST100909,26,Female,Business,538000,725,1396000,60,4989,0.11,Chennai,Home,2025-07-17,0
CUST100910,46,Female,Salaried,482000,644,1004000,120,10341,0.26,Salem,Personal,2024-11-07,0
CUST100911,24,Female,Self-Employed,1297000,716,51000,24,14842,0.14,Coimbatore,Education,2026-07-07,0
CUST100912,39,Male,Salaried,816000,465,1707000,12,7515,0.11,Trichy,Vehicle,2025-09-23,1
CUST100913,40,Male,Salaried,737000,637,1975000,60,16838,0.27,Madurai,Vehicle,2024-09-03,0
CUST100914,53,Female,Salaried,675000,462,1258000,12,8935,0.16,Chennai,Business Expansion,2025-07-15,0
CUST100915,40,Female,Salaried,420000,664,65000,36,7728,0.22,Madurai,Vehicle,2025-10-26,0
CUST100916,32,Male,Salaried,740000,628,328000,60,6785,0.11,Trichy,Home,2026-02-28,0
CUST100917,21,Female,Business,1261000,772,1424000,24,24600,0.23,Pondicherry,Education,2026-06-06,0
CUST100918,46,Male,Business,1159000,714,419000,24,10855,0.11,Chennai,Business Expansion,2025-01-23,1
CUST100919,34,Male,Salaried,715000,602,1626000,24,5962,0.1,Chennai,Home,2024-09-16,0
CUST100920,58,Male,Salaried,521000,613,1999000,36,7205,0.17,Trichy,Vehicle,2025-03-06,0
CUST100921,57,Female,Business,900000,684,1012000,12,21526,0.29,Chennai,Vehicle,2025-03-09,0
CUST100922,31,Female,Salaried,980000,598,936000,24,8408,0.1,Chennai,Home,2024-08-11,1
CUST100923,56,Male,Self-Employed,1374000,622,427000,84,9744,0.09,Chennai,Home,2025-02-06,0
CUST100924,33,Male,Salaried,647000,768,1128000,48,3207,0.06,Trichy,Home,2024-10-25,0
CUST100925,63,Male,Salaried,569000,575,257000,84,8287,0.17,Chennai,Business Expansion,2026-01-27,0
CUST100926,23,Female,Salaried,463000,609,181000,120,5193,0.13,Madurai,Home,2026-03-30,0
CUST100927,53,Male,Business,1366000,622,1439000,24,15667,0.14,Salem,Personal,2025-06-26,0
CUST100928,26,Male,Business,913000,900,1429000,60,26216,0.34,Pondicherry,Home,2025-09-23,0
CUST100929,30,Male,Salaried,975000,704,1869000,60,8794,0.11,Coimbatore,Business Expansion,2025-01-28,0
CUST100930,25,Male,Business,1224000,751,227000,48,19127,0.19,Coimbatore,Education,2025-05-11,0
CUST100931,43,Male,Salaried,967000,719,1315000,120,27874,0.35,Chennai,Vehicle,2026-01-17,0
CUST100932,30,Female,Salaried,856000,725,803000,120,4221,0.06,Chennai,Home,2024-09-18,0
CUST100933,64,Male,Self-Employed,723000,667,1357000,36,15604,0.26,Chennai,Vehicle,2024-08-02,1
CUST100934,22,Female,Self-Employed,1344000,657,1708000,60,18068,0.16,Coimbatore,Business Expansion,2026-03-12,0
CUST100935,33,Male,Salaried,927000,519,486000,36,24861,0.32,Madurai,Vehicle,2026-04-15,0
CUST100936,60,Male,Salaried,1057000,682,1012000,36,28502,0.32,Salem,Vehicle,2025-01-01,0
CUST100937,22,Male,Business,828000,640,1867000,48,11465,0.17,Salem,Home,2024-12-23,0
CUST100938,40,Female,Business,796000,699,728000,60,7723,0.12,Chennai,Home,2025-05-26,1
CUST100939,21,Female,Business,1304000,643,574000,84,19386,0.18,Madurai,Home,2026-04-01,0
CUST100940,57,Female,Salaried,874000,718,120000,120,24733,0.34,Chennai,Education,2025-06-11,1
CUST100941,29,Female,Self-Employed,962000,709,103000,24,10775,0.13,Trichy,Vehicle,2026-07-27,0
CUST100942,37,Male,Salaried,477000,387,62000,84,13689,0.34,Chennai,Vehicle,2026-03-09,0
CUST100943,29,Female,Business,955000,610,1449000,84,23542,0.3,Salem,Business Expansion,2026-01-20,0
CUST100944,31,Female,Salaried,772000,482,1644000,84,8378,0.13,Pondicherry,Business Expansion,2026-07-16,0
CUST100945,35,Male,Salaried,955000,671,1333000,120,22865,0.29,Chennai,Home,2025-07-10,0
CUST100946,44,Female,Salaried,1057000,622,129000,36,5720,0.06,Pondicherry,Home,2024-08-29,0
CUST100947,58,Male,Business,1056000,772,525000,36,18868,0.21,Trichy,Education,2024-11-23,0
CUST100948,55,Male,Self-Employed,1177000,643,1133000,60,15419,0.16,Madurai,Education,2025-04-23,1
CUST100949,50,Male,Salaried,742000,606,1120000,60,11011,0.18,Madurai,Vehicle,2025-11-25,0
CUST100950,51,Male,Self-Employed,1220000,709,1918000,84,19505,0.19,Trichy,Business Expansion,2024-11-18,0
CUST100951,25,Male,Business,1529000,621,1563000,48,25587,0.2,Pondicherry,Home,2026-05-27,0
CUST100952,64,Male,Salaried,440000,605,763000,12,9053,0.25,Pondicherry,Home,2025-09-09,0
CUST100953,34,Male,Business,1248000,685,1846000,84,26939,0.26,Madurai,Personal,2026-04-22,0
CUST100954,31,Male,Business,979000,795,1109000,84,27959,0.34,Pondicherry,Business Expansion,2026-04-27,0
CUST100955,29,Female,Salaried,522000,726,1604000,120,12129,0.28,Salem,Vehicle,2026-07-18,1
CUST100956,54,Female,Salaried,687000,701,1329000,120,14675,0.26,Coimbatore,Vehicle,2024-12-12,1
CUST100957,32,Male,Salaried,652000,897,335000,12,9113,0.17,Chennai,Home,2025-04-09,0
CUST100958,55,Male,Salaried,651000,584,1440000,120,4629,0.09,Trichy,Personal,2025-12-26,0
CUST100959,55,Male,Salaried,1020000,582,1626000,12,5749,0.07,Salem,Education,2025-12-18,0
CUST100960,21,Female,Self-Employed,878000,638,993000,36,14143,0.19,Chennai,Home,2025-05-11,0
CUST100961,60,Male,Self-Employed,332000,761,1869000,48,6929,0.25,Coimbatore,Vehicle,2026-07-27,0
CUST100962,42,Male,Salaried,849000,565,1872000,120,17337,0.25,Chennai,Business Expansion,2024-12-02,0
CUST100963,49,Male,Self-Employed,1192000,782,277000,12,33361,0.34,Pondicherry,Vehicle,2025-02-13,1
CUST100964,28,Female,Self-Employed,1275000,495,220000,84,17502,0.16,Salem,Education,2025-09-06,0
CUST100965,31,Male,Business,1740000,639,1570000,60,34558,0.24,Madurai,Personal,2026-01-14,1
CUST100966,61,Male,Salaried,717000,665,1318000,120,18902,0.32,Coimbatore,Vehicle,2025-06-28,0
CUST100967,57,Male,Self-Employed,1229000,545,1466000,84,17536,0.17,Salem,Home,2025-11-12,0
CUST100968,34,Male,Business,689000,594,573000,120,11099,0.19,Chennai,Personal,2025-06-10,0
CUST100969,50,Female,Salaried,689000,721,1800000,36,18769,0.33,Pondicherry,Personal,2026-06-12,0
CUST100970,55,Female,Salaried,705000,779,1725000,36,12635,0.22,Coimbatore,Home,2026-04-02,1
CUST100971,41,Female,Salaried,1069000,459,347000,84,25823,0.29,Madurai,Education,2026-05-20,1
CUST100972,57,Female,Business,512000,666,506000,120,14109,0.33,Madurai,Vehicle,2026-06-05,0
CUST100973,25,Male,Salaried,478000,639,1510000,60,8815,0.22,Madurai,Home,2024-10-05,0
CUST100974,39,Female,Business,789000,659,1419000,48,5441,0.08,Salem,Home,2025-04-02,0
CUST100975,34,Female,Business,799000,621,527000,48,19742,0.3,Salem,Home,2025-07-25,0
CUST100976,46,Male,Salaried,758000,533,1258000,12,18655,0.3,Pondicherry,Vehicle,2025-06-17,1
CUST100977,24,Female,Self-Employed,758000,763,1797000,60,5337,0.08,Chennai,Business Expansion,2024-12-04,1
CUST100978,45,Male,Salaried,732000,754,321000,24,13080,0.21,Coimbatore,Personal,2025-07-27,0
CUST100979,62,Male,Salaried,895000,640,510000,48,14627,0.2,Madurai,Home,2025-05-10,0
CUST100980,45,Female,Self-Employed,1396000,581,1172000,12,35382,0.3,Salem,Home,2024-08-30,0
CUST100981,38,Female,Self-Employed,323000,570,483000,36,3563,0.13,Madurai,Personal,2026-03-21,0
CUST100982,60,Female,Salaried,1066000,417,1717000,48,15801,0.18,Salem,Vehicle,2025-06-28,1
CUST100983,28,Male,Business,743000,681,676000,24,14329,0.23,Salem,Home,2025-08-20,0
CUST100984,59,Female,Salaried,704000,720,1546000,36,12036,0.21,Madurai,Home,2025-03-13,1
CUST100985,60,Male,Salaried,512000,662,1342000,36,14357,0.34,Pondicherry,Home,2025-05-24,0
CUST100986,34,Male,Salaried,521000,642,1645000,120,14683,0.34,Salem,Vehicle,2025-03-28,0
CUST100987,52,Female,Salaried,932000,662,845000,60,5783,0.07,Pondicherry,Personal,2025-08-04,0
CUST100988,58,Female,Business,1589000,573,670000,60,18452,0.14,Trichy,Business Expansion,2026-05-07,1
CUST100989,53,Male,Self-Employed,1119000,580,445000,84,4873,0.05,Pondicherry,Vehicle,2026-05-07,1
CUST100990,43,Female,Salaried,593000,635,1481000,48,8665,0.18,Chennai,Vehicle,2024-10-10,1
CUST100991,35,Male,Salaried,436000,712,909000,24,9033,0.25,Trichy,Home,2025-05-09,0
CUST100992,53,Male,Salaried,846000,774,1970000,60,13492,0.19,Chennai,Home,2025-06-01,0
CUST100993,45,Male,Salaried,789000,629,979000,12,4612,0.07,Chennai,Personal,2026-03-25,0
CUST100994,37,Female,Self-Employed,521000,530,436000,36,4723,0.11,Pondicherry,Home,2025-04-16,0
CUST100995,53,Male,Business,806000,653,583000,12,6850,0.1,Trichy,Personal,2025-01-14,0
CUST100996,22,Female,Business,507000,831,1414000,36,8591,0.2,Chennai,Home,2026-03-13,0
CUST100997,34,Male,Salaried,1004000,563,1612000,12,21193,0.25,Coimbatore,Home,2026-06-20,1
CUST100998,60,Female,Salaried,574000,729,1990000,36,6930,0.14,Salem,Home,2025-04-27,0
CUST100999,60,Male,Salaried,804000,770,263000,60,5972,0.09,Pondicherry,Business Expansion,2026-01-14,1
CUST101000,59,Female,Salaried,892000,617,446000,12,21525,0.29,Chennai,Personal,2025-10-16,0
CUST101001,26,Male,Salaried,868000,586,93000,48,22243,0.31,Salem,Home,2025-10-02,1
CUST101002,26,Female,Salaried,747000,701,641000,48,8275,0.13,Coimbatore,Home,2024-12-15,0
CUST101003,23,Female,Salaried,1006000,681,415000,24,14773,0.18,Trichy,Vehicle,2026-07-04,0
CUST101004,27,Female,Self-Employed,742000,687,1865000,24,4611,0.07,Trichy,Vehicle,2025-12-19,1
CUST101005,28,Male,Self-Employed,1078000,811,223000,120,10628,0.12,Salem,Home,2025-10-20,0
CUST101006,62,Female,Salaried,1052000,665,322000,84,24555,0.28,Pondicherry,Business Expansion,2025-04-19,0
CUST101007,35,Male,Self-Employed,426000,517,1846000,24,5664,0.16,Chennai,Personal,2025-10-24,0
CUST101008,49,Female,Salaried,1002000,655,1623000,12,19322,0.23,Trichy,Vehicle,2026-04-06,1
CUST101009,53,Female,Salaried,769000,671,1644000,36,21394,0.33,Coimbatore,Vehicle,2024-11-13,0
CUST101010,50,Male,Business,845000,764,539000,84,18807,0.27,Madurai,Business Expansion,2025-05-26,0
CUST101011,59,Male,Salaried,485000,632,1996000,24,7518,0.19,Madurai,Vehicle,2024-11-05,0
CUST101012,47,Male,Business,1486000,613,1255000,60,19821,0.16,Coimbatore,Home,2024-08-05,0
CUST101013,56,Male,Salaried,1041000,526,1690000,48,9295,0.11,Coimbatore,Personal,2024-12-19,1
CUST101014,49,Female,Self-Employed,360000,674,1169000,48,8305,0.28,Chennai,Home,2025-08-11,1
CUST101015,58,Male,Self-Employed,393000,900,651000,60,2742,0.08,Madurai,Education,2026-05-17,0
CUST101016,53,Male,Self-Employed,1111000,604,1144000,48,6334,0.07,Pondicherry,Home,2025-12-25,1
CUST101017,57,Male,Business,1188000,690,661000,12,8063,0.08,Coimbatore,Personal,2025-01-31,0
CUST101018,47,Male,Self-Employed,678000,575,1384000,120,6942,0.12,Salem,Home,2025-02-17,0
CUST101019,53,Male,Self-Employed,784000,509,376000,60,15558,0.24,Chennai,Home,2025-07-12,0
CUST101020,24,Female,Salaried,765000,689,1756000,120,19660,0.31,Madurai,Vehicle,2024-08-30,1
CUST101021,42,Male,Salaried,530000,652,396000,12,15360,0.35,Madurai,Personal,2024-12-02,0
CUST101022,22,Female,Self-Employed,516000,410,215000,84,11586,0.27,Chennai,Personal,2025-11-13,1
CUST101023,30,Male,Self-Employed,435000,769,929000,120,3400,0.09,Chennai,Home,2025-12-01,0
CUST101024,25,Male,Business,727000,687,801000,48,8076,0.13,Salem,Vehicle,2025-06-20,0
CUST101025,30,Female,Salaried,599000,656,1289000,60,4472,0.09,Madurai,Home,2026-04-29,0
CUST101026,53,Male,Salaried,528000,612,393000,60,3725,0.08,Coimbatore,Personal,2025-05-11,0
CUST101027,58,Male,Self-Employed,978000,661,110000,84,17956,0.22,Coimbatore,Vehicle,2025-05-20,0
CUST101028,33,Male,Business,1221000,690,1259000,84,32765,0.32,Pondicherry,Personal,2024-10-12,0
CUST101029,51,Male,Business,639000,686,413000,84,13594,0.26,Coimbatore,Home,2025-04-08,0
CUST101030,56,Male,Salaried,945000,746,974000,60,22852,0.29,Pondicherry,Business Expansion,2024-12-05,0
CUST101031,44,Male,Salaried,702000,766,1073000,48,11842,0.2,Coimbatore,Personal,2025-03-10,0
CUST101032,35,Male,Salaried,739000,830,1255000,48,11860,0.19,Madurai,Home,2025-06-27,1
CUST101033,49,Male,Salaried,557000,574,1804000,48,15375,0.33,Chennai,Vehicle,2024-12-31,1
CUST101034,28,Male,Business,1545000,598,83000,24,34323,0.27,Pondicherry,Home,2025-06-27,1
CUST101035,25,Male,Salaried,828000,682,454000,24,12958,0.19,Trichy,Personal,2025-05-24,0
CUST101036,49,Male,Salaried,573000,579,1630000,120,7151,0.15,Madurai,Business Expansion,2026-06-26,1
CUST101037,24,Male,Salaried,794000,594,946000,36,5156,0.08,Chennai,Education,2026-03-04,0
CUST101038,32,Female,Salaried,642000,692,187000,120,15851,0.3,Madurai,Vehicle,2025-11-14,0
CUST101039,22,Male,Business,1115000,731,1771000,60,9365,0.1,Chennai,Home,2024-09-26,0
CUST101040,47,Female,Salaried,818000,764,1935000,120,13940,0.2,Coimbatore,Home,2025-12-14,0
CUST101041,51,Male,Salaried,746000,632,77000,48,14993,0.24,Pondicherry,Vehicle,2024-08-03,1
CUST101042,56,Female,Business,407000,691,155000,60,9266,0.27,Pondicherry,Personal,2026-02-22,0
CUST101043,56,Male,Salaried,714000,671,1871000,84,4462,0.07,Chennai,Home,2026-06-26,0
CUST101044,46,Female,Self-Employed,1299000,626,1869000,12,5759,0.05,Salem,Business Expansion,2026-03-14,0
CUST101045,63,Female,Salaried,1041000,576,206000,12,22711,0.26,Salem,Home,2025-11-21,0
CUST101046,47,Male,Self-Employed,524000,540,1872000,48,8135,0.19,Madurai,Personal,2025-01-16,1
CUST101047,25,Female,Salaried,1017000,710,1180000,24,8842,0.1,Madurai,Home,2024-10-13,0
CUST101048,40,Male,Salaried,952000,575,1306000,120,27338,0.34,Salem,Vehicle,2026-02-22,1
CUST101049,31,Male,Salaried,592000,490,245000,36,14178,0.29,Trichy,Home,2025-01-09,0
CUST101050,30,Female,Salaried,787000,647,1058000,120,14661,0.22,Madurai,Home,2026-01-24,0
CUST101051,60,Female,Salaried,1014000,780,1924000,24,22023,0.26,Trichy,Personal,2024-10-28,0
CUST101052,58,Male,Salaried,949000,398,251000,60,7632,0.1,Chennai,Business Expansion,2025-06-14,0
CUST101053,26,Male,Self-Employed,483000,599,158000,24,13631,0.34,Pondicherry,Personal,2024-10-09,0
CUST101054,28,Female,Business,710000,710,592000,48,20643,0.35,Madurai,Home,2025-12-13,0
CUST101055,43,Female,Salaried,561000,485,1811000,84,11431,0.24,Madurai,Business Expansion,2026-04-04,0
CUST101056,46,Female,Salaried,618000,630,90000,84,12900,0.25,Chennai,Home,2024-11-04,0
CUST101057,63,Female,Business,1640000,547,1137000,24,35716,0.26,Coimbatore,Personal,2025-08-10,0
CUST101058,32,Male,Self-Employed,1192000,534,1816000,12,24807,0.25,Coimbatore,Vehicle,2025-07-19,0
CUST101059,46,Female,Salaried,1055000,613,939000,48,15962,0.18,Coimbatore,Vehicle,2026-01-16,0
CUST101060,33,Male,Salaried,664000,548,731000,120,11741,0.21,Pondicherry,Home,2026-03-17,0
CUST101061,60,Male,Salaried,1044000,541,861000,48,11729,0.13,Chennai,Business Expansion,2025-03-08,1
CUST101062,38,Male,Salaried,699000,644,464000,120,10721,0.18,Chennai,Personal,2025-09-01,1
CUST101063,45,Male,Business,1233000,850,421000,48,18580,0.18,Madurai,Education,2025-11-09,0
CUST101064,53,Male,Self-Employed,1416000,693,1724000,24,16100,0.14,Madurai,Vehicle,2024-10-13,0
CUST101065,60,Female,Self-Employed,312000,715,853000,12,7436,0.29,Chennai,Education,2025-12-12,0
CUST101066,63,Male,Salaried,604000,721,413000,24,8702,0.17,Chennai,Personal,2024-10-05,0
CUST101067,32,Male,Salaried,659000,587,1309000,60,11835,0.22,Salem,Home,2025-04-27,0
CUST101068,64,Female,Business,668000,677,1873000,84,5390,0.1,Chennai,Vehicle,2025-09-20,0
CUST101069,56,Male,Salaried,829000,748,520000,36,13297,0.19,Pondicherry,Business Expansion,2025-12-20,0
CUST101070,24,Male,Salaried,623000,724,1945000,36,14455,0.28,Coimbatore,Business Expansion,2024-12-25,0
CUST101071,25,Male,Salaried,772000,667,549000,84,11796,0.18,Trichy,Personal,2026-06-19,0
CUST101072,57,Female,Self-Employed,1032000,671,1055000,36,18689,0.22,Chennai,Personal,2024-11-04,0
CUST101073,28,Male,Salaried,615000,871,472000,84,13351,0.26,Pondicherry,Business Expansion,2025-06-26,0
CUST101074,62,Male,Salaried,466000,725,628000,60,6473,0.17,Chennai,Business Expansion,2026-05-07,0
CUST101075,48,Male,Business,1256000,621,1261000,60,16326,0.16,Coimbatore,Home,2025-02-22,1
CUST101076,51,Male,Self-Employed,728000,618,1933000,60,4593,0.08,Chennai,Vehicle,2025-03-22,0
CUST101077,29,Male,Salaried,938000,555,1866000,12,17562,0.22,Pondicherry,Vehicle,2026-06-14,0
CUST101078,49,Male,Self-Employed,866000,836,1613000,48,18913,0.26,Pondicherry,Home,2025-09-07,0
CUST101079,34,Male,Salaried,860000,794,452000,84,16080,0.22,Coimbatore,Education,2025-06-27,0
CUST101080,60,Female,Salaried,1048000,657,543000,120,11795,0.14,Coimbatore,Personal,2025-11-26,1
CUST101081,61,Male,Self-Employed,1028000,821,1796000,60,11025,0.13,Pondicherry,Vehicle,2025-01-14,1
CUST101082,42,Male,Salaried,707000,706,1307000,36,5764,0.1,Pondicherry,Business Expansion,2025-12-13,0
CUST101083,31,Male,Salaried,460000,611,541000,84,2457,0.06,Madurai,Home,2024-11-02,0
CUST101084,43,Male,Self-Employed,528000,706,974000,120,7834,0.18,Salem,Business Expansion,2025-01-27,1
CUST101085,21,Female,Business,704000,685,995000,120,5758,0.1,Coimbatore,Vehicle,2025-07-16,0
CUST101086,57,Male,Salaried,687000,725,580000,36,14726,0.26,Chennai,Business Expansion,2025-03-27,0
CUST101087,41,Male,Salaried,865000,526,1385000,84,24401,0.34,Chennai,Personal,2025-02-19,0
CUST101088,46,Female,Salaried,1033000,577,1987000,84,6201,0.07,Trichy,Home,2025-03-02,0
CUST101089,56,Male,Salaried,639000,783,990000,24,16927,0.32,Coimbatore,Vehicle,2025-04-23,0
CUST101090,43,Male,Salaried,745000,802,162000,120,15354,0.25,Chennai,Personal,2024-11-15,0
CUST101091,21,Male,Salaried,877000,777,1574000,48,22515,0.31,Chennai,Personal,2025-08-09,0
CUST101092,60,Male,Self-Employed,571000,824,393000,60,4591,0.1,Madurai,Personal,2025-04-28,0
CUST101093,35,Male,Salaried,474000,701,407000,48,12716,0.32,Chennai,Personal,2025-06-12,0
CUST101094,41,Male,Salaried,772000,695,175000,60,21703,0.34,Chennai,Vehicle,2024-09-04,0
CUST101095,29,Male,Salaried,896000,567,1793000,36,24043,0.32,Salem,Vehicle,2026-01-29,1
CUST101096,29,Female,Salaried,661000,597,131000,48,15734,0.29,Coimbatore,Business Expansion,2024-08-01,1
CUST101097,30,Male,Business,1729000,471,301000,48,11107,0.08,Chennai,Vehicle,2026-02-10,0
CUST101098,46,Male,Salaried,562000,621,1626000,60,5442,0.12,Trichy,Business Expansion,2024-11-17,0
CUST101099,61,Male,Business,1142000,464,431000,60,30828,0.32,Pondicherry,Home,2024-11-19,0
CUST101100,55,Male,Business,1263000,747,1854000,120,12506,0.12,Trichy,Business Expansion,2025-04-02,0
CUST101101,45,Male,Business,773000,684,766000,48,9940,0.15,Chennai,Personal,2025-05-01,0
CUST101102,46,Female,Salaried,621000,467,1172000,84,3371,0.07,Pondicherry,Personal,2024-08-26,0
CUST101103,31,Female,Business,1399000,632,501000,60,27796,0.24,Madurai,Personal,2025-06-12,0
CUST101104,58,Female,Salaried,977000,827,644000,48,17829,0.22,Coimbatore,Personal,2026-05-20,0
CUST101105,22,Female,Salaried,849000,638,73000,24,23951,0.34,Madurai,Home,2025-06-15,0
CUST101106,27,Male,Salaried,545000,560,1490000,48,14429,0.32,Trichy,Home,2026-02-04,0
CUST101107,38,Male,Salaried,700000,489,402000,12,11770,0.2,Madurai,Home,2026-07-23,0
CUST101108,47,Male,Salaried,475000,491,122000,48,9215,0.23,Salem,Personal,2024-09-12,0
CUST101109,54,Male,Salaried,473000,698,744000,120,6856,0.17,Madurai,Home,2025-05-21,0
CUST101110,47,Female,Salaried,621000,610,564000,120,4643,0.09,Pondicherry,Home,2025-04-07,0
CUST101111,37,Male,Self-Employed,673000,593,820000,84,17404,0.31,Madurai,Home,2026-05-29,0
CUST101112,63,Female,Salaried,1044000,611,1103000,24,18692,0.21,Coimbatore,Home,2026-06-20,1
CUST101113,64,Male,Salaried,1035000,637,707000,24,15319,0.18,Madurai,Business Expansion,2025-06-08,0
CUST101114,44,Female,Business,373000,539,1523000,84,2192,0.07,Chennai,Vehicle,2026-06-20,0
CUST101115,45,Female,Salaried,1018000,678,1553000,120,21175,0.25,Chennai,Education,2025-09-29,0
CUST101116,27,Female,Self-Employed,1085000,496,988000,120,15361,0.17,Pondicherry,Vehicle,2026-07-25,1
CUST101117,26,Female,Business,1416000,581,1530000,36,14880,0.13,Trichy,Business Expansion,2025-02-04,0
CUST101118,44,Male,Salaried,440000,740,883000,84,11477,0.31,Chennai,Vehicle,2025-07-21,0
CUST101119,53,Female,Salaried,669000,683,1797000,36,5858,0.11,Coimbatore,Personal,2026-03-22,0
CUST101120,49,Female,Business,409000,711,1100000,120,6970,0.2,Chennai,Personal,2025-06-08,0
CUST101121,63,Female,Business,1185000,843,1429000,12,28511,0.29,Pondicherry,Personal,2026-07-17,0
CUST101122,42,Female,Self-Employed,526000,619,1690000,60,13356,0.3,Chennai,Vehicle,2025-10-20,1
CUST101123,46,Female,Salaried,1031000,651,671000,60,25397,0.3,Trichy,Business Expansion,2026-04-21,0
CUST101124,48,Female,Business,852000,626,68000,24,22648,0.32,Madurai,Business Expansion,2026-02-25,0
CUST101125,41,Male,Salaried,971000,610,577000,24,7501,0.09,Coimbatore,Personal,2026-04-04,0
CUST101126,27,Female,Salaried,1039000,559,843000,36,28757,0.33,Chennai,Education,2026-06-13,0
CUST101127,37,Male,Salaried,1061000,657,1343000,120,4707,0.05,Coimbatore,Education,2025-01-03,0
CUST101128,40,Male,Salaried,527000,681,1632000,24,5567,0.13,Pondicherry,Personal,2024-09-06,1
CUST101129,61,Male,Self-Employed,1049000,661,1219000,48,6574,0.08,Pondicherry,Business Expansion,2026-01-29,0
CUST101130,40,Male,Business,455000,655,1741000,48,12651,0.33,Trichy,Home,2025-10-12,0
CUST101131,42,Male,Self-Employed,962000,708,1952000,12,14203,0.18,Trichy,Home,2025-06-23,0
CUST101132,48,Male,Salaried,541000,652,1988000,120,6518,0.14,Chennai,Home,2025-07-20,1
CUST101133,60,Male,Self-Employed,569000,588,591000,48,4747,0.1,Chennai,Business Expansion,2025-04-19,1
CUST101134,27,Male,Self-Employed,1189000,541,666000,12,9585,0.1,Pondicherry,Home,2024-08-19,0
CUST101135,21,Male,Salaried,530000,510,1222000,36,10342,0.23,Pondicherry,Home,2025-07-28,1
CUST101136,52,Female,Business,566000,781,1990000,48,3024,0.06,Trichy,Home,2024-08-08,1
CUST101137,33,Female,Business,416000,587,1633000,12,7914,0.23,Madurai,Personal,2025-10-06,1
CUST101138,50,Female,Self-Employed,307000,541,1256000,120,7224,0.28,Coimbatore,Personal,2025-11-21,0
CUST101139,43,Female,Salaried,851000,612,1743000,60,16332,0.23,Chennai,Home,2025-10-24,0
CUST101140,39,Female,Self-Employed,1304000,599,1115000,12,32379,0.3,Trichy,Personal,2025-08-08,1
CUST101141,52,Male,Business,1024000,797,214000,84,11057,0.13,Salem,Home,2026-01-18,0
CUST101142,50,Female,Salaried,466000,620,858000,120,2840,0.07,Coimbatore,Home,2026-05-15,1
CUST101143,49,Female,Business,859000,887,1759000,48,19062,0.27,Coimbatore,Business Expansion,2024-11-27,0
CUST101144,49,Male,Salaried,526000,655,913000,12,13081,0.3,Chennai,Education,2025-10-31,0
CUST101145,50,Male,Self-Employed,1083000,810,1167000,84,18095,0.2,Chennai,Personal,2024-08-09,0
CUST101146,36,Female,Self-Employed,1120000,705,1287000,36,27643,0.3,Madurai,Personal,2025-10-21,1
CUST101147,60,Male,Self-Employed,492000,657,1261000,24,7682,0.19,Salem,Education,2025-01-15,0
CUST101148,39,Female,Business,403000,792,1161000,60,3679,0.11,Pondicherry,Personal,2026-07-21,0
CUST101149,38,Male,Salaried,504000,751,1531000,36,8077,0.19,Pondicherry,Vehicle,2026-02-23,0
CUST101150,21,Male,Salaried,932000,707,1545000,60,8914,0.11,Madurai,Personal,2025-07-29,0
CUST101151,34,Male,Self-Employed,998000,833,1842000,60,15935,0.19,Madurai,Home,2026-02-14,0
CUST101152,22,Male,Salaried,843000,605,1833000,84,6622,0.09,Salem,Vehicle,2026-02-03,0
CUST101153,48,Male,Salaried,692000,560,1127000,12,6093,0.11,Coimbatore,Vehicle,2025-04-24,0
CUST101154,50,Female,Salaried,437000,589,421000,120,11466,0.31,Salem,Personal,2025-06-25,0
CUST101155,58,Female,Salaried,894000,807,1876000,24,6314,0.08,Pondicherry,Home,2024-08-16,1
CUST101156,24,Female,Self-Employed,640000,755,1729000,12,6255,0.12,Coimbatore,Business Expansion,2025-05-08,0
CUST101157,21,Male,Self-Employed,1230000,577,1590000,12,35737,0.35,Madurai,Home,2025-09-20,1
CUST101158,28,Female,Salaried,819000,438,414000,48,15206,0.22,Coimbatore,Vehicle,2026-07-15,1
CUST101159,49,Male,Salaried,839000,631,1110000,12,15783,0.23,Chennai,Personal,2025-11-21,0
CUST101160,59,Male,Salaried,455000,558,168000,24,11507,0.3,Coimbatore,Personal,2025-10-15,0
CUST101161,23,Male,Salaried,678000,605,458000,36,11712,0.21,Pondicherry,Home,2026-03-19,0
CUST101162,52,Male,Salaried,499000,555,412000,84,4845,0.12,Pondicherry,Vehicle,2025-05-24,0
CUST101163,30,Male,Salaried,527000,505,1442000,12,7761,0.18,Chennai,Home,2025-08-15,0
CUST101164,30,Male,Self-Employed,1065000,794,1007000,24,24539,0.28,Coimbatore,Personal,2024-10-04,0
CUST101165,39,Female,Self-Employed,826000,563,1226000,12,21457,0.31,Madurai,Personal,2025-01-07,0
CUST101166,54,Female,Salaried,959000,777,372000,84,10545,0.13,Coimbatore,Education,2026-04-08,0
CUST101167,53,Male,Self-Employed,708000,605,807000,60,7586,0.13,Madurai,Education,2025-01-23,1
CUST101168,43,Male,Business,1360000,548,1367000,84,16805,0.15,Trichy,Business Expansion,2026-02-17,0
CUST101169,48,Male,Salaried,547000,695,1553000,12,10432,0.23,Coimbatore,Education,2024-12-03,0
CUST101170,52,Male,Salaried,640000,614,993000,48,7122,0.13,Chennai,Home,2024-10-14,0
CUST101171,27,Female,Self-Employed,1169000,606,1797000,60,30972,0.32,Madurai,Education,2026-04-26,1
CUST101172,49,Male,Salaried,880000,663,1551000,24,25182,0.34,Coimbatore,Home,2026-02-04,0
CUST101173,28,Female,Self-Employed,586000,551,497000,84,12390,0.25,Chennai,Personal,2025-12-18,0
CUST101174,21,Female,Business,718000,504,1203000,12,20408,0.34,Coimbatore,Home,2025-07-05,0
CUST101175,23,Male,Salaried,649000,645,753000,120,7374,0.14,Coimbatore,Education,2026-02-24,0
CUST101176,44,Female,Self-Employed,584000,711,758000,60,14334,0.29,Pondicherry,Vehicle,2024-12-13,0
CUST101177,43,Male,Self-Employed,431000,543,1841000,60,9106,0.25,Trichy,Vehicle,2025-11-20,1
CUST101178,28,Male,Salaried,609000,663,1028000,36,6544,0.13,Trichy,Education,2026-04-06,0
CUST101179,57,Male,Salaried,426000,785,1733000,60,5166,0.15,Coimbatore,Vehicle,2024-09-22,1
CUST101180,23,Male,Business,653000,641,391000,84,10697,0.2,Chennai,Vehicle,2025-03-16,0
CUST101181,53,Male,Business,1306000,657,1340000,24,31288,0.29,Coimbatore,Home,2024-11-08,0
CUST101182,48,Male,Self-Employed,670000,629,1960000,120,17401,0.31,Pondicherry,Business Expansion,2025-11-20,0
CUST101183,28,Female,Business,500000,588,1411000,12,10007,0.24,Coimbatore,Education,2025-07-15,1
CUST101184,54,Female,Salaried,626000,560,524000,84,13901,0.27,Madurai,Education,2024-09-04,0
CUST101185,55,Female,Salaried,506000,560,1488000,60,5446,0.13,Chennai,Home,2025-04-16,0
CUST101186,52,Male,Salaried,1059000,683,340000,120,24032,0.27,Salem,Home,2025-08-01,0
CUST101187,44,Female,Salaried,589000,718,221000,24,11362,0.23,Salem,Personal,2025-11-24,0
CUST101188,34,Female,Business,775000,722,1512000,36,7548,0.12,Chennai,Personal,2025-06-16,0
CUST101189,52,Female,Business,366000,615,350000,12,10219,0.34,Trichy,Personal,2024-12-17,0
CUST101190,63,Female,Business,985000,748,198000,48,16733,0.2,Chennai,Vehicle,2024-12-08,0
CUST101191,36,Female,Self-Employed,614000,652,709000,60,14753,0.29,Madurai,Business Expansion,2025-08-18,0
CUST101192,24,Male,Salaried,593000,656,1338000,60,10263,0.21,Chennai,Education,2026-04-10,0
CUST101193,57,Female,Salaried,804000,349,1168000,36,22102,0.33,Chennai,Home,2024-11-07,1
CUST101194,41,Male,Salaried,698000,576,1978000,24,5373,0.09,Chennai,Home,2025-09-18,0
CUST101195,34,Female,Self-Employed,371000,488,747000,36,6611,0.21,Salem,Home,2024-08-21,0
CUST101196,51,Male,Salaried,904000,706,1016000,24,4335,0.06,Pondicherry,Personal,2025-10-15,0
CUST101197,38,Male,Business,950000,658,466000,12,8646,0.11,Chennai,Personal,2026-06-26,0
CUST101198,27,Male,Business,1750000,553,306000,60,19586,0.13,Madurai,Personal,2025-07-21,0
CUST101199,30,Female,Salaried,454000,677,1796000,48,7255,0.19,Chennai,Education,2026-07-04,0
CUST101200,27,Male,Salaried,585000,521,564000,36,14432,0.3,Chennai,Personal,2025-06-04,0
CUST101201,53,Male,Self-Employed,548000,531,728000,84,8676,0.19,Pondicherry,Vehicle,2025-02-14,0
CUST101202,43,Female,Salaried,555000,586,1981000,48,10098,0.22,Chennai,Vehicle,2025-11-01,0
CUST101203,41,Female,Self-Employed,1389000,673,1423000,48,37875,0.33,Madurai,Vehicle,2026-01-03,0
CUST101204,39,Male,Self-Employed,1157000,750,961000,60,26703,0.28,Coimbatore,Vehicle,2025-11-24,0
CUST101205,39,Male,Salaried,903000,597,254000,60,4895,0.07,Chennai,Business Expansion,2026-04-27,1
CUST101206,56,Female,Salaried,684000,769,739000,120,5867,0.1,Coimbatore,Vehicle,2024-09-01,1
CUST101207,49,Female,Salaried,860000,654,393000,120,4405,0.06,Salem,Business Expansion,2025-07-24,0
CUST101208,38,Male,Business,896000,671,514000,84,5280,0.07,Pondicherry,Personal,2024-11-20,0
CUST101209,22,Female,Salaried,715000,644,1612000,48,9036,0.15,Chennai,Home,2026-07-25,0
CUST101210,21,Male,Business,1414000,632,78000,12,31621,0.27,Pondicherry,Business Expansion,2025-04-16,0
CUST101211,25,Female,Self-Employed,982000,664,1712000,84,10090,0.12,Salem,Personal,2025-05-04,1
CUST101212,40,Female,Self-Employed,1396000,691,1449000,48,19507,0.17,Chennai,Vehicle,2025-06-24,0
CUST101213,31,Male,Salaried,445000,570,154000,24,6236,0.17,Coimbatore,Vehicle,2024-11-24,1
CUST101214,62,Male,Self-Employed,658000,607,383000,84,12452,0.23,Chennai,Personal,2025-03-26,0
CUST101215,22,Female,Self-Employed,652000,775,1142000,120,17271,0.32,Coimbatore,Personal,2026-06-18,0
CUST101216,23,Female,Salaried,978000,665,156000,24,28114,0.34,Trichy,Business Expansion,2026-01-15,0
CUST101217,43,Male,Self-Employed,878000,650,1765000,24,16929,0.23,Chennai,Business Expansion,2025-05-25,0
CUST101218,32,Female,Self-Employed,1306000,730,151000,24,21932,0.2,Chennai,Vehicle,2026-05-19,1
CUST101219,40,Female,Business,1521000,604,1335000,36,32265,0.25,Coimbatore,Business Expansion,2026-02-03,0
CUST101220,25,Male,Salaried,781000,646,1737000,120,16297,0.25,Coimbatore,Business Expansion,2024-09-27,0
CUST101221,57,Female,Business,530000,723,601000,12,9150,0.21,Madurai,Vehicle,2024-11-23,0
CUST101222,58,Female,Salaried,472000,761,1362000,36,10662,0.27,Trichy,Personal,2025-08-23,0
CUST101223,50,Female,Business,842000,437,186000,36,13849,0.2,Chennai,Home,2026-02-05,0
CUST101224,29,Male,Business,518000,583,539000,24,15062,0.35,Coimbatore,Personal,2025-06-09,0
CUST101225,54,Male,Salaried,701000,560,1762000,12,3779,0.06,Chennai,Home,2026-01-30,0
CUST101226,64,Male,Salaried,1072000,638,116000,120,16344,0.18,Salem,Home,2025-04-10,0
CUST101227,55,Female,Self-Employed,566000,541,1224000,12,7976,0.17,Coimbatore,Education,2024-09-21,0
CUST101228,42,Female,Salaried,733000,709,327000,48,17169,0.28,Chennai,Vehicle,2025-10-26,0
CUST101229,64,Female,Salaried,991000,665,1913000,84,8856,0.11,Chennai,Business Expansion,2026-01-04,0
CUST101230,44,Female,Salaried,473000,730,261000,36,7103,0.18,Chennai,Vehicle,2024-12-30,0
CUST101231,37,Male,Business,845000,735,1919000,84,18264,0.26,Chennai,Personal,2026-05-22,0
CUST101232,30,Female,Business,1090000,711,1423000,84,20978,0.23,Trichy,Home,2025-08-01,0
CUST101233,50,Male,Self-Employed,511000,594,677000,12,9093,0.21,Pondicherry,Education,2025-12-22,0
CUST101234,43,Female,Self-Employed,967000,634,697000,120,14544,0.18,Coimbatore,Home,2024-09-21,0
CUST101235,52,Male,Self-Employed,854000,583,1220000,60,19613,0.28,Madurai,Vehicle,2025-04-27,0
CUST101236,37,Female,Salaried,528000,527,414000,84,10732,0.24,Trichy,Home,2026-03-08,0
CUST101237,37,Female,Salaried,923000,735,727000,36,24029,0.31,Coimbatore,Home,2025-04-07,0
CUST101238,34,Female,Self-Employed,728000,617,1301000,84,16373,0.27,Chennai,Home,2026-06-05,1
CUST101239,29,Male,Business,573000,514,1719000,12,4398,0.09,Chennai,Vehicle,2026-03-19,1
CUST101240,60,Male,Self-Employed,1090000,673,1765000,60,21424,0.24,Pondicherry,Business Expansion,2025-11-03,0
CUST101241,22,Male,Self-Employed,978000,604,1363000,84,5163,0.06,Pondicherry,Vehicle,2025-12-12,1
CUST101242,45,Female,Self-Employed,470000,439,1403000,60,6509,0.17,Chennai,Vehicle,2024-11-20,1
CUST101243,59,Male,Salaried,798000,526,912000,60,11543,0.17,Chennai,Education,2024-11-11,0
CUST101244,29,Female,Self-Employed,314000,561,444000,24,8019,0.31,Pondicherry,Vehicle,2024-08-12,1
CUST101245,42,Male,Salaried,864000,668,604000,120,7496,0.1,Madurai,Business Expansion,2025-11-13,0
CUST101246,63,Male,Salaried,1004000,720,852000,120,20336,0.24,Pondicherry,Personal,2025-03-20,0
CUST101247,24,Female,Self-Employed,1242000,692,1212000,120,11148,0.11,Chennai,Business Expansion,2025-12-17,0
CUST101248,46,Female,Self-Employed,546000,679,473000,48,15224,0.33,Salem,Vehicle,2025-10-29,0
CUST101249,49,Female,Salaried,998000,646,1326000,84,17369,0.21,Pondicherry,Home,2026-05-11,1
CUST101250,54,Female,Self-Employed,662000,780,465000,84,14479,0.26,Chennai,Home,2026-02-14,0
CUST101251,43,Male,Self-Employed,1272000,687,994000,48,25860,0.24,Madurai,Home,2024-09-06,1
CUST101252,57,Male,Self-Employed,359000,644,1580000,12,4220,0.14,Chennai,Personal,2024-12-28,0
CUST101253,31,Male,Business,659000,700,395000,120,17593,0.32,Coimbatore,Business Expansion,2024-12-15,0
CUST101254,26,Male,Salaried,730000,614,746000,12,14488,0.24,Trichy,Vehicle,2025-11-07,0
CUST101255,38,Female,Business,1288000,644,626000,84,21798,0.2,Coimbatore,Education,2024-11-24,0
CUST101256,41,Male,Self-Employed,533000,437,865000,120,9261,0.21,Trichy,Vehicle,2026-02-26,0
CUST101257,62,Male,Self-Employed,766000,590,229000,84,20248,0.32,Chennai,Vehicle,2025-07-07,0
CUST101258,56,Male,Self-Employed,1288000,783,1880000,48,7270,0.07,Trichy,Home,2025-06-25,1
CUST101259,61,Male,Salaried,490000,663,263000,60,6807,0.17,Coimbatore,Vehicle,2025-08-31,0
CUST101260,58,Male,Salaried,852000,659,487000,12,21476,0.3,Pondicherry,Vehicle,2024-11-24,0
CUST101261,54,Female,Self-Employed,1002000,714,1553000,84,5114,0.06,Chennai,Business Expansion,2025-06-25,0
CUST101262,37,Female,Salaried,423000,682,202000,24,8521,0.24,Coimbatore,Personal,2025-11-18,0
CUST101263,57,Female,Self-Employed,1406000,554,921000,120,20033,0.17,Coimbatore,Vehicle,2024-09-04,0
CUST101264,45,Female,Salaried,1015000,652,990000,24,9420,0.11,Coimbatore,Home,2025-07-29,0
CUST101265,58,Male,Salaried,782000,547,1486000,48,15211,0.23,Coimbatore,Vehicle,2025-01-13,1
CUST101266,32,Female,Salaried,776000,666,1942000,12,19355,0.3,Coimbatore,Business Expansion,2026-03-31,0
CUST101267,43,Male,Self-Employed,356000,549,1873000,12,5642,0.19,Salem,Vehicle,2026-06-12,0
CUST101268,62,Male,Salaried,555000,733,1196000,84,4348,0.09,Chennai,Home,2026-06-27,1
CUST101269,42,Female,Self-Employed,906000,579,655000,84,10709,0.14,Pondicherry,Personal,2026-05-11,1
CUST101270,41,Male,Salaried,805000,575,1965000,120,23103,0.34,Madurai,Personal,2025-08-22,0
CUST101271,47,Female,Self-Employed,1367000,614,1964000,60,9492,0.08,Coimbatore,Vehicle,2026-02-14,0
CUST101272,51,Male,Salaried,694000,682,1667000,12,5680,0.1,Trichy,Personal,2025-03-16,0
CUST101273,26,Female,Salaried,549000,541,1693000,48,15877,0.35,Pondicherry,Business Expansion,2026-03-12,0
CUST101274,47,Male,Self-Employed,374000,578,801000,12,9805,0.31,Coimbatore,Personal,2025-10-07,0
CUST101275,60,Male,Self-Employed,767000,634,1652000,84,16755,0.26,Pondicherry,Home,2025-03-14,0
CUST101276,54,Female,Salaried,624000,770,1853000,12,4955,0.1,Chennai,Business Expansion,2026-07-21,0
CUST101277,32,Male,Business,519000,422,1003000,24,5283,0.12,Trichy,Vehicle,2026-06-06,1
CUST101278,27,Male,Salaried,832000,705,1316000,48,7214,0.1,Coimbatore,Business Expansion,2024-08-16,1
CUST101279,30,Male,Salaried,769000,615,837000,36,15334,0.24,Coimbatore,Personal,2025-01-15,0
CUST101280,37,Female,Salaried,769000,605,1379000,48,10872,0.17,Madurai,Home,2024-08-08,0
CUST101281,46,Female,Salaried,1056000,588,1209000,48,5661,0.06,Coimbatore,Home,2025-10-12,0
CUST101282,41,Male,Salaried,980000,617,1232000,84,11219,0.14,Coimbatore,Home,2026-06-04,0
CUST101283,48,Female,Salaried,790000,705,201000,36,20289,0.31,Coimbatore,Business Expansion,2025-10-09,0
CUST101284,22,Female,Self-Employed,1021000,576,943000,120,24573,0.29,Madurai,Personal,2025-08-21,0
CUST101285,63,Female,Salaried,777000,799,958000,84,15728,0.24,Madurai,Education,2025-01-13,0
CUST101286,21,Female,Self-Employed,556000,681,505000,36,3505,0.08,Coimbatore,Business Expansion,2025-06-08,0
CUST101287,56,Male,Salaried,856000,667,1627000,24,22458,0.31,Chennai,Vehicle,2026-01-14,1
CUST101288,46,Female,Salaried,755000,635,383000,60,13234,0.21,Pondicherry,Education,2024-09-21,0
CUST101289,49,Male,Salaried,708000,757,512000,48,11703,0.2,Pondicherry,Personal,2025-06-17,0
CUST101290,41,Male,Self-Employed,372000,745,1542000,48,10236,0.33,Chennai,Home,2026-03-01,1
CUST101291,31,Female,Self-Employed,1239000,520,1920000,48,5436,0.05,Chennai,Vehicle,2025-05-02,0
CUST101292,60,Female,Business,1745000,586,1099000,48,31521,0.22,Chennai,Home,2025-10-27,0
CUST101293,31,Male,Salaried,980000,707,1239000,24,23468,0.29,Pondicherry,Education,2025-05-03,0
CUST101294,56,Male,Self-Employed,683000,709,1439000,48,3933,0.07,Pondicherry,Education,2025-06-04,0
CUST101295,59,Female,Self-Employed,504000,597,855000,36,6600,0.16,Chennai,Education,2026-05-16,1
CUST101296,60,Male,Salaried,710000,583,488000,36,20308,0.34,Pondicherry,Education,2026-04-26,0
CUST101297,55,Male,Salaried,423000,657,146000,12,4002,0.11,Chennai,Vehicle,2026-07-18,0
CUST101298,54,Male,Salaried,787000,782,443000,24,13730,0.21,Chennai,Vehicle,2024-10-30,0
CUST101299,44,Male,Self-Employed,365000,628,1540000,12,8328,0.27,Salem,Home,2025-10-15,0
CUST101300,42,Female,Salaried,566000,536,316000,48,7882,0.17,Pondicherry,Business Expansion,2026-04-26,0
CUST101301,25,Male,Self-Employed,1094000,634,1972000,120,15713,0.17,Pondicherry,Home,2025-09-22,0
CUST101302,53,Female,Salaried,973000,720,1196000,24,5593,0.07,Coimbatore,Business Expansion,2026-06-30,0
CUST101303,56,Male,Salaried,810000,640,1608000,120,7224,0.11,Coimbatore,Education,2026-03-15,1
CUST101304,40,Female,Salaried,597000,763,879000,24,15630,0.31,Pondicherry,Home,2026-05-30,0
CUST101305,39,Female,Self-Employed,501000,702,1271000,60,12336,0.3,Trichy,Home,2025-09-23,1
CUST101306,55,Female,Salaried,1044000,644,1114000,60,12301,0.14,Chennai,Personal,2025-09-03,1
CUST101307,63,Female,Salaried,468000,653,170000,120,6416,0.16,Coimbatore,Business Expansion,2025-04-16,0
CUST101308,37,Female,Self-Employed,564000,459,474000,12,8559,0.18,Pondicherry,Business Expansion,2026-05-01,1
CUST101309,63,Male,Salaried,718000,758,1934000,12,9201,0.15,Salem,Vehicle,2024-08-04,1
CUST101310,54,Female,Salaried,1066000,620,53000,36,21868,0.25,Trichy,Business Expansion,2025-03-01,0
CUST101311,29,Female,Salaried,727000,614,1328000,120,3262,0.05,Trichy,Home,2025-09-10,0
CUST101312,46,Male,Salaried,1038000,600,692000,36,27165,0.31,Chennai,Vehicle,2024-10-08,0
CUST101313,22,Male,Salaried,767000,691,1072000,84,8960,0.14,Madurai,Vehicle,2025-03-19,0
CUST101314,29,Female,Salaried,733000,548,1541000,120,19040,0.31,Trichy,Home,2026-02-23,0
CUST101315,29,Female,Salaried,850000,561,868000,84,13197,0.19,Chennai,Personal,2025-05-10,0
CUST101316,60,Male,Salaried,848000,645,232000,120,19991,0.28,Pondicherry,Business Expansion,2026-04-23,0
CUST101317,37,Male,Business,597000,593,1180000,84,14812,0.3,Salem,Education,2025-06-02,0
CUST101318,21,Female,Salaried,759000,680,548000,36,8879,0.14,Chennai,Vehicle,2025-04-25,0
CUST101319,45,Male,Salaried,694000,596,1520000,24,14001,0.24,Pondicherry,Education,2024-12-16,1
CUST101320,63,Female,Salaried,858000,793,1250000,48,16604,0.23,Trichy,Home,2024-09-18,0
CUST101321,60,Female,Salaried,769000,712,121000,12,12355,0.19,Madurai,Education,2024-09-04,0
CUST101322,62,Female,Business,1720000,711,119000,36,27358,0.19,Pondicherry,Home,2025-01-29,0
CUST101323,45,Male,Self-Employed,559000,570,630000,120,6594,0.14,Chennai,Personal,2024-11-28,0
CUST101324,59,Female,Salaried,516000,866,1849000,24,6151,0.14,Pondicherry,Home,2025-04-25,0
CUST101325,55,Female,Self-Employed,1224000,585,172000,60,21873,0.21,Coimbatore,Business Expansion,2025-11-19,1
CUST101326,23,Female,Salaried,519000,585,441000,48,2581,0.06,Pondicherry,Home,2025-05-05,0
CUST101327,57,Male,Business,1299000,713,1300000,60,35733,0.33,Coimbatore,Home,2025-03-25,0
CUST101328,64,Male,Business,1472000,667,964000,84,30052,0.24,Chennai,Personal,2025-04-01,0
CUST101329,64,Female,Self-Employed,355000,551,417000,120,5414,0.18,Coimbatore,Home,2026-01-03,1
CUST101330,50,Male,Salaried,1065000,847,507000,60,6083,0.07,Chennai,Home,2025-04-11,0
CUST101331,58,Male,Salaried,751000,737,232000,120,14957,0.24,Chennai,Vehicle,2026-05-16,1
CUST101332,54,Male,Salaried,883000,650,1300000,48,4070,0.06,Chennai,Home,2025-04-01,0
CUST101333,32,Female,Salaried,421000,866,1145000,24,8909,0.25,Pondicherry,Home,2026-04-08,0
CUST101334,39,Male,Salaried,607000,722,561000,120,3629,0.07,Pondicherry,Home,2026-06-29,0
CUST101335,57,Male,Business,1364000,648,1081000,60,28056,0.25,Salem,Home,2024-09-05,1
CUST101336,64,Male,Salaried,992000,855,1145000,24,14199,0.17,Pondicherry,Personal,2025-01-08,0
CUST101337,37,Female,Self-Employed,655000,684,773000,60,13579,0.25,Pondicherry,Vehicle,2026-02-27,0
CUST101338,30,Male,Self-Employed,1085000,680,1848000,36,8277,0.09,Chennai,Personal,2024-12-19,0
CUST101339,32,Male,Business,1495000,615,95000,120,10616,0.09,Pondicherry,Home,2026-06-05,1
CUST101340,36,Male,Salaried,802000,654,1223000,84,8302,0.12,Pondicherry,Vehicle,2025-10-28,1
CUST101341,44,Female,Salaried,524000,613,642000,48,7574,0.17,Chennai,Vehicle,2024-12-11,0
CUST101342,39,Male,Self-Employed,1132000,754,989000,12,11877,0.13,Trichy,Personal,2026-04-15,1
CUST101343,28,Male,Business,529000,505,822000,48,3288,0.07,Coimbatore,Personal,2026-07-13,0
CUST101344,51,Male,Business,1521000,772,531000,60,18696,0.15,Salem,Home,2025-05-01,1
CUST101345,41,Female,Self-Employed,528000,546,1482000,60,11516,0.26,Trichy,Home,2026-03-24,1
CUST101346,37,Female,Salaried,1059000,644,1248000,84,19849,0.22,Salem,Personal,2024-08-18,1
CUST101347,43,Female,Salaried,857000,623,1500000,120,24210,0.34,Chennai,Home,2025-05-03,0
CUST101348,57,Female,Salaried,892000,603,704000,36,13437,0.18,Chennai,Personal,2025-07-26,0
CUST101349,36,Male,Self-Employed,758000,687,1777000,36,9464,0.15,Salem,Vehicle,2024-08-22,0
CUST101350,26,Female,Self-Employed,1183000,624,1744000,48,25444,0.26,Chennai,Education,2025-03-05,1
CUST101351,28,Male,Self-Employed,788000,564,286000,12,11398,0.17,Coimbatore,Vehicle,2025-11-09,0
CUST101352,45,Male,Business,533000,663,1668000,84,10459,0.24,Trichy,Vehicle,2025-12-06,1
CUST101353,38,Male,Self-Employed,897000,562,1885000,48,24957,0.33,Pondicherry,Personal,2025-12-07,1
CUST101354,45,Male,Salaried,964000,601,1040000,12,16047,0.2,Chennai,Home,2025-02-17,0
CUST101355,32,Female,Salaried,604000,515,736000,24,10039,0.2,Chennai,Personal,2025-04-22,1
CUST101356,35,Male,Business,1308000,609,1213000,60,30797,0.28,Madurai,Vehicle,2026-06-30,0
CUST101357,46,Female,Salaried,493000,694,113000,24,11372,0.28,Coimbatore,Vehicle,2025-05-16,0
CUST101358,61,Male,Salaried,501000,653,328000,48,8553,0.2,Coimbatore,Business Expansion,2025-04-20,0
CUST101359,46,Male,Salaried,478000,813,99000,12,2765,0.07,Pondicherry,Home,2025-09-21,0
CUST101360,52,Female,Salaried,430000,885,264000,12,12335,0.34,Trichy,Home,2024-10-05,0
CUST101361,30,Female,Salaried,444000,608,1710000,24,6038,0.16,Pondicherry,Vehicle,2025-12-24,1
CUST101362,36,Female,Business,1798000,575,85000,36,21727,0.15,Chennai,Vehicle,2025-10-30,0
CUST101363,27,Male,Business,1089000,751,1724000,36,31260,0.34,Trichy,Home,2026-04-01,1
CUST101364,37,Male,Business,1146000,680,1671000,84,29761,0.31,Salem,Vehicle,2024-11-01,1
CUST101365,43,Female,Salaried,1000000,752,480000,24,12422,0.15,Madurai,Personal,2026-06-03,0
CUST101366,46,Female,Business,446000,685,554000,36,5295,0.14,Chennai,Vehicle,2026-04-21,0
CUST101367,41,Male,Business,1203000,632,1641000,12,26695,0.27,Salem,Home,2025-01-27,0
CUST101368,42,Female,Business,701000,633,298000,48,8779,0.15,Madurai,Vehicle,2024-09-04,0
CUST101369,27,Female,Self-Employed,1087000,663,783000,36,11361,0.13,Pondicherry,Business Expansion,2025-05-23,0
CUST101370,34,Female,Self-Employed,791000,605,1910000,84,22668,0.34,Chennai,Education,2025-10-02,1
CUST101371,35,Female,Salaried,762000,759,854000,12,13951,0.22,Trichy,Education,2025-05-22,0
CUST101372,27,Female,Business,1005000,532,517000,84,23345,0.28,Salem,Personal,2026-01-14,0
CUST101373,29,Male,Salaried,702000,759,810000,120,15439,0.26,Madurai,Personal,2025-07-19,0
CUST101374,28,Male,Salaried,447000,481,559000,48,10305,0.28,Chennai,Personal,2025-03-03,0
CUST101375,43,Female,Business,1216000,663,1467000,12,32529,0.32,Chennai,Home,2024-09-22,1
CUST101376,49,Male,Salaried,472000,620,1513000,120,7875,0.2,Chennai,Home,2024-12-18,0
CUST101377,38,Male,Salaried,673000,513,775000,120,15479,0.28,Coimbatore,Home,2026-05-10,0
CUST101378,51,Male,Business,1429000,464,859000,120,34420,0.29,Trichy,Vehicle,2025-10-22,0
CUST101379,50,Male,Business,394000,551,1231000,60,10963,0.33,Chennai,Personal,2026-06-12,0
CUST101380,59,Female,Salaried,839000,654,1167000,120,18453,0.26,Chennai,Home,2026-04-26,0
CUST101381,55,Female,Business,1376000,595,1863000,48,36439,0.32,Coimbatore,Vehicle,2026-05-13,0
CUST101382,38,Male,Salaried,567000,556,1559000,60,3709,0.08,Coimbatore,Vehicle,2024-08-26,1
CUST101383,62,Male,Salaried,642000,771,1512000,120,4698,0.09,Madurai,Vehicle,2026-07-28,0
CUST101384,59,Female,Salaried,619000,539,215000,36,5029,0.1,Trichy,Vehicle,2026-02-01,0
CUST101385,37,Female,Salaried,598000,711,1129000,84,4656,0.09,Pondicherry,Home,2026-05-07,0
CUST101386,34,Female,Salaried,631000,569,1528000,36,4009,0.08,Chennai,Home,2025-05-15,0
CUST101387,51,Male,Salaried,498000,548,1443000,12,3601,0.09,Madurai,Business Expansion,2025-02-13,0
CUST101388,44,Male,Business,802000,595,1451000,24,23309,0.35,Coimbatore,Home,2024-11-20,1
CUST101389,55,Male,Self-Employed,1114000,680,895000,12,12222,0.13,Chennai,Personal,2026-05-17,0
CUST101390,64,Female,Business,1512000,526,1468000,120,24370,0.19,Madurai,Personal,2025-11-14,1
CUST101391,54,Female,Self-Employed,1283000,650,1464000,84,31699,0.3,Pondicherry,Education,2025-08-04,0
CUST101392,23,Female,Salaried,1020000,563,1425000,84,7266,0.09,Chennai,Vehicle,2025-08-17,0
CUST101393,57,Male,Business,1729000,579,1155000,84,20922,0.15,Chennai,Vehicle,2024-08-28,0
CUST101394,63,Female,Business,1479000,686,1061000,60,12052,0.1,Trichy,Personal,2024-12-25,0
CUST101395,60,Female,Salaried,543000,845,595000,84,3111,0.07,Trichy,Education,2025-06-06,0
CUST101396,46,Male,Salaried,905000,568,112000,48,25507,0.34,Coimbatore,Vehicle,2025-08-13,1
CUST101397,43,Male,Self-Employed,1227000,689,1587000,24,31442,0.31,Trichy,Home,2024-10-20,0
CUST101398,64,Male,Self-Employed,1409000,596,751000,12,36844,0.31,Salem,Vehicle,2024-08-15,0
CUST101399,59,Male,Business,1561000,607,1976000,60,40404,0.31,Chennai,Personal,2025-03-03,1
CUST101400,35,Male,Salaried,957000,746,604000,60,7685,0.1,Chennai,Home,2024-08-23,0
CUST101401,24,Male,Salaried,492000,574,656000,36,11705,0.29,Chennai,Personal,2025-07-02,0
CUST101402,49,Male,Self-Employed,1034000,521,1859000,12,23123,0.27,Trichy,Business Expansion,2025-02-06,1
CUST101403,42,Male,Self-Employed,1129000,666,197000,12,30824,0.33,Coimbatore,Personal,2025-05-08,0
CUST101404,45,Male,Salaried,1048000,793,1592000,84,10112,0.12,Salem,Vehicle,2025-01-07,1
CUST101405,33,Female,Salaried,474000,717,1799000,120,6881,0.17,Trichy,Vehicle,2026-05-23,0
CUST101406,38,Female,Self-Employed,451000,498,357000,84,5204,0.14,Coimbatore,Vehicle,2025-08-20,0
CUST101407,53,Female,Self-Employed,1282000,569,1578000,60,13607,0.13,Chennai,Personal,2025-05-11,0
CUST101408,36,Male,Salaried,697000,738,1878000,12,14271,0.25,Madurai,Personal,2024-10-30,0
CUST101409,62,Female,Salaried,981000,792,147000,84,8108,0.1,Chennai,Home,2026-04-20,0
CUST101410,64,Male,Business,1086000,670,1375000,120,17144,0.19,Salem,Home,2025-12-06,0
CUST101411,22,Female,Business,1528000,597,1944000,36,31068,0.24,Coimbatore,Education,2025-11-27,1
CUST101412,55,Male,Salaried,1045000,798,1115000,24,7758,0.09,Chennai,Business Expansion,2024-12-18,0
CUST101413,62,Female,Salaried,469000,643,365000,60,4967,0.13,Madurai,Home,2025-11-06,0
CUST101414,54,Male,Business,495000,595,803000,36,14033,0.34,Chennai,Personal,2024-08-20,1
CUST101415,50,Female,Salaried,968000,580,1457000,36,23282,0.29,Madurai,Education,2025-07-05,0
CUST101416,33,Male,Self-Employed,646000,517,1177000,48,13624,0.25,Chennai,Home,2025-09-14,0
CUST101417,33,Male,Self-Employed,554000,880,1832000,24,14163,0.31,Madurai,Personal,2026-03-20,1
CUST101418,38,Male,Salaried,562000,777,1409000,36,2537,0.05,Madurai,Home,2026-04-05,0
CUST101419,52,Female,Self-Employed,300000,565,639000,48,1295,0.05,Madurai,Vehicle,2025-10-08,0
CUST101420,52,Female,Self-Employed,686000,780,1709000,48,5498,0.1,Trichy,Education,2025-02-18,0
CUST101421,55,Female,Self-Employed,366000,672,1105000,12,6056,0.2,Chennai,Business Expansion,2024-08-25,1
CUST101422,59,Male,Salaried,570000,692,983000,84,10497,0.22,Coimbatore,Personal,2024-08-31,0
CUST101423,49,Male,Business,900000,585,728000,36,6307,0.08,Coimbatore,Vehicle,2025-11-11,0
CUST101424,49,Female,Salaried,518000,603,1355000,60,3094,0.07,Coimbatore,Vehicle,2025-02-23,0
CUST101425,64,Male,Self-Employed,352000,621,1103000,12,8756,0.3,Salem,Home,2025-09-06,1
CUST101426,36,Female,Business,1561000,473,1839000,24,24630,0.19,Chennai,Home,2025-01-15,1
CUST101427,64,Female,Salaried,617000,606,730000,84,17880,0.35,Trichy,Education,2025-07-09,0
CUST101428,30,Female,Self-Employed,1381000,625,920000,60,13672,0.12,Coimbatore,Home,2024-10-06,0
CUST101429,50,Male,Business,1485000,767,442000,60,30214,0.24,Madurai,Personal,2026-07-04,0
CUST101430,45,Male,Salaried,901000,594,1105000,48,21873,0.29,Pondicherry,Personal,2024-08-11,0
CUST101431,59,Male,Salaried,636000,723,745000,36,16524,0.31,Chennai,Education,2025-09-15,1
CUST101432,40,Female,Business,1626000,464,1638000,48,19226,0.14,Pondicherry,Vehicle,2025-01-12,1
CUST101433,25,Male,Salaried,558000,755,1976000,48,5021,0.11,Chennai,Vehicle,2024-12-18,0
CUST101434,21,Male,Salaried,496000,568,1021000,36,4870,0.12,Madurai,Personal,2025-11-24,1
CUST101435,50,Male,Business,637000,661,968000,36,13272,0.25,Trichy,Vehicle,2025-09-16,0
CUST101436,23,Male,Business,1653000,686,898000,120,28472,0.21,Chennai,Vehicle,2025-04-19,0
CUST101437,34,Female,Business,1489000,668,997000,36,28501,0.23,Pondicherry,Education,2025-12-19,0
CUST101438,50,Female,Salaried,502000,640,1222000,48,2349,0.06,Chennai,Personal,2025-03-01,0
CUST101439,24,Male,Salaried,762000,538,1149000,84,10623,0.17,Pondicherry,Personal,2025-07-11,0
CUST101440,38,Male,Salaried,1046000,569,1031000,120,12468,0.14,Coimbatore,Business Expansion,2026-02-10,1
CUST101441,57,Female,Self-Employed,1316000,714,456000,36,33901,0.31,Trichy,Business Expansion,2024-09-05,1
CUST101442,45,Male,Self-Employed,1026000,571,1654000,36,24186,0.28,Salem,Home,2026-03-17,1
CUST101443,21,Female,Salaried,772000,640,323000,60,11507,0.18,Coimbatore,Home,2024-09-13,0
CUST101444,35,Female,Salaried,692000,515,790000,48,13791,0.24,Chennai,Education,2025-09-11,0
CUST101445,29,Male,Self-Employed,1263000,702,598000,36,6767,0.06,Pondicherry,Personal,2024-10-26,0
CUST101446,35,Male,Self-Employed,1338000,506,1720000,48,26891,0.24,Chennai,Personal,2024-09-04,0
CUST101447,44,Female,Salaried,1051000,732,110000,24,6933,0.08,Trichy,Personal,2025-10-27,0
CUST101448,24,Male,Business,1597000,554,1204000,12,35161,0.26,Salem,Personal,2025-06-13,0
CUST101449,32,Male,Salaried,1034000,741,562000,60,19142,0.22,Trichy,Vehicle,2026-07-22,0
CUST101450,57,Male,Self-Employed,390000,625,1133000,120,4554,0.14,Chennai,Personal,2025-01-13,1
CUST101451,57,Male,Business,1268000,599,951000,60,17038,0.16,Chennai,Personal,2025-01-27,0
CUST101452,63,Female,Self-Employed,678000,769,429000,120,4352,0.08,Chennai,Home,2025-12-27,1
CUST101453,26,Female,Salaried,772000,643,1912000,48,9446,0.15,Coimbatore,Education,2025-10-21,0
CUST101454,59,Female,Salaried,1073000,617,396000,36,30406,0.34,Chennai,Business Expansion,2026-07-08,0
CUST101455,44,Male,Business,1369000,731,1515000,120,22343,0.2,Pondicherry,Business Expansion,2025-11-21,0
CUST101456,31,Male,Salaried,967000,516,1616000,48,15493,0.19,Coimbatore,Vehicle,2025-07-19,0
CUST101457,33,Female,Self-Employed,1009000,397,1849000,84,20076,0.24,Salem,Personal,2026-01-17,1
CUST101458,54,Male,Business,889000,754,1960000,12,14470,0.2,Pondicherry,Business Expansion,2024-08-26,0
CUST101459,45,Female,Business,978000,574,448000,60,12767,0.16,Salem,Business Expansion,2024-08-30,0
CUST101460,27,Male,Salaried,875000,727,56000,60,6697,0.09,Chennai,Business Expansion,2026-06-10,1
CUST101461,24,Female,Business,1458000,654,1464000,12,29049,0.24,Madurai,Personal,2026-03-25,0
CUST101462,28,Female,Business,827000,545,978000,48,18929,0.27,Coimbatore,Personal,2025-03-12,0
CUST101463,40,Male,Salaried,678000,704,1208000,60,18471,0.33,Chennai,Vehicle,2024-11-14,0
CUST101464,49,Male,Salaried,781000,613,1004000,36,3313,0.05,Madurai,Personal,2026-01-22,1
CUST101465,30,Male,Salaried,990000,553,1093000,48,5774,0.07,Pondicherry,Personal,2026-05-01,0
CUST101466,63,Male,Salaried,810000,555,376000,36,21587,0.32,Chennai,Vehicle,2025-10-31,0
CUST101467,54,Female,Business,1046000,494,1507000,120,20863,0.24,Chennai,Personal,2024-09-30,0
CUST101468,46,Female,Self-Employed,589000,661,703000,84,16559,0.34,Chennai,Business Expansion,2025-01-23,0
CUST101469,61,Female,Business,1655000,565,1447000,84,24722,0.18,Pondicherry,Home,2026-03-30,0
CUST101470,23,Female,Self-Employed,1221000,621,192000,84,17806,0.17,Salem,Vehicle,2025-11-06,0
CUST101471,26,Male,Self-Employed,1344000,608,1795000,24,17167,0.15,Chennai,Home,2026-03-31,0
CUST101472,25,Male,Self-Employed,411000,540,443000,12,3179,0.09,Coimbatore,Education,2024-12-19,1
CUST101473,25,Male,Salaried,894000,512,532000,84,12187,0.16,Salem,Personal,2024-10-25,0
CUST101474,43,Female,Business,666000,878,1036000,60,3018,0.05,Coimbatore,Business Expansion,2025-12-01,0
CUST101475,29,Male,Salaried,972000,645,1710000,12,16426,0.2,Trichy,Personal,2026-04-27,0
CUST101476,55,Female,Self-Employed,1180000,789,540000,12,29909,0.3,Chennai,Home,2025-08-30,1
CUST101477,40,Male,Salaried,485000,754,1394000,36,5915,0.15,Coimbatore,Vehicle,2025-07-19,0
CUST101478,62,Female,Business,942000,621,1000000,120,6153,0.08,Madurai,Education,2026-07-29,0
CUST101479,55,Female,Business,1373000,666,461000,60,39145,0.34,Pondicherry,Home,2025-09-28,0
CUST101480,38,Male,Salaried,725000,663,403000,24,5358,0.09,Chennai,Personal,2024-11-16,1
CUST101481,37,Male,Self-Employed,813000,790,481000,12,14133,0.21,Chennai,Personal,2025-01-26,0
CUST101482,44,Female,Self-Employed,318000,699,52000,36,7758,0.29,Coimbatore,Home,2026-03-05,0
CUST101483,23,Male,Salaried,793000,577,1005000,84,8306,0.13,Madurai,Education,2026-05-01,0
CUST101484,52,Male,Salaried,504000,681,180000,36,12702,0.3,Pondicherry,Personal,2025-09-18,0
CUST101485,55,Female,Self-Employed,666000,697,1148000,84,12049,0.22,Pondicherry,Vehicle,2025-02-22,0
CUST101486,58,Male,Salaried,719000,544,1397000,120,8962,0.15,Chennai,Home,2024-10-06,1
CUST101487,33,Female,Salaried,662000,694,1551000,60,17085,0.31,Pondicherry,Home,2025-11-22,0
CUST101488,45,Female,Salaried,710000,771,1073000,48,13998,0.24,Chennai,Home,2024-12-16,0
CUST101489,29,Male,Salaried,951000,572,209000,48,18593,0.23,Coimbatore,Personal,2025-03-13,1
CUST101490,24,Male,Salaried,650000,585,1857000,120,10898,0.2,Pondicherry,Personal,2024-09-30,0
CUST101491,34,Male,Salaried,999000,754,66000,24,11024,0.13,Chennai,Home,2026-04-06,0
CUST101492,57,Female,Salaried,828000,618,1468000,120,9760,0.14,Chennai,Business Expansion,2025-05-20,0
CUST101493,54,Male,Salaried,789000,561,405000,84,5024,0.08,Coimbatore,Personal,2024-08-15,1
CUST101494,31,Female,Self-Employed,1002000,704,1105000,36,10280,0.12,Trichy,Home,2024-09-19,0
CUST101495,61,Male,Business,420000,701,938000,48,4667,0.13,Madurai,Home,2024-11-09,0
CUST101496,23,Male,Salaried,888000,658,532000,120,5003,0.07,Coimbatore,Home,2025-09-30,0
CUST101497,48,Male,Business,625000,751,1959000,12,4327,0.08,Pondicherry,Home,2024-08-10,0
CUST101498,49,Male,Salaried,1062000,757,1228000,24,11600,0.13,Pondicherry,Personal,2024-12-01,0
CUST101499,29,Male,Self-Employed,718000,617,1697000,84,15148,0.25,Pondicherry,Business Expansion,2026-05-24,0
CUST101500,23,Female,Salaried,738000,827,659000,12,6474,0.11,Coimbatore,Education,2026-06-02,0
CUST101501,45,Male,Self-Employed,1081000,767,822000,48,18607,0.21,Chennai,Business Expansion,2025-04-10,0
CUST101502,54,Male,Self-Employed,994000,446,906000,36,16763,0.2,Chennai,Personal,2025-06-28,0
CUST101503,32,Male,Salaried,1057000,557,1677000,48,26443,0.3,Trichy,Personal,2025-02-17,0
CUST101504,62,Female,Salaried,767000,447,1731000,24,14876,0.23,Pondicherry,Education,2024-11-06,1
CUST101505,29,Male,Business,527000,620,1588000,84,14277,0.33,Salem,Vehicle,2025-03-10,1
CUST101506,35,Male,Salaried,827000,540,845000,24,16431,0.24,Chennai,Personal,2026-07-21,1
CUST101507,60,Female,Salaried,858000,576,1011000,12,4122,0.06,Chennai,Personal,2025-05-02,0
CUST101508,45,Male,Salaried,660000,748,851000,12,9044,0.16,Chennai,Personal,2025-12-17,0
CUST101509,25,Female,Salaried,581000,492,391000,24,12574,0.26,Chennai,Vehicle,2026-02-10,1
CUST101510,31,Male,Salaried,1002000,661,455000,120,16076,0.19,Madurai,Business Expansion,2026-04-19,1
CUST101511,54,Male,Salaried,466000,661,1446000,120,6827,0.18,Salem,Home,2026-06-27,0
CUST101512,44,Female,Salaried,1054000,642,1359000,12,22086,0.25,Madurai,Home,2025-08-05,0
CUST101513,35,Male,Salaried,578000,661,609000,120,6537,0.14,Madurai,Personal,2026-01-05,0
CUST101514,58,Female,Self-Employed,1376000,424,626000,60,37002,0.32,Trichy,Home,2026-03-12,1
CUST101515,28,Male,Self-Employed,439000,552,270000,84,6363,0.17,Chennai,Vehicle,2025-06-26,0
CUST101516,25,Female,Business,1773000,788,196000,24,35366,0.24,Pondicherry,Vehicle,2025-03-09,0
CUST101517,46,Female,Business,867000,542,1050000,84,24904,0.34,Trichy,Personal,2025-07-13,0
CUST101518,38,Male,Business,1493000,799,1253000,12,35538,0.29,Chennai,Vehicle,2026-02-17,0
CUST101519,26,Female,Self-Employed,301000,498,1583000,120,5254,0.21,Trichy,Personal,2024-09-28,0
CUST101520,57,Male,Self-Employed,1127000,487,1370000,84,28909,0.31,Madurai,Vehicle,2026-07-06,1
CUST101521,33,Female,Salaried,1027000,564,1422000,48,18668,0.22,Chennai,Vehicle,2024-09-01,0
CUST101522,48,Male,Self-Employed,423000,726,540000,36,6432,0.18,Chennai,Home,2026-05-20,0
CUST101523,25,Female,Salaried,1073000,600,402000,120,27901,0.31,Coimbatore,Vehicle,2026-05-06,1
CUST101524,33,Male,Business,1057000,681,1060000,60,5121,0.06,Chennai,Personal,2025-02-24,0
CUST101525,37,Male,Salaried,494000,656,130000,60,7090,0.17,Chennai,Personal,2025-07-04,0
CUST101526,60,Female,Self-Employed,1314000,620,919000,36,16742,0.15,Madurai,Home,2025-03-01,1
CUST101527,52,Female,Salaried,1030000,764,754000,36,22679,0.26,Coimbatore,Personal,2025-01-26,0
CUST101528,49,Male,Salaried,801000,719,483000,84,3589,0.05,Trichy,Business Expansion,2025-06-06,0
CUST101529,23,Male,Salaried,816000,547,1882000,84,16881,0.25,Salem,Home,2025-09-13,0
CUST101530,60,Male,Salaried,835000,625,1196000,48,10709,0.15,Trichy,Vehicle,2026-04-30,0
CUST101531,54,Male,Salaried,923000,806,1362000,84,6104,0.08,Madurai,Education,2024-12-16,0
CUST101532,60,Male,Salaried,657000,678,789000,36,18839,0.34,Pondicherry,Personal,2025-08-26,1
CUST101533,47,Female,Salaried,995000,514,1543000,60,9425,0.11,Trichy,Home,2025-08-17,1
CUST101534,33,Male,Salaried,790000,520,559000,48,10186,0.15,Chennai,Home,2026-07-06,1
CUST101535,53,Female,Business,1222000,730,643000,36,11416,0.11,Coimbatore,Home,2025-12-24,0
CUST101536,26,Female,Salaried,971000,713,962000,48,20115,0.25,Trichy,Home,2025-05-02,0
CUST101537,44,Male,Salaried,677000,567,529000,48,16064,0.28,Trichy,Vehicle,2026-05-09,1
CUST101538,39,Male,Business,962000,717,1669000,84,24706,0.31,Salem,Home,2025-12-08,0
CUST101539,36,Male,Self-Employed,766000,768,804000,84,9147,0.14,Madurai,Vehicle,2024-09-14,0
CUST101540,60,Male,Salaried,803000,781,1512000,12,13876,0.21,Pondicherry,Home,2025-11-05,1
CUST101541,48,Female,Salaried,473000,794,776000,36,9813,0.25,Chennai,Home,2024-09-07,0
CUST101542,53,Male,Business,1318000,699,1247000,84,26234,0.24,Madurai,Home,2026-05-09,0
CUST101543,61,Female,Salaried,866000,634,395000,12,19110,0.26,Salem,Home,2024-10-06,1
CUST101544,33,Male,Salaried,909000,613,1004000,84,21279,0.28,Chennai,Home,2026-03-10,0
CUST101545,63,Male,Self-Employed,513000,623,1912000,60,3387,0.08,Chennai,Vehicle,2025-04-21,0
CUST101546,45,Male,Salaried,422000,571,154000,120,3534,0.1,Coimbatore,Vehicle,2026-03-25,0
CUST101547,62,Male,Business,805000,617,1642000,48,18132,0.27,Pondicherry,Home,2026-04-06,0
CUST101548,56,Male,Salaried,702000,764,837000,60,11290,0.19,Chennai,Vehicle,2025-12-28,0
CUST101549,47,Male,Self-Employed,419000,480,1754000,48,6219,0.18,Madurai,Home,2026-03-28,0
CUST101550,58,Female,Self-Employed,1190000,486,1824000,36,18507,0.19,Chennai,Home,2024-08-12,0
CUST101551,27,Female,Salaried,627000,724,1660000,120,8444,0.16,Coimbatore,Business Expansion,2026-03-17,0
CUST101552,25,Male,Business,1533000,618,1528000,24,29040,0.23,Salem,Education,2025-01-18,0
CUST101553,63,Male,Business,894000,476,1367000,36,10951,0.15,Chennai,Business Expansion,2025-07-16,0
CUST101554,51,Male,Salaried,741000,644,844000,48,14884,0.24,Chennai,Home,2025-03-22,1
CUST101555,43,Male,Business,1428000,631,442000,24,13184,0.11,Coimbatore,Education,2025-05-31,1
CUST101556,62,Male,Salaried,637000,611,245000,24,14720,0.28,Madurai,Vehicle,2025-12-19,0
CUST101557,30,Male,Business,1053000,711,471000,36,24963,0.28,Chennai,Personal,2025-12-08,0
CUST101558,52,Male,Salaried,473000,530,1550000,60,8811,0.22,Madurai,Education,2026-02-08,0
CUST101559,63,Male,Salaried,529000,651,930000,36,7088,0.16,Salem,Business Expansion,2026-01-19,0
CUST101560,50,Male,Salaried,498000,631,267000,48,2254,0.05,Coimbatore,Vehicle,2024-08-04,0
CUST101561,59,Male,Salaried,608000,653,202000,120,4380,0.09,Coimbatore,Business Expansion,2025-08-23,0
CUST101562,51,Female,Salaried,516000,494,1855000,60,3177,0.07,Madurai,Personal,2025-03-18,0
CUST101563,38,Male,Business,1099000,602,86000,48,4859,0.05,Madurai,Vehicle,2025-10-16,0
CUST101564,56,Male,Business,613000,651,739000,84,13622,0.27,Chennai,Home,2025-10-23,0
CUST101565,22,Female,Salaried,559000,698,1421000,84,15690,0.34,Madurai,Education,2025-02-11,1
CUST101566,34,Female,Salaried,672000,816,761000,120,2987,0.05,Salem,Vehicle,2025-01-03,0
CUST101567,33,Female,Business,1172000,722,1243000,60,8185,0.08,Chennai,Business Expansion,2024-11-18,0
CUST101568,49,Female,Salaried,628000,691,359000,12,16129,0.31,Trichy,Personal,2025-11-02,0
CUST101569,32,Male,Salaried,773000,764,1710000,60,16526,0.26,Chennai,Business Expansion,2026-06-08,0
CUST101570,59,Male,Salaried,937000,622,1748000,12,13384,0.17,Madurai,Personal,2025-06-25,0
CUST101571,22,Female,Salaried,916000,789,1964000,48,26551,0.35,Coimbatore,Vehicle,2024-09-30,0
CUST101572,52,Male,Salaried,955000,750,1872000,36,17674,0.22,Madurai,Business Expansion,2026-07-22,0
CUST101573,33,Male,Self-Employed,855000,584,1427000,48,17875,0.25,Madurai,Home,2026-04-29,1
CUST101574,47,Female,Self-Employed,859000,798,299000,36,17606,0.25,Chennai,Personal,2026-03-20,0
CUST101575,61,Male,Salaried,474000,690,1452000,84,4614,0.12,Pondicherry,Personal,2026-07-22,0
CUST101576,37,Male,Business,605000,847,991000,12,9903,0.2,Madurai,Personal,2025-11-08,0
CUST101577,60,Male,Self-Employed,358000,652,789000,36,3428,0.11,Chennai,Personal,2024-09-12,0
CUST101578,51,Male,Salaried,994000,599,1218000,48,16801,0.2,Salem,Home,2025-05-11,0
CUST101579,54,Male,Salaried,1035000,580,674000,48,5108,0.06,Chennai,Home,2025-01-14,0
CUST101580,44,Female,Salaried,737000,617,1926000,48,10108,0.16,Trichy,Business Expansion,2026-07-06,0
CUST101581,55,Female,Salaried,1031000,598,1931000,120,13889,0.16,Coimbatore,Education,2025-09-04,0
CUST101582,26,Male,Salaried,904000,764,1562000,60,10357,0.14,Madurai,Vehicle,2026-03-02,0
CUST101583,39,Female,Salaried,917000,647,141000,48,5637,0.07,Chennai,Home,2026-07-20,0
CUST101584,50,Male,Salaried,625000,504,1254000,60,14650,0.28,Coimbatore,Business Expansion,2026-01-30,1
CUST101585,27,Male,Self-Employed,369000,644,1201000,24,5416,0.18,Chennai,Personal,2025-08-18,0
CUST101586,30,Female,Self-Employed,998000,636,1351000,12,24466,0.29,Trichy,Business Expansion,2025-07-15,0
CUST101587,61,Female,Salaried,847000,607,1515000,24,21225,0.3,Trichy,Personal,2025-10-21,1
CUST101588,52,Female,Self-Employed,844000,649,1754000,24,8023,0.11,Trichy,Home,2026-06-18,0
CUST101589,54,Female,Business,547000,646,1332000,60,8040,0.18,Pondicherry,Vehicle,2026-01-05,0
CUST101590,48,Female,Self-Employed,1295000,682,1421000,60,28737,0.27,Salem,Personal,2026-01-13,0
CUST101591,35,Female,Salaried,939000,701,624000,120,15638,0.2,Madurai,Business Expansion,2025-02-06,0
CUST101592,50,Male,Salaried,950000,682,533000,12,24266,0.31,Trichy,Vehicle,2024-10-11,0
CUST101593,57,Female,Business,1741000,533,883000,12,32131,0.22,Chennai,Personal,2025-05-26,0
CUST101594,49,Female,Salaried,691000,840,351000,84,13755,0.24,Pondicherry,Vehicle,2024-10-14,0
CUST101595,42,Female,Salaried,556000,509,1285000,12,13256,0.29,Pondicherry,Personal,2026-05-11,1
CUST101596,24,Male,Self-Employed,996000,613,537000,120,7193,0.09,Chennai,Home,2025-05-08,0
CUST101597,40,Male,Self-Employed,837000,526,1827000,48,15712,0.23,Madurai,Personal,2025-11-05,1
CUST101598,52,Female,Self-Employed,632000,660,533000,48,3983,0.08,Salem,Home,2025-05-14,0
CUST101599,56,Male,Salaried,501000,662,697000,120,5350,0.13,Chennai,Home,2026-05-15,0
CUST101600,24,Female,Salaried,800000,634,600000,12,7584,0.11,Coimbatore,Home,2026-06-01,0
CUST101601,47,Male,Business,832000,786,1994000,60,15261,0.22,Coimbatore,Home,2025-02-17,0
CUST101602,37,Male,Salaried,595000,749,512000,24,15032,0.3,Coimbatore,Home,2025-12-01,0
CUST101603,32,Female,Salaried,1001000,620,1423000,12,7494,0.09,Chennai,Business Expansion,2026-01-23,0
CUST101604,42,Male,Salaried,618000,722,352000,84,14446,0.28,Chennai,Home,2024-11-03,0
CUST101605,37,Male,Business,437000,790,467000,12,3383,0.09,Chennai,Personal,2025-05-01,0
CUST101606,30,Female,Self-Employed,375000,724,117000,24,3340,0.11,Pondicherry,Personal,2024-12-09,0
CUST101607,21,Female,Business,626000,637,106000,36,16958,0.33,Coimbatore,Home,2026-01-29,0
CUST101608,42,Male,Salaried,1044000,506,1543000,12,4603,0.05,Coimbatore,Education,2024-12-10,1
CUST101609,46,Female,Salaried,857000,679,1226000,12,7794,0.11,Coimbatore,Vehicle,2025-05-24,0
CUST101610,38,Male,Salaried,980000,710,250000,48,9364,0.11,Chennai,Business Expansion,2025-07-01,0
CUST101611,34,Male,Business,701000,580,648000,24,7860,0.13,Salem,Personal,2024-11-22,0
CUST101612,49,Male,Salaried,659000,652,879000,84,8733,0.16,Pondicherry,Vehicle,2025-11-08,0
CUST101613,32,Female,Salaried,954000,642,1112000,12,6435,0.08,Madurai,Education,2024-10-29,0
CUST101614,56,Male,Self-Employed,874000,749,1585000,84,13877,0.19,Coimbatore,Personal,2025-03-11,0
CUST101615,55,Male,Salaried,1038000,816,1321000,12,14688,0.17,Trichy,Personal,2026-03-22,1
CUST101616,32,Male,Salaried,724000,755,1187000,36,14327,0.24,Coimbatore,Personal,2025-03-10,0
CUST101617,27,Female,Business,439000,642,1451000,24,11350,0.31,Chennai,Education,2025-04-24,0
CUST101618,49,Male,Salaried,650000,753,1789000,12,7546,0.14,Coimbatore,Home,2026-01-27,0
CUST101619,31,Female,Salaried,557000,708,1791000,36,9930,0.21,Salem,Vehicle,2025-05-21,1
CUST101620,53,Female,Salaried,696000,643,184000,12,9361,0.16,Chennai,Home,2025-03-26,0
CUST101621,26,Male,Salaried,877000,838,912000,60,4536,0.06,Madurai,Education,2025-12-30,0
CUST101622,35,Male,Salaried,1027000,583,823000,36,25360,0.3,Chennai,Vehicle,2026-06-30,0
CUST101623,52,Male,Self-Employed,1010000,679,999000,84,20222,0.24,Chennai,Business Expansion,2025-04-05,1
CUST101624,31,Female,Salaried,545000,725,1196000,120,2300,0.05,Madurai,Business Expansion,2026-04-03,0
CUST101625,43,Male,Business,954000,624,644000,60,9927,0.12,Chennai,Vehicle,2026-02-14,0
CUST101626,46,Male,Salaried,786000,700,262000,120,9346,0.14,Salem,Vehicle,2026-02-28,1
CUST101627,54,Male,Salaried,498000,735,836000,12,12178,0.29,Coimbatore,Vehicle,2025-02-12,0
CUST101628,54,Female,Salaried,719000,672,551000,36,16669,0.28,Chennai,Personal,2026-02-21,0
CUST101629,49,Male,Self-Employed,1006000,667,1248000,24,14154,0.17,Madurai,Personal,2025-01-23,1
CUST101630,24,Male,Salaried,1060000,659,1348000,120,8586,0.1,Pondicherry,Home,2025-02-02,0
CUST101631,37,Female,Business,829000,721,1309000,120,11454,0.17,Chennai,Personal,2025-11-29,0
CUST101632,55,Female,Self-Employed,400000,604,1619000,84,9768,0.29,Madurai,Education,2026-06-08,0
CUST101633,33,Female,Business,1334000,621,220000,48,20645,0.19,Pondicherry,Home,2024-12-13,0
CUST101634,61,Male,Self-Employed,1316000,626,1726000,12,9295,0.08,Chennai,Business Expansion,2026-02-23,0
CUST101635,59,Male,Salaried,991000,756,469000,36,5084,0.06,Salem,Home,2025-06-11,0
CUST101636,35,Male,Business,910000,492,1610000,60,11375,0.15,Chennai,Personal,2025-08-29,1
CUST101637,49,Male,Business,762000,568,1170000,36,6001,0.09,Chennai,Home,2026-06-22,0
CUST101638,49,Male,Business,1776000,854,873000,24,40479,0.27,Madurai,Personal,2024-12-01,0
CUST101639,31,Female,Salaried,1043000,674,70000,36,11614,0.13,Chennai,Home,2025-08-02,0
CUST101640,52,Male,Self-Employed,628000,588,339000,60,16392,0.31,Trichy,Vehicle,2025-04-01,1
CUST101641,22,Male,Salaried,730000,721,671000,12,14308,0.24,Madurai,Vehicle,2025-09-18,0
CUST101642,34,Female,Salaried,509000,579,1866000,84,7130,0.17,Chennai,Business Expansion,2025-07-17,0
CUST101643,40,Male,Self-Employed,805000,435,1155000,60,15631,0.23,Salem,Vehicle,2025-10-05,1
CUST101644,42,Male,Business,525000,681,156000,84,6061,0.14,Trichy,Education,2026-03-12,0
CUST101645,31,Male,Self-Employed,351000,559,1852000,84,2702,0.09,Madurai,Business Expansion,2024-10-26,0
CUST101646,47,Male,Business,1471000,659,1860000,60,41586,0.34,Coimbatore,Home,2026-03-15,0
CUST101647,23,Female,Salaried,644000,679,738000,60,11750,0.22,Chennai,Home,2025-09-13,0
CUST101648,37,Male,Salaried,837000,662,994000,48,3640,0.05,Trichy,Home,2025-08-16,0
CUST101649,64,Male,Self-Employed,1407000,471,1971000,84,16777,0.14,Pondicherry,Personal,2025-11-17,1
CUST101650,48,Female,Salaried,983000,652,335000,12,8016,0.1,Chennai,Personal,2024-10-24,0
CUST101651,49,Female,Business,1206000,690,670000,48,12809,0.13,Madurai,Education,2025-11-15,0
CUST101652,41,Female,Salaried,637000,523,1623000,84,3541,0.07,Madurai,Personal,2026-04-15,0
CUST101653,36,Female,Salaried,731000,513,832000,36,7524,0.12,Coimbatore,Business Expansion,2025-07-26,0
CUST101654,57,Male,Salaried,827000,553,1404000,12,17567,0.25,Pondicherry,Home,2025-06-07,1
CUST101655,40,Male,Salaried,1048000,717,777000,12,25866,0.3,Chennai,Home,2025-06-06,0
CUST101656,26,Male,Business,856000,470,877000,84,11000,0.15,Chennai,Business Expansion,2024-11-13,0
CUST101657,39,Male,Salaried,697000,724,181000,36,12008,0.21,Chennai,Home,2025-09-28,0
CUST101658,25,Female,Salaried,993000,685,388000,36,5174,0.06,Coimbatore,Business Expansion,2026-06-07,0
CUST101659,23,Female,Business,1325000,626,270000,60,8528,0.08,Chennai,Home,2026-05-10,0
CUST101660,21,Male,Salaried,699000,516,831000,84,12557,0.22,Pondicherry,Business Expansion,2025-02-06,0
CUST101661,58,Male,Business,446000,578,1955000,84,11230,0.3,Trichy,Business Expansion,2025-04-09,1
CUST101662,35,Male,Salaried,955000,720,898000,12,6079,0.08,Chennai,Vehicle,2025-03-02,0
CUST101663,54,Female,Salaried,871000,763,1849000,120,12743,0.18,Trichy,Business Expansion,2025-11-16,0
CUST101664,55,Female,Business,1114000,557,126000,24,31667,0.34,Trichy,Personal,2024-11-30,0
CUST101665,45,Female,Business,1367000,752,1800000,84,30944,0.27,Chennai,Home,2025-06-22,0
CUST101666,44,Female,Salaried,1034000,711,654000,60,9416,0.11,Chennai,Home,2025-03-06,0
CUST101667,32,Female,Self-Employed,885000,624,1952000,12,9996,0.14,Chennai,Home,2025-01-17,0
CUST101668,38,Female,Business,1600000,583,1724000,36,44583,0.33,Chennai,Personal,2025-04-15,0
CUST101669,35,Female,Salaried,580000,597,641000,36,5620,0.12,Pondicherry,Business Expansion,2026-06-02,0
CUST101670,64,Male,Salaried,667000,814,99000,24,10131,0.18,Coimbatore,Home,2024-10-15,0
CUST101671,36,Male,Salaried,730000,666,797000,12,9531,0.16,Salem,Education,2026-04-25,1
CUST101672,47,Male,Salaried,538000,769,1416000,48,8832,0.2,Pondicherry,Education,2025-07-23,0
CUST101673,28,Male,Salaried,711000,671,381000,60,7167,0.12,Chennai,Vehicle,2025-03-28,0
CUST101674,45,Female,Business,436000,609,1367000,12,9101,0.25,Pondicherry,Education,2025-07-23,1
CUST101675,37,Male,Salaried,841000,702,1225000,48,8436,0.12,Chennai,Business Expansion,2026-02-28,1
CUST101676,49,Female,Business,521000,844,1168000,36,10013,0.23,Chennai,Personal,2025-06-14,0
CUST101677,28,Male,Salaried,552000,592,727000,36,7237,0.16,Madurai,Vehicle,2026-07-01,0
CUST101678,35,Male,Self-Employed,870000,707,1045000,48,9094,0.13,Coimbatore,Vehicle,2024-11-06,1
CUST101679,47,Female,Self-Employed,561000,642,1454000,48,12084,0.26,Coimbatore,Home,2024-11-13,0
CUST101680,27,Male,Salaried,876000,519,1007000,24,24788,0.34,Trichy,Home,2026-05-09,0
CUST101681,23,Male,Salaried,571000,517,1513000,12,14789,0.31,Pondicherry,Personal,2025-02-12,1
CUST101682,49,Male,Salaried,1049000,609,370000,36,6648,0.08,Coimbatore,Home,2026-07-15,0
CUST101683,64,Female,Self-Employed,571000,656,1163000,60,8865,0.19,Coimbatore,Education,2026-03-27,0
CUST101684,44,Male,Salaried,693000,729,578000,36,14924,0.26,Madurai,Personal,2025-07-14,1
CUST101685,23,Female,Salaried,564000,508,917000,12,10282,0.22,Trichy,Personal,2024-09-16,0
CUST101686,40,Female,Business,1581000,708,1986000,48,35296,0.27,Chennai,Home,2026-01-05,0
CUST101687,35,Female,Business,1422000,639,790000,24,40590,0.34,Salem,Personal,2025-01-09,0
CUST101688,45,Female,Salaried,568000,650,1356000,120,7226,0.15,Trichy,Personal,2025-11-06,0
CUST101689,50,Male,Salaried,1068000,702,1418000,36,25032,0.28,Madurai,Home,2026-02-14,0
CUST101690,34,Male,Self-Employed,857000,782,1807000,24,5586,0.08,Salem,Education,2025-12-30,1
CUST101691,27,Female,Business,682000,677,1306000,48,17670,0.31,Salem,Home,2025-05-31,0
CUST101692,37,Male,Salaried,730000,527,1866000,84,17248,0.28,Chennai,Vehicle,2025-09-28,1
CUST101693,64,Male,Salaried,828000,633,1943000,12,14234,0.21,Chennai,Home,2025-08-26,0
CUST101694,40,Male,Business,537000,726,1425000,36,13259,0.3,Pondicherry,Education,2024-10-24,0
CUST101695,56,Female,Business,419000,729,765000,12,8728,0.25,Salem,Vehicle,2025-05-23,0
CUST101696,29,Male,Self-Employed,304000,684,482000,60,5463,0.22,Trichy,Vehicle,2025-09-02,0
CUST101697,58,Male,Salaried,640000,604,1387000,12,17802,0.33,Coimbatore,Business Expansion,2025-11-25,0
CUST101698,42,Female,Salaried,461000,526,1051000,120,3422,0.09,Trichy,Vehicle,2025-11-08,0
CUST101699,22,Female,Self-Employed,523000,678,429000,84,15162,0.35,Chennai,Home,2025-03-18,0
CUST101700,44,Male,Salaried,787000,540,306000,48,6317,0.1,Salem,Personal,2024-12-23,0
CUST101701,28,Male,Salaried,480000,712,446000,48,7762,0.19,Coimbatore,Home,2026-07-27,1
CUST101702,31,Female,Salaried,684000,712,838000,60,6807,0.12,Salem,Personal,2025-02-24,0
CUST101703,33,Female,Salaried,835000,607,306000,120,9155,0.13,Coimbatore,Personal,2025-10-20,0
CUST101704,37,Female,Salaried,884000,639,1022000,12,17646,0.24,Salem,Business Expansion,2025-09-18,0
CUST101705,28,Male,Business,1078000,667,208000,84,5427,0.06,Coimbatore,Home,2025-03-24,0
CUST101706,41,Male,Self-Employed,430000,569,878000,48,11904,0.33,Pondicherry,Home,2026-01-27,1
CUST101707,38,Female,Business,1485000,525,1032000,48,16568,0.13,Salem,Education,2026-05-07,0
CUST101708,50,Female,Business,1389000,646,1844000,48,15251,0.13,Trichy,Education,2024-11-12,0
CUST101709,38,Male,Salaried,465000,655,252000,48,11976,0.31,Trichy,Education,2024-09-11,0
CUST101710,51,Male,Salaried,964000,772,1486000,24,22449,0.28,Chennai,Vehicle,2024-12-09,0
CUST101711,58,Female,Salaried,429000,579,737000,120,8991,0.25,Coimbatore,Home,2026-07-04,0
CUST101712,52,Male,Salaried,445000,746,131000,36,3482,0.09,Pondicherry,Business Expansion,2025-08-27,1
CUST101713,31,Male,Business,1436000,546,1519000,24,33612,0.28,Chennai,Home,2024-09-30,1
CUST101714,45,Male,Salaried,717000,528,1098000,48,9454,0.16,Pondicherry,Home,2026-06-01,0
CUST101715,53,Male,Salaried,701000,622,979000,120,20338,0.35,Trichy,Home,2024-10-08,1
CUST101716,58,Male,Self-Employed,685000,540,67000,84,14349,0.25,Chennai,Vehicle,2025-05-21,0
CUST101717,61,Female,Salaried,907000,527,1570000,12,22733,0.3,Chennai,Home,2025-10-17,0
CUST101718,28,Male,Self-Employed,691000,799,1010000,24,15555,0.27,Coimbatore,Business Expansion,2024-11-03,0
CUST101719,31,Male,Salaried,688000,609,1869000,60,13087,0.23,Chennai,Home,2025-04-15,1
CUST101720,42,Male,Salaried,673000,858,1845000,36,14856,0.26,Salem,Home,2026-02-20,0
CUST101721,44,Male,Salaried,710000,560,936000,12,13563,0.23,Trichy,Personal,2025-04-20,0
CUST101722,61,Male,Business,1611000,496,1189000,24,8774,0.07,Coimbatore,Personal,2025-02-24,1
CUST101723,37,Male,Salaried,479000,766,1222000,36,6133,0.15,Chennai,Education,2025-08-29,0
CUST101724,32,Female,Salaried,621000,584,1399000,120,7499,0.14,Trichy,Education,2026-01-23,0
CUST101725,52,Male,Salaried,939000,662,70000,84,20673,0.26,Coimbatore,Home,2025-12-03,0
CUST101726,35,Male,Salaried,749000,527,1046000,120,13909,0.22,Chennai,Education,2025-01-09,1
CUST101727,36,Male,Salaried,548000,646,1679000,24,10647,0.23,Coimbatore,Vehicle,2025-10-30,0
CUST101728,42,Male,Self-Employed,1262000,501,1221000,60,31980,0.3,Pondicherry,Personal,2024-11-06,0
CUST101729,48,Female,Self-Employed,1058000,618,687000,48,18302,0.21,Chennai,Vehicle,2025-01-20,1
CUST101730,40,Male,Self-Employed,535000,582,986000,60,5148,0.12,Coimbatore,Education,2026-05-01,0
CUST101731,53,Female,Salaried,442000,670,785000,48,1979,0.05,Salem,Home,2025-12-18,0
CUST101732,30,Male,Salaried,826000,706,682000,36,6735,0.1,Chennai,Home,2026-04-04,0
CUST101733,60,Female,Salaried,423000,671,689000,24,2085,0.06,Pondicherry,Personal,2026-03-06,0
CUST101734,52,Male,Salaried,978000,690,495000,24,9871,0.12,Coimbatore,Home,2026-06-29,0
CUST101735,53,Female,Salaried,722000,640,336000,60,14470,0.24,Chennai,Personal,2025-06-30,0
CUST101736,22,Male,Salaried,761000,610,917000,12,6051,0.1,Chennai,Vehicle,2026-03-19,0
CUST101737,53,Male,Self-Employed,1140000,667,714000,36,7084,0.07,Chennai,Business Expansion,2025-03-17,1
CUST101738,53,Female,Self-Employed,453000,614,1398000,84,12882,0.34,Chennai,Personal,2025-04-07,0
CUST101739,61,Female,Business,711000,643,249000,48,20682,0.35,Chennai,Home,2026-04-01,1
CUST101740,33,Male,Self-Employed,448000,660,834000,120,9001,0.24,Coimbatore,Business Expansion,2025-07-12,0
CUST101741,50,Male,Salaried,1048000,557,197000,36,7211,0.08,Chennai,Personal,2026-07-31,0
CUST101742,53,Male,Salaried,898000,778,1886000,120,22184,0.3,Trichy,Business Expansion,2025-08-17,0
CUST101743,33,Female,Salaried,602000,627,416000,84,10623,0.21,Pondicherry,Education,2025-02-08,0
CUST101744,46,Male,Salaried,668000,661,270000,60,5823,0.1,Pondicherry,Education,2025-01-13,0
CUST101745,42,Male,Salaried,829000,645,277000,84,15385,0.22,Madurai,Vehicle,2024-08-12,1
CUST101746,59,Female,Salaried,420000,708,355000,24,2163,0.06,Salem,Personal,2025-02-07,1
CUST101747,22,Female,Salaried,521000,680,228000,48,14837,0.34,Chennai,Home,2025-10-23,1
CUST101748,58,Female,Self-Employed,1197000,620,1961000,48,29704,0.3,Chennai,Vehicle,2025-02-04,0
CUST101749,59,Female,Self-Employed,918000,755,1549000,84,9809,0.13,Chennai,Education,2025-05-03,0
CUST101750,46,Female,Salaried,633000,361,1017000,48,9266,0.18,Pondicherry,Home,2025-12-18,0
CUST101751,35,Male,Salaried,993000,761,466000,48,13950,0.17,Pondicherry,Home,2025-03-30,1
CUST101752,54,Male,Salaried,606000,732,659000,36,15576,0.31,Madurai,Business Expansion,2025-06-18,0
CUST101753,62,Female,Self-Employed,1026000,459,677000,36,13371,0.16,Coimbatore,Home,2026-01-12,0
CUST101754,64,Male,Salaried,531000,733,172000,84,2849,0.06,Trichy,Home,2025-11-01,0
CUST101755,60,Female,Self-Employed,737000,720,334000,120,7026,0.11,Chennai,Education,2025-08-10,0
CUST101756,31,Male,Self-Employed,363000,675,1991000,120,3468,0.11,Coimbatore,Home,2025-12-16,0
CUST101757,23,Male,Salaried,958000,509,756000,60,26725,0.33,Madurai,Home,2024-10-05,0
CUST101758,26,Female,Salaried,423000,711,1825000,84,11534,0.33,Chennai,Vehicle,2025-11-07,0
CUST101759,29,Female,Salaried,610000,740,1800000,84,7125,0.14,Chennai,Business Expansion,2024-10-08,0
CUST101760,26,Male,Salaried,837000,598,52000,120,3545,0.05,Pondicherry,Personal,2026-05-01,0
CUST101761,29,Female,Self-Employed,729000,664,809000,24,12459,0.21,Madurai,Personal,2024-12-03,0
CUST101762,59,Female,Salaried,1007000,618,311000,84,24266,0.29,Coimbatore,Vehicle,2024-11-10,0
CUST101763,51,Male,Salaried,661000,729,1753000,84,7192,0.13,Coimbatore,Personal,2026-07-27,0
CUST101764,52,Male,Business,820000,621,1544000,24,12417,0.18,Salem,Home,2025-08-13,1
CUST101765,61,Female,Salaried,460000,597,381000,36,3903,0.1,Coimbatore,Home,2024-12-28,0
CUST101766,32,Female,Salaried,533000,646,1014000,60,6583,0.15,Chennai,Vehicle,2025-12-24,1
CUST101767,28,Male,Salaried,724000,529,310000,120,16751,0.28,Coimbatore,Business Expansion,2025-09-10,1
CUST101768,28,Female,Self-Employed,1074000,612,1076000,12,15974,0.18,Trichy,Business Expansion,2026-02-28,0
CUST101769,48,Female,Self-Employed,1006000,657,821000,84,15440,0.18,Chennai,Vehicle,2025-03-16,0
CUST101770,40,Male,Salaried,936000,728,496000,84,22375,0.29,Coimbatore,Business Expansion,2026-03-12,0
CUST101771,27,Female,Business,1000000,672,1289000,84,23240,0.28,Coimbatore,Home,2025-08-31,0
CUST101772,31,Male,Self-Employed,343000,496,822000,48,3034,0.11,Coimbatore,Business Expansion,2026-07-04,0
CUST101773,40,Male,Salaried,850000,771,528000,84,12366,0.17,Coimbatore,Business Expansion,2026-05-15,0
CUST101774,36,Female,Self-Employed,1372000,754,618000,24,34832,0.3,Trichy,Personal,2026-04-19,0
CUST101775,24,Female,Salaried,586000,660,916000,48,9132,0.19,Salem,Home,2025-12-21,0
CUST101776,26,Female,Self-Employed,1177000,557,1755000,24,24376,0.25,Salem,Vehicle,2026-04-27,1
CUST101777,42,Male,Salaried,475000,602,644000,84,5612,0.14,Trichy,Vehicle,2025-03-28,1
CUST101778,46,Male,Self-Employed,611000,606,489000,12,3455,0.07,Madurai,Home,2025-10-20,0
CUST101779,23,Male,Salaried,1011000,675,249000,120,8380,0.1,Pondicherry,Vehicle,2024-09-28,0
CUST101780,61,Male,Business,1507000,622,717000,84,21414,0.17,Pondicherry,Business Expansion,2026-04-18,0
CUST101781,62,Male,Salaried,488000,572,1896000,24,6345,0.16,Pondicherry,Business Expansion,2026-03-17,0
CUST101782,34,Male,Self-Employed,1368000,717,983000,84,36330,0.32,Chennai,Home,2026-07-27,0
CUST101783,31,Male,Salaried,1006000,673,328000,12,17914,0.21,Chennai,Home,2025-06-20,0
CUST101784,38,Female,Business,676000,555,1208000,24,13415,0.24,Salem,Vehicle,2024-08-09,0
CUST101785,32,Male,Self-Employed,964000,651,343000,36,20613,0.26,Salem,Business Expansion,2025-12-28,0
CUST101786,43,Female,Salaried,1076000,664,254000,48,18784,0.21,Madurai,Personal,2025-10-30,0
CUST101787,32,Male,Business,1272000,585,926000,60,29774,0.28,Salem,Vehicle,2025-07-04,0
CUST101788,33,Male,Salaried,623000,757,1770000,60,14792,0.28,Pondicherry,Home,2025-06-21,0
CUST101789,45,Male,Self-Employed,1403000,637,134000,24,18170,0.16,Madurai,Vehicle,2026-04-05,0
CUST101790,39,Male,Self-Employed,1151000,605,342000,60,7235,0.08,Coimbatore,Education,2024-11-26,0
CUST101791,56,Female,Salaried,778000,642,439000,84,22426,0.35,Madurai,Vehicle,2025-10-27,0
CUST101792,28,Male,Business,1289000,689,1211000,48,26079,0.24,Madurai,Education,2025-09-11,1
CUST101793,49,Female,Salaried,618000,643,460000,36,13527,0.26,Salem,Vehicle,2026-03-15,1
CUST101794,52,Female,Salaried,611000,642,558000,36,14104,0.28,Madurai,Business Expansion,2024-12-11,0
CUST101795,64,Female,Business,710000,745,1957000,12,13838,0.23,Pondicherry,Home,2025-11-28,0
CUST101796,38,Male,Self-Employed,306000,497,1291000,60,4877,0.19,Pondicherry,Home,2025-12-05,0
CUST101797,26,Female,Salaried,1071000,537,667000,84,30827,0.35,Chennai,Home,2026-02-02,1
CUST101798,38,Male,Salaried,454000,719,1130000,48,10150,0.27,Chennai,Personal,2025-12-28,0
CUST101799,39,Male,Self-Employed,917000,842,141000,60,23211,0.3,Trichy,Personal,2026-01-20,1
CUST101800,42,Female,Salaried,527000,728,833000,48,7988,0.18,Chennai,Vehicle,2025-04-21,0
CUST101801,57,Female,Business,1351000,817,1443000,120,36188,0.32,Trichy,Education,2025-11-12,0
CUST101802,52,Male,Self-Employed,935000,585,620000,12,21009,0.27,Chennai,Vehicle,2024-09-21,0
CUST101803,61,Male,Salaried,800000,592,1485000,120,18255,0.27,Coimbatore,Home,2026-07-10,1
CUST101804,23,Male,Salaried,552000,691,820000,84,3499,0.08,Chennai,Education,2025-08-25,0
CUST101805,48,Male,Salaried,471000,735,242000,120,9233,0.24,Chennai,Personal,2025-01-02,0
CUST101806,30,Male,Salaried,836000,531,1190000,60,10489,0.15,Chennai,Vehicle,2025-08-12,0
CUST101807,55,Female,Self-Employed,306000,605,756000,120,6392,0.25,Salem,Business Expansion,2025-03-02,0
CUST101808,49,Female,Business,1459000,647,719000,36,26804,0.22,Coimbatore,Education,2025-09-10,0
CUST101809,35,Female,Self-Employed,1217000,563,1348000,12,8453,0.08,Salem,Personal,2025-11-29,0
CUST101810,53,Male,Salaried,595000,599,1426000,84,10362,0.21,Salem,Business Expansion,2026-02-19,0
CUST101811,27,Female,Salaried,525000,725,953000,120,8110,0.19,Salem,Vehicle,2025-11-29,0
CUST101812,32,Female,Self-Employed,486000,667,1519000,60,11458,0.28,Coimbatore,Personal,2026-02-06,1
CUST101813,50,Female,Self-Employed,1282000,696,1860000,36,21451,0.2,Pondicherry,Personal,2024-08-27,0
CUST101814,41,Male,Self-Employed,900000,655,1109000,36,14576,0.19,Chennai,Personal,2026-02-08,0
CUST101815,51,Male,Salaried,1007000,571,673000,48,22309,0.27,Chennai,Personal,2025-05-29,1
CUST101816,44,Male,Business,1432000,688,790000,36,29902,0.25,Pondicherry,Vehicle,2024-09-02,0
CUST101817,40,Male,Salaried,687000,564,246000,24,19897,0.35,Chennai,Home,2024-12-05,0
CUST101818,57,Female,Self-Employed,1249000,596,1901000,120,16193,0.16,Salem,Vehicle,2025-12-03,1
CUST101819,24,Female,Self-Employed,1377000,531,339000,60,29434,0.26,Trichy,Vehicle,2026-03-30,1
CUST101820,48,Male,Self-Employed,1041000,570,1768000,60,8690,0.1,Coimbatore,Business Expansion,2025-07-16,1
CUST101821,64,Male,Salaried,974000,658,1559000,48,23649,0.29,Chennai,Personal,2026-04-13,0
CUST101822,40,Male,Self-Employed,1255000,583,815000,36,29894,0.29,Trichy,Business Expansion,2024-10-20,0
CUST101823,44,Male,Salaried,692000,570,1484000,48,15440,0.27,Madurai,Education,2026-06-22,1
CUST101824,52,Male,Self-Employed,629000,727,1496000,24,4492,0.09,Trichy,Vehicle,2026-07-05,0
CUST101825,61,Female,Salaried,1043000,639,1312000,48,30096,0.35,Coimbatore,Business Expansion,2026-01-29,0
CUST101826,56,Male,Salaried,1056000,602,1371000,60,29284,0.33,Chennai,Personal,2025-09-24,0
CUST101827,54,Female,Salaried,606000,552,1115000,84,8131,0.16,Coimbatore,Education,2025-04-19,0
CUST101828,56,Male,Business,498000,481,1060000,84,9262,0.22,Coimbatore,Vehicle,2025-12-06,0
CUST101829,22,Male,Self-Employed,791000,605,137000,48,20873,0.32,Chennai,Personal,2025-02-02,1
CUST101830,35,Male,Self-Employed,494000,500,225000,60,8167,0.2,Chennai,Personal,2024-12-06,1
CUST101831,54,Female,Self-Employed,521000,689,976000,12,9974,0.23,Coimbatore,Vehicle,2025-04-27,1
CUST101832,56,Male,Business,1324000,652,327000,24,25484,0.23,Trichy,Home,2025-02-17,0
CUST101833,26,Female,Salaried,765000,790,1416000,120,15604,0.24,Madurai,Business Expansion,2026-03-14,0
CUST101834,59,Male,Self-Employed,895000,645,1370000,24,16605,0.22,Chennai,Home,2025-03-18,1
CUST101835,62,Female,Self-Employed,1239000,559,1353000,60,17736,0.17,Madurai,Vehicle,2024-12-26,0
CUST101836,32,Female,Salaried,844000,480,473000,84,14899,0.21,Trichy,Vehicle,2025-12-04,0
CUST101837,23,Male,Salaried,1062000,722,1489000,12,27561,0.31,Madurai,Business Expansion,2025-03-02,1
CUST101838,38,Female,Salaried,566000,533,1892000,36,14585,0.31,Madurai,Vehicle,2026-04-28,1
CUST101839,60,Male,Salaried,587000,613,82000,48,13782,0.28,Coimbatore,Business Expansion,2026-05-19,1
CUST101840,41,Female,Salaried,789000,800,1101000,120,11455,0.17,Chennai,Education,2024-12-20,0
CUST101841,35,Male,Salaried,1013000,704,258000,120,24125,0.29,Coimbatore,Vehicle,2026-01-20,0
CUST101842,53,Male,Self-Employed,502000,660,651000,36,6959,0.17,Coimbatore,Business Expansion,2026-06-03,0
CUST101843,55,Female,Salaried,783000,734,1667000,120,16261,0.25,Madurai,Home,2025-07-15,1
CUST101844,46,Female,Salaried,876000,731,297000,12,16076,0.22,Pondicherry,Business Expansion,2025-03-20,0
CUST101845,28,Male,Business,1349000,792,1451000,24,15739,0.14,Coimbatore,Home,2025-10-17,0
CUST101846,56,Female,Salaried,442000,595,896000,36,6845,0.19,Trichy,Education,2026-03-06,1
CUST101847,50,Male,Salaried,586000,616,1431000,12,14606,0.3,Pondicherry,Personal,2025-06-09,0
CUST101848,43,Male,Self-Employed,335000,541,1776000,24,9040,0.32,Chennai,Home,2025-02-17,1
CUST101849,62,Female,Salaried,459000,647,839000,84,4268,0.11,Salem,Home,2025-04-25,0
CUST101850,64,Male,Salaried,937000,638,67000,36,14590,0.19,Chennai,Home,2024-08-03,1
CUST101851,34,Male,Salaried,655000,492,262000,120,9827,0.18,Salem,Personal,2025-07-19,1
CUST101852,34,Female,Business,1513000,591,1796000,84,24801,0.2,Chennai,Personal,2024-12-21,1
CUST101853,22,Male,Self-Employed,1037000,754,563000,24,29639,0.34,Coimbatore,Education,2024-12-15,0
CUST101854,57,Female,Self-Employed,1066000,646,1167000,60,18266,0.21,Madurai,Personal,2024-09-18,1
CUST101855,25,Male,Business,599000,714,906000,120,14926,0.3,Salem,Home,2025-01-19,0
CUST101856,58,Male,Business,1606000,639,971000,24,33348,0.25,Chennai,Vehicle,2026-03-16,0
CUST101857,61,Male,Self-Employed,1117000,455,856000,24,7647,0.08,Pondicherry,Home,2025-01-03,1
CUST101858,34,Female,Self-Employed,499000,613,1090000,120,10757,0.26,Trichy,Business Expansion,2024-08-21,0
CUST101859,59,Female,Salaried,930000,743,1312000,12,18919,0.24,Chennai,Personal,2024-09-19,0
CUST101860,45,Male,Salaried,648000,543,577000,12,14987,0.28,Coimbatore,Vehicle,2025-01-22,0
CUST101861,40,Male,Self-Employed,707000,692,1740000,48,4261,0.07,Madurai,Home,2026-04-18,0
CUST101862,22,Female,Self-Employed,342000,471,226000,120,3488,0.12,Coimbatore,Home,2025-04-18,0
CUST101863,59,Male,Business,759000,651,1204000,12,17759,0.28,Pondicherry,Business Expansion,2025-09-26,0
CUST101864,26,Female,Salaried,552000,699,347000,60,7414,0.16,Salem,Personal,2025-07-05,1
CUST101865,37,Male,Self-Employed,1319000,596,1136000,60,35530,0.32,Trichy,Education,2025-12-02,1
CUST101866,45,Female,Self-Employed,436000,847,1047000,84,7459,0.21,Salem,Personal,2025-09-20,0
CUST101867,48,Male,Salaried,620000,605,846000,24,2599,0.05,Chennai,Business Expansion,2025-10-14,0
CUST101868,22,Female,Self-Employed,838000,572,1203000,12,18132,0.26,Chennai,Education,2025-04-11,1
CUST101869,55,Female,Salaried,565000,668,412000,120,9606,0.2,Pondicherry,Home,2025-10-01,0
CUST101870,57,Male,Salaried,519000,582,665000,120,6276,0.15,Pondicherry,Business Expansion,2026-03-02,0
CUST101871,25,Male,Salaried,1009000,520,1343000,120,4719,0.06,Chennai,Home,2026-04-07,0
CUST101872,21,Female,Salaried,852000,551,317000,48,7783,0.11,Coimbatore,Vehicle,2026-02-14,1
CUST101873,60,Female,Salaried,672000,718,549000,12,5514,0.1,Pondicherry,Vehicle,2026-06-19,1
CUST101874,32,Male,Self-Employed,957000,597,1865000,120,17932,0.22,Chennai,Personal,2025-03-31,1
CUST101875,56,Male,Salaried,1012000,803,1613000,48,23686,0.28,Chennai,Home,2025-01-28,0
CUST101876,43,Female,Salaried,815000,610,1560000,24,8175,0.12,Trichy,Vehicle,2026-07-24,1
CUST101877,51,Male,Salaried,500000,713,963000,120,10804,0.26,Salem,Business Expansion,2025-07-16,1
CUST101878,31,Female,Salaried,966000,695,266000,120,25755,0.32,Pondicherry,Education,2024-09-17,0
CUST101879,30,Male,Salaried,1041000,608,1430000,84,20514,0.24,Pondicherry,Vehicle,2025-03-20,0
CUST101880,23,Female,Salaried,778000,570,695000,84,18328,0.28,Coimbatore,Home,2026-03-29,0
CUST101881,34,Female,Self-Employed,1186000,469,1054000,60,10997,0.11,Trichy,Business Expansion,2025-08-28,0
CUST101882,36,Female,Business,1199000,699,1359000,12,7242,0.07,Chennai,Business Expansion,2025-04-12,0
CUST101883,30,Male,Salaried,871000,757,1552000,12,11585,0.16,Salem,Personal,2024-10-25,1
CUST101884,49,Female,Salaried,1008000,506,595000,60,22066,0.26,Madurai,Home,2024-11-03,0
CUST101885,30,Male,Salaried,535000,616,772000,60,11405,0.26,Trichy,Business Expansion,2024-09-15,0
CUST101886,32,Female,Salaried,839000,589,1771000,84,23528,0.34,Pondicherry,Business Expansion,2024-09-05,0
CUST101887,50,Male,Self-Employed,665000,674,1485000,84,13244,0.24,Chennai,Home,2024-08-10,0
CUST101888,61,Male,Business,1488000,620,1017000,84,21499,0.17,Salem,Education,2025-04-01,0
CUST101889,21,Female,Business,1572000,769,1404000,36,37877,0.29,Coimbatore,Personal,2024-08-27,0
CUST101890,25,Male,Salaried,1025000,615,742000,36,8193,0.1,Coimbatore,Education,2026-03-14,0
CUST101891,40,Female,Business,1073000,538,833000,36,26280,0.29,Chennai,Personal,2025-09-07,0
CUST101892,28,Female,Salaried,439000,607,971000,60,5845,0.16,Pondicherry,Personal,2026-05-13,1
CUST101893,63,Female,Self-Employed,1430000,592,1522000,36,11464,0.1,Pondicherry,Home,2024-09-01,0
CUST101894,32,Male,Self-Employed,1405000,672,1770000,12,11549,0.1,Chennai,Business Expansion,2026-05-22,1
CUST101895,21,Male,Self-Employed,491000,591,1070000,60,14119,0.35,Chennai,Personal,2024-09-15,1
CUST101896,40,Female,Salaried,570000,689,76000,12,11255,0.24,Salem,Business Expansion,2026-02-23,0
CUST101897,48,Male,Salaried,711000,578,1185000,60,6060,0.1,Chennai,Home,2025-11-06,0
CUST101898,63,Male,Salaried,477000,623,1565000,120,5190,0.13,Madurai,Business Expansion,2024-10-07,1
CUST101899,57,Male,Salaried,898000,579,1890000,24,12094,0.16,Madurai,Personal,2024-08-17,1
CUST101900,57,Male,Salaried,521000,573,1210000,12,2898,0.07,Pondicherry,Home,2026-02-28,1
CUST101901,32,Female,Self-Employed,1435000,739,1611000,120,9868,0.08,Madurai,Home,2025-02-01,0
CUST101902,57,Male,Salaried,1022000,585,311000,60,23721,0.28,Coimbatore,Home,2025-12-30,1
CUST101903,64,Male,Self-Employed,666000,593,696000,48,15876,0.29,Salem,Business Expansion,2026-03-17,0
CUST101904,48,Male,Salaried,577000,744,1854000,60,16659,0.35,Chennai,Personal,2024-09-24,0
CUST101905,35,Male,Business,672000,717,738000,24,3935,0.07,Chennai,Home,2025-07-28,0
CUST101906,26,Male,Salaried,813000,797,571000,60,21460,0.32,Chennai,Home,2025-12-02,0
CUST101907,64,Male,Business,1519000,693,1372000,24,18375,0.15,Salem,Personal,2024-08-04,0
CUST101908,40,Male,Salaried,640000,595,1183000,36,7912,0.15,Trichy,Home,2025-01-27,0
CUST101909,34,Female,Salaried,462000,835,1506000,12,3395,0.09,Chennai,Personal,2024-08-19,0
CUST101910,22,Male,Business,1763000,702,1552000,24,50817,0.35,Trichy,Vehicle,2024-12-09,0
CUST101911,29,Male,Salaried,595000,636,673000,48,17071,0.34,Coimbatore,Personal,2025-12-11,0
CUST101912,57,Male,Salaried,1021000,655,1686000,12,26328,0.31,Salem,Vehicle,2026-03-02,0
CUST101913,40,Male,Salaried,691000,666,1859000,60,4447,0.08,Chennai,Personal,2025-05-12,0
CUST101914,46,Female,Salaried,644000,628,316000,60,16233,0.3,Trichy,Home,2025-01-28,0
CUST101915,49,Male,Salaried,460000,526,827000,24,9214,0.24,Madurai,Business Expansion,2026-05-10,0
CUST101916,21,Male,Salaried,647000,796,717000,120,4778,0.09,Chennai,Education,2025-08-11,1
CUST101917,55,Male,Business,1560000,648,1286000,48,16708,0.13,Pondicherry,Personal,2026-05-07,0
CUST101918,26,Female,Self-Employed,1267000,641,1382000,24,27110,0.26,Chennai,Personal,2024-10-03,0
CUST101919,57,Male,Salaried,678000,837,103000,120,16443,0.29,Trichy,Personal,2025-11-22,0
CUST101920,25,Female,Business,1527000,588,1738000,48,38738,0.3,Pondicherry,Business Expansion,2026-01-21,1
CUST101921,53,Male,Salaried,1056000,708,823000,84,18757,0.21,Trichy,Vehicle,2025-06-10,0
CUST101922,34,Female,Salaried,839000,578,1947000,24,14709,0.21,Chennai,Business Expansion,2025-06-14,0
CUST101923,32,Female,Salaried,990000,678,444000,36,21059,0.26,Salem,Personal,2025-11-15,0
CUST101924,62,Male,Self-Employed,794000,643,561000,36,18746,0.28,Chennai,Vehicle,2025-04-27,0
CUST101925,40,Male,Salaried,992000,721,850000,36,8363,0.1,Madurai,Vehicle,2025-11-16,0
CUST101926,44,Male,Self-Employed,974000,733,374000,24,22073,0.27,Pondicherry,Vehicle,2026-01-26,0
CUST101927,63,Male,Salaried,544000,597,1811000,120,6913,0.15,Salem,Personal,2025-11-30,0
CUST101928,54,Male,Business,502000,777,145000,12,6907,0.17,Madurai,Vehicle,2026-05-16,0
CUST101929,45,Male,Self-Employed,479000,758,223000,60,2926,0.07,Chennai,Business Expansion,2024-09-17,1
CUST101930,49,Male,Salaried,1063000,627,393000,12,20066,0.23,Pondicherry,Education,2026-06-19,0
CUST101931,59,Female,Self-Employed,690000,624,254000,60,4486,0.08,Chennai,Home,2025-07-13,0
CUST101932,51,Male,Self-Employed,895000,580,104000,48,24160,0.32,Chennai,Vehicle,2025-11-13,1
CUST101933,63,Male,Salaried,637000,622,1820000,36,12543,0.24,Salem,Education,2025-05-21,0
CUST101934,43,Male,Salaried,529000,541,759000,36,15300,0.35,Madurai,Home,2024-09-02,0
CUST101935,64,Female,Salaried,762000,719,275000,60,7854,0.12,Chennai,Personal,2025-07-29,0
CUST101936,58,Male,Business,942000,465,1380000,36,19929,0.25,Madurai,Home,2025-12-02,0
CUST101937,40,Female,Self-Employed,498000,562,1354000,12,14082,0.34,Chennai,Home,2026-04-01,1
CUST101938,43,Male,Salaried,739000,645,1690000,24,8595,0.14,Chennai,Education,2024-08-24,1
CUST101939,36,Male,Salaried,637000,766,1864000,36,4188,0.08,Chennai,Personal,2026-01-20,0
CUST101940,62,Male,Salaried,675000,600,1763000,84,13510,0.24,Pondicherry,Vehicle,2024-09-19,1
CUST101941,28,Male,Salaried,787000,688,351000,120,10482,0.16,Pondicherry,Home,2026-06-13,1
CUST101942,41,Female,Self-Employed,549000,617,1278000,120,6035,0.13,Madurai,Home,2024-11-03,1
CUST101943,21,Female,Business,1068000,735,269000,36,30978,0.35,Chennai,Business Expansion,2025-03-07,0
CUST101944,28,Male,Salaried,685000,683,1053000,84,15768,0.28,Trichy,Vehicle,2025-08-16,0
CUST101945,49,Female,Salaried,1078000,724,477000,48,17573,0.2,Coimbatore,Home,2026-05-15,0
CUST101946,52,Male,Salaried,995000,600,190000,24,5389,0.06,Madurai,Education,2025-05-06,0
CUST101947,58,Female,Business,495000,558,504000,60,4433,0.11,Pondicherry,Personal,2025-01-12,0
CUST101948,25,Female,Salaried,586000,683,194000,24,6818,0.14,Coimbatore,Personal,2024-09-28,0
CUST101949,42,Male,Salaried,658000,606,1018000,24,10756,0.2,Madurai,Vehicle,2025-10-16,1
CUST101950,54,Male,Self-Employed,785000,627,575000,60,13029,0.2,Salem,Home,2026-07-13,0
CUST101951,21,Male,Salaried,973000,678,207000,24,4655,0.06,Coimbatore,Vehicle,2026-03-17,0
CUST101952,46,Female,Salaried,647000,761,154000,48,17954,0.33,Madurai,Vehicle,2025-04-07,0
CUST101953,63,Male,Self-Employed,552000,695,791000,84,9790,0.21,Madurai,Home,2025-10-22,0
CUST101954,30,Female,Salaried,701000,588,939000,12,3266,0.06,Chennai,Vehicle,2024-10-31,0
CUST101955,50,Female,Salaried,598000,546,1999000,24,12976,0.26,Trichy,Personal,2025-05-05,0
CUST101956,38,Male,Salaried,484000,803,338000,12,2880,0.07,Trichy,Vehicle,2026-03-10,0
CUST101957,37,Male,Salaried,1026000,507,681000,48,22773,0.27,Chennai,Home,2024-08-14,1
CUST101958,46,Female,Salaried,738000,609,1767000,48,16017,0.26,Chennai,Education,2026-07-28,0
CUST101959,28,Male,Business,867000,708,1258000,120,24960,0.35,Salem,Business Expansion,2024-10-18,1
CUST101960,60,Female,Salaried,647000,797,1290000,120,8228,0.15,Madurai,Home,2025-10-08,0
CUST101961,32,Male,Self-Employed,695000,607,1104000,24,5403,0.09,Chennai,Education,2026-05-07,0
CUST101962,47,Male,Salaried,756000,652,328000,36,4886,0.08,Chennai,Vehicle,2025-11-20,0
CUST101963,28,Male,Salaried,733000,571,997000,24,4368,0.07,Madurai,Vehicle,2025-12-15,1
CUST101964,45,Female,Salaried,776000,661,1548000,12,18953,0.29,Chennai,Business Expansion,2025-03-28,1
CUST101965,24,Male,Salaried,988000,546,274000,48,21864,0.27,Chennai,Home,2025-07-30,0
CUST101966,53,Female,Salaried,1011000,582,1956000,12,28878,0.34,Pondicherry,Home,2025-09-05,0
CUST101967,21,Male,Salaried,897000,718,1895000,12,10670,0.14,Trichy,Home,2024-12-20,0
CUST101968,39,Female,Salaried,563000,610,1760000,120,13649,0.29,Coimbatore,Personal,2025-03-27,0
CUST101969,51,Female,Salaried,639000,732,1250000,60,4148,0.08,Chennai,Personal,2026-02-18,0
CUST101970,36,Male,Business,1367000,636,133000,48,36585,0.32,Madurai,Personal,2025-12-05,0
CUST101971,34,Female,Salaried,738000,526,1641000,48,4031,0.07,Chennai,Home,2026-01-11,0
CUST101972,25,Male,Salaried,811000,755,141000,12,19353,0.29,Coimbatore,Vehicle,2024-08-09,0
CUST101973,61,Male,Salaried,945000,531,57000,84,11198,0.14,Chennai,Home,2025-08-19,0
CUST101974,46,Male,Salaried,981000,595,1735000,48,8531,0.1,Chennai,Personal,2025-04-25,0
CUST101975,48,Female,Self-Employed,987000,607,1647000,84,21496,0.26,Coimbatore,Home,2026-04-26,0
CUST101976,22,Female,Salaried,585000,740,1127000,84,15539,0.32,Salem,Vehicle,2025-06-18,0
CUST101977,26,Male,Salaried,979000,602,1236000,24,22781,0.28,Chennai,Business Expansion,2025-09-03,0
CUST101978,29,Male,Salaried,911000,566,1704000,60,10926,0.14,Coimbatore,Home,2025-09-22,1
CUST101979,53,Female,Self-Employed,368000,639,528000,24,4786,0.16,Coimbatore,Business Expansion,2026-01-31,0
CUST101980,61,Male,Salaried,428000,630,157000,120,3808,0.11,Madurai,Business Expansion,2026-06-12,0
CUST101981,45,Female,Salaried,795000,607,1929000,36,19690,0.3,Pondicherry,Education,2025-08-15,1
CUST101982,33,Male,Salaried,863000,669,1344000,36,5906,0.08,Coimbatore,Vehicle,2025-12-06,1
CUST101983,29,Female,Salaried,569000,541,1699000,84,15219,0.32,Pondicherry,Personal,2025-04-17,0
CUST101984,33,Female,Salaried,953000,495,286000,12,18292,0.23,Chennai,Personal,2025-07-09,1
CUST101985,51,Female,Business,1049000,842,1334000,84,19813,0.23,Pondicherry,Personal,2026-03-06,0
CUST101986,61,Female,Self-Employed,559000,634,1031000,36,14037,0.3,Chennai,Vehicle,2026-01-11,0
CUST101987,31,Male,Self-Employed,1185000,640,578000,24,24713,0.25,Chennai,Personal,2024-11-10,0
CUST101988,24,Male,Salaried,628000,579,1677000,36,7393,0.14,Chennai,Vehicle,2025-03-06,1
CUST101989,54,Male,Salaried,912000,730,678000,12,11768,0.15,Chennai,Home,2025-05-23,0
CUST101990,58,Female,Salaried,985000,601,1460000,48,8365,0.1,Madurai,Home,2024-11-12,1
CUST101991,24,Female,Self-Employed,613000,374,1476000,60,9665,0.19,Coimbatore,Education,2024-12-11,1
CUST101992,58,Female,Salaried,867000,598,1431000,12,6000,0.08,Trichy,Education,2026-01-03,0
CUST101993,39,Male,Business,1602000,624,1292000,12,32829,0.25,Chennai,Vehicle,2024-09-29,0
CUST101994,26,Male,Salaried,1015000,634,1538000,12,8523,0.1,Madurai,Home,2025-05-03,0
CUST101995,54,Male,Business,579000,632,1041000,24,14917,0.31,Coimbatore,Education,2024-12-01,0
CUST101996,38,Female,Salaried,833000,591,1494000,48,18057,0.26,Trichy,Home,2025-11-10,0
CUST101997,33,Male,Salaried,784000,583,1222000,12,20740,0.32,Chennai,Vehicle,2025-07-14,0
CUST101998,61,Male,Salaried,560000,623,1430000,48,3551,0.08,Chennai,Home,2026-04-29,0
CUST101999,43,Female,Self-Employed,1412000,476,1124000,84,34070,0.29,Coimbatore,Vehicle,2026-03-06,1
CUST102000,39,Female,Salaried,639000,473,103000,120,16733,0.31,Pondicherry,Business Expansion,2025-12-02,0
CUST102001,31,Male,Business,417000,658,1212000,120,2202,0.06,Trichy,Business Expansion,2026-06-09,0
CUST102002,21,Male,Business,1228000,660,1743000,12,35788,0.35,Chennai,Vehicle,2024-09-01,0
CUST102003,44,Female,Self-Employed,1232000,704,1931000,24,14393,0.14,Chennai,Education,2025-01-21,0
CUST102004,27,Male,Self-Employed,1192000,601,798000,12,11275,0.11,Chennai,Personal,2025-07-31,0
CUST102005,45,Female,Self-Employed,702000,517,1186000,120,10206,0.17,Coimbatore,Vehicle,2025-12-06,0
CUST102006,41,Male,Self-Employed,595000,450,476000,84,2607,0.05,Madurai,Personal,2026-01-19,0
CUST102007,35,Female,Salaried,691000,569,547000,36,18183,0.32,Chennai,Home,2025-01-08,1
CUST102008,21,Male,Self-Employed,1280000,663,1365000,24,13925,0.13,Coimbatore,Business Expansion,2025-06-21,0
CUST102009,32,Male,Business,1315000,779,395000,120,22626,0.21,Madurai,Business Expansion,2026-04-30,0
CUST102010,27,Female,Salaried,696000,654,560000,12,13749,0.24,Coimbatore,Home,2025-05-12,1
CUST102011,35,Female,Business,490000,540,490000,12,11732,0.29,Chennai,Home,2025-02-03,1
CUST102012,41,Male,Salaried,723000,570,1819000,12,7534,0.13,Madurai,Home,2025-01-06,0
CUST102013,39,Female,Salaried,1007000,573,1705000,36,22249,0.27,Coimbatore,Business Expansion,2026-01-20,0
CUST102014,49,Male,Salaried,827000,613,1676000,36,5878,0.09,Pondicherry,Home,2026-02-26,0
CUST102015,45,Female,Salaried,798000,750,971000,120,17374,0.26,Pondicherry,Home,2025-10-16,0
CUST102016,53,Female,Business,426000,757,771000,12,11565,0.33,Chennai,Home,2024-10-24,0
CUST102017,52,Male,Business,1688000,634,1554000,120,10621,0.08,Chennai,Home,2026-06-20,0
CUST102018,55,Female,Self-Employed,1249000,641,277000,36,8848,0.09,Coimbatore,Vehicle,2025-06-11,1
CUST102019,64,Male,Business,824000,578,1046000,12,14912,0.22,Coimbatore,Education,2025-10-20,0
CUST102020,58,Male,Salaried,968000,496,659000,36,5156,0.06,Salem,Personal,2025-03-27,0
CUST102021,46,Female,Salaried,873000,810,877000,48,7727,0.11,Coimbatore,Home,2024-09-16,0
CUST102022,31,Female,Salaried,451000,440,1163000,84,4023,0.11,Pondicherry,Business Expansion,2025-05-05,0
CUST102023,55,Male,Business,1375000,484,839000,120,22272,0.19,Madurai,Business Expansion,2025-11-07,1
CUST102024,28,Male,Salaried,919000,811,1609000,12,9538,0.12,Pondicherry,Personal,2025-07-31,0
CUST102025,34,Male,Business,712000,651,445000,84,11430,0.19,Trichy,Home,2026-07-05,0
CUST102026,30,Female,Self-Employed,737000,523,1148000,12,12673,0.21,Trichy,Education,2025-01-21,0
CUST102027,22,Male,Business,1544000,711,877000,60,34636,0.27,Madurai,Vehicle,2026-06-03,0
CUST102028,29,Male,Salaried,949000,719,1734000,60,26397,0.33,Pondicherry,Education,2026-07-26,0
CUST102029,23,Male,Salaried,733000,530,1409000,24,12285,0.2,Chennai,Personal,2024-10-30,0
CUST102030,41,Male,Self-Employed,1390000,577,1237000,48,18128,0.16,Salem,Vehicle,2026-06-08,0
CUST102031,46,Male,Self-Employed,943000,703,1592000,48,10028,0.13,Trichy,Vehicle,2025-06-19,0
CUST102032,28,Male,Salaried,899000,576,1006000,24,18009,0.24,Coimbatore,Business Expansion,2025-01-27,0
CUST102033,22,Male,Business,882000,675,614000,60,24466,0.33,Salem,Education,2025-10-01,0
CUST102034,26,Male,Business,1145000,778,205000,120,26659,0.28,Pondicherry,Home,2024-11-17,0
CUST102035,48,Female,Salaried,982000,434,841000,24,9151,0.11,Pondicherry,Vehicle,2026-01-28,0
CUST102036,49,Male,Salaried,720000,619,552000,60,19079,0.32,Chennai,Personal,2026-07-02,0
CUST102037,46,Female,Salaried,510000,673,1894000,120,11502,0.27,Salem,Business Expansion,2025-06-23,1
CUST102038,45,Female,Salaried,693000,488,830000,12,5104,0.09,Trichy,Business Expansion,2025-10-25,0
CUST102039,32,Female,Self-Employed,1370000,577,383000,84,30121,0.26,Madurai,Business Expansion,2026-06-16,0
CUST102040,25,Female,Salaried,518000,744,540000,24,5905,0.14,Salem,Personal,2026-06-12,1
CUST102041,54,Male,Self-Employed,482000,561,1680000,36,7929,0.2,Chennai,Home,2026-03-01,1
CUST102042,57,Male,Self-Employed,399000,491,377000,84,4657,0.14,Chennai,Home,2025-04-25,0
CUST102043,35,Male,Salaried,515000,751,50000,60,3228,0.08,Madurai,Home,2025-04-28,0
CUST102044,64,Male,Salaried,482000,690,1433000,12,11269,0.28,Chennai,Personal,2026-04-30,0
CUST102045,56,Female,Salaried,863000,643,676000,120,21474,0.3,Trichy,Education,2025-12-17,0
CUST102046,35,Female,Salaried,448000,641,1410000,36,4464,0.12,Chennai,Personal,2025-04-29,0
CUST102047,63,Female,Self-Employed,1134000,717,1626000,36,11518,0.12,Chennai,Vehicle,2025-04-16,0
CUST102048,43,Male,Business,495000,676,236000,120,7383,0.18,Coimbatore,Business Expansion,2025-03-26,0
CUST102049,26,Female,Salaried,422000,708,318000,48,10319,0.29,Coimbatore,Business Expansion,2025-09-11,0
CUST102050,64,Male,Salaried,962000,587,1504000,60,5866,0.07,Chennai,Personal,2025-05-31,1
CUST102051,63,Male,Salaried,910000,477,1612000,12,22189,0.29,Chennai,Home,2026-03-26,0
CUST102052,41,Male,Salaried,530000,705,172000,60,14434,0.33,Coimbatore,Home,2026-07-29,0
CUST102053,43,Female,Salaried,471000,749,601000,12,8574,0.22,Pondicherry,Personal,2025-10-13,0
CUST102054,63,Male,Self-Employed,776000,604,1292000,120,4404,0.07,Pondicherry,Business Expansion,2025-03-18,1
CUST102055,36,Female,Salaried,740000,729,1489000,84,8070,0.13,Chennai,Vehicle,2026-05-29,0
CUST102056,35,Female,Business,361000,619,1839000,60,2509,0.08,Madurai,Vehicle,2025-05-30,1
CUST102057,45,Female,Salaried,606000,641,1259000,84,6453,0.13,Chennai,Business Expansion,2025-09-23,0
CUST102058,56,Male,Business,1526000,807,637000,36,37327,0.29,Coimbatore,Business Expansion,2025-01-11,0
CUST102059,31,Female,Business,1596000,623,1637000,48,8871,0.07,Salem,Education,2024-12-23,1
CUST102060,35,Female,Salaried,677000,618,1278000,120,7624,0.14,Coimbatore,Business Expansion,2025-07-20,0
CUST102061,24,Male,Salaried,633000,481,385000,84,10818,0.21,Coimbatore,Home,2026-07-03,1
CUST102062,41,Male,Self-Employed,406000,687,1875000,120,10563,0.31,Chennai,Home,2024-12-07,0
CUST102063,33,Male,Self-Employed,763000,561,439000,24,7947,0.12,Salem,Personal,2026-07-10,0
CUST102064,42,Male,Business,533000,663,353000,60,12592,0.28,Coimbatore,Vehicle,2026-07-05,0
CUST102065,39,Male,Self-Employed,1380000,596,963000,36,25883,0.23,Madurai,Vehicle,2025-04-12,1
CUST102066,54,Female,Salaried,748000,609,898000,120,15764,0.25,Coimbatore,Home,2026-02-16,0
CUST102067,34,Male,Business,1033000,639,1752000,24,26559,0.31,Chennai,Business Expansion,2025-11-24,0
CUST102068,24,Male,Business,606000,646,1585000,84,2925,0.06,Pondicherry,Personal,2026-04-13,1
CUST102069,47,Female,Self-Employed,1280000,730,1848000,24,22284,0.21,Chennai,Education,2025-09-26,1
CUST102070,49,Male,Business,418000,786,1847000,24,9550,0.27,Trichy,Personal,2024-11-16,0
CUST102071,48,Female,Self-Employed,433000,683,1021000,84,11379,0.32,Madurai,Home,2026-07-02,1
CUST102072,55,Male,Self-Employed,389000,739,275000,36,2911,0.09,Chennai,Home,2025-05-08,0
CUST102073,28,Male,Self-Employed,753000,701,1894000,84,9565,0.15,Chennai,Home,2024-08-29,0
CUST102074,36,Male,Self-Employed,605000,669,562000,12,3708,0.07,Trichy,Home,2024-11-23,0
CUST102075,62,Male,Salaried,1045000,780,1059000,24,26166,0.3,Coimbatore,Vehicle,2026-01-29,0
CUST102076,56,Male,Self-Employed,830000,507,78000,48,21248,0.31,Chennai,Home,2026-06-03,1
CUST102077,50,Female,Self-Employed,793000,563,653000,120,12891,0.2,Chennai,Business Expansion,2026-05-01,0
CUST102078,38,Male,Salaried,697000,576,1014000,12,3266,0.06,Pondicherry,Home,2026-01-30,0
CUST102079,22,Female,Salaried,825000,622,1030000,36,5545,0.08,Pondicherry,Home,2024-10-10,0
CUST102080,33,Male,Self-Employed,1018000,686,664000,24,20131,0.24,Pondicherry,Business Expansion,2025-08-29,0
CUST102081,24,Male,Self-Employed,989000,524,1056000,36,28416,0.34,Coimbatore,Personal,2026-04-02,1
CUST102082,46,Female,Salaried,971000,695,1585000,36,24409,0.3,Madurai,Vehicle,2026-04-01,0
CUST102083,45,Male,Business,1039000,597,1062000,24,25055,0.29,Chennai,Personal,2026-01-20,0
CUST102084,50,Female,Business,1080000,618,1708000,36,15785,0.18,Chennai,Home,2025-01-23,1
CUST102085,31,Female,Salaried,543000,668,1687000,120,15636,0.35,Pondicherry,Personal,2025-01-23,1
CUST102086,27,Female,Salaried,472000,801,1427000,120,11701,0.3,Pondicherry,Personal,2024-08-13,1
CUST102087,51,Male,Business,887000,585,774000,48,11138,0.15,Pondicherry,Home,2026-06-01,0
CUST102088,64,Female,Business,1165000,642,521000,48,26653,0.27,Coimbatore,Vehicle,2025-03-12,1
CUST102089,30,Female,Salaried,444000,552,738000,60,6651,0.18,Pondicherry,Business Expansion,2025-03-13,1
CUST102090,59,Female,Salaried,713000,585,364000,120,14743,0.25,Salem,Home,2025-10-28,1
CUST102091,33,Male,Salaried,788000,552,958000,24,22393,0.34,Coimbatore,Education,2025-11-27,0
CUST102092,51,Male,Self-Employed,949000,647,606000,24,9801,0.12,Chennai,Home,2025-02-10,0
CUST102093,27,Male,Salaried,964000,688,991000,120,23176,0.29,Coimbatore,Business Expansion,2024-12-03,0
CUST102094,62,Male,Salaried,437000,711,1963000,24,8270,0.23,Chennai,Business Expansion,2026-01-01,1
CUST102095,62,Male,Salaried,461000,582,328000,60,12869,0.33,Pondicherry,Home,2025-06-08,0
CUST102096,56,Male,Business,1101000,695,1361000,84,8288,0.09,Coimbatore,Education,2025-05-13,0
CUST102097,40,Female,Salaried,1062000,660,889000,48,23533,0.27,Madurai,Personal,2026-02-18,0
CUST102098,24,Female,Salaried,721000,644,416000,48,3673,0.06,Madurai,Home,2026-07-31,0
CUST102099,27,Female,Business,1037000,538,380000,24,10712,0.12,Madurai,Vehicle,2025-03-05,1
CUST102100,21,Male,Salaried,527000,663,446000,36,6423,0.15,Chennai,Education,2025-09-21,0
CUST102101,64,Male,Salaried,1002000,666,1894000,12,15003,0.18,Salem,Business Expansion,2025-01-17,0
CUST102102,62,Female,Self-Employed,839000,634,837000,12,23743,0.34,Chennai,Home,2025-12-31,1
CUST102103,33,Female,Salaried,533000,686,434000,24,3121,0.07,Pondicherry,Vehicle,2025-04-21,0
CUST102104,42,Female,Business,1051000,712,1898000,24,8819,0.1,Pondicherry,Home,2026-05-02,1
CUST102105,41,Female,Salaried,568000,551,1651000,48,5249,0.11,Chennai,Personal,2026-03-10,1
CUST102106,42,Male,Salaried,690000,630,1584000,120,10188,0.18,Salem,Personal,2025-03-04,1
CUST102107,48,Female,Business,1482000,696,1980000,48,8423,0.07,Madurai,Personal,2025-06-22,1
CUST102108,29,Male,Salaried,762000,625,607000,36,21566,0.34,Madurai,Personal,2026-02-03,0
CUST102109,46,Male,Self-Employed,699000,711,1103000,48,12695,0.22,Trichy,Education,2026-06-27,0
CUST102110,29,Female,Salaried,832000,658,1270000,12,20383,0.29,Madurai,Personal,2026-03-15,1
CUST102111,35,Male,Salaried,632000,474,312000,120,14838,0.28,Chennai,Business Expansion,2025-07-10,0
CUST102112,30,Male,Business,1380000,725,457000,12,28548,0.25,Pondicherry,Personal,2024-11-12,0
CUST102113,44,Male,Salaried,1068000,639,1168000,48,28597,0.32,Madurai,Education,2025-12-21,1
CUST102114,62,Male,Salaried,862000,490,993000,12,23038,0.32,Chennai,Home,2025-06-10,1
CUST102115,28,Female,Salaried,531000,627,1039000,84,3908,0.09,Trichy,Vehicle,2025-07-13,0
CUST102116,44,Male,Salaried,962000,535,1116000,12,25699,0.32,Trichy,Business Expansion,2024-08-09,0
CUST102117,36,Male,Self-Employed,346000,692,1835000,12,5973,0.21,Madurai,Business Expansion,2026-05-12,0
CUST102118,46,Male,Business,1510000,646,896000,12,16411,0.13,Chennai,Home,2026-02-12,1
CUST102119,47,Male,Self-Employed,779000,541,1109000,60,15096,0.23,Coimbatore,Personal,2026-06-01,1
CUST102120,57,Male,Self-Employed,1251000,697,1531000,24,13997,0.13,Chennai,Vehicle,2025-04-22,0
CUST102121,24,Female,Salaried,826000,691,1202000,120,13333,0.19,Coimbatore,Personal,2025-01-21,0
CUST102122,44,Male,Salaried,878000,628,1592000,36,21579,0.29,Salem,Vehicle,2025-08-13,1
CUST102123,39,Female,Self-Employed,953000,512,1117000,60,4737,0.06,Chennai,Personal,2026-07-05,0
CUST102124,56,Female,Salaried,967000,574,1134000,120,8455,0.1,Chennai,Personal,2025-01-09,0
CUST102125,59,Female,Salaried,990000,572,1611000,36,27800,0.34,Pondicherry,Home,2024-12-06,1
CUST102126,30,Male,Business,1617000,717,1436000,60,24730,0.18,Chennai,Home,2024-08-27,1
CUST102127,45,Male,Salaried,440000,498,924000,60,5169,0.14,Chennai,Business Expansion,2024-10-23,0
CUST102128,38,Female,Salaried,885000,645,1194000,36,24115,0.33,Madurai,Personal,2025-03-04,0
CUST102129,39,Male,Self-Employed,550000,602,546000,24,14820,0.32,Pondicherry,Vehicle,2025-01-16,1
CUST102130,56,Female,Self-Employed,646000,718,207000,120,3406,0.06,Pondicherry,Personal,2026-03-18,0
CUST102131,30,Female,Salaried,684000,670,1330000,48,9048,0.16,Pondicherry,Home,2024-08-18,1
CUST102132,53,Female,Salaried,613000,698,1648000,60,16543,0.32,Coimbatore,Personal,2025-06-02,0
CUST102133,25,Female,Business,512000,602,320000,120,4434,0.1,Pondicherry,Home,2024-09-10,1
CUST102134,55,Male,Self-Employed,734000,514,1384000,120,13668,0.22,Chennai,Business Expansion,2024-08-18,0
CUST102135,64,Male,Business,944000,620,362000,24,11503,0.15,Coimbatore,Education,2025-02-05,0
CUST102136,54,Female,Salaried,647000,719,1190000,48,14609,0.27,Coimbatore,Business Expansion,2025-02-16,0
CUST102137,53,Male,Salaried,1040000,719,1861000,120,8448,0.1,Chennai,Personal,2025-07-22,0
CUST102138,41,Male,Salaried,667000,611,1991000,36,12718,0.23,Coimbatore,Vehicle,2025-11-29,0
CUST102139,37,Female,Salaried,837000,572,394000,60,3487,0.05,Madurai,Education,2024-09-22,0
CUST102140,42,Female,Salaried,925000,554,1251000,48,9694,0.13,Madurai,Personal,2024-10-19,1
CUST102141,57,Female,Salaried,767000,637,166000,24,6305,0.1,Coimbatore,Vehicle,2025-06-05,0
CUST102142,35,Female,Salaried,878000,662,1749000,120,8264,0.11,Trichy,Vehicle,2025-04-26,0
CUST102143,55,Male,Self-Employed,374000,757,1070000,48,9603,0.31,Trichy,Vehicle,2026-04-16,1
CUST102144,48,Female,Self-Employed,589000,636,1828000,36,15924,0.32,Chennai,Vehicle,2026-03-25,0
CUST102145,27,Female,Salaried,1001000,705,1238000,48,23065,0.28,Coimbatore,Vehicle,2025-04-04,0
CUST102146,52,Female,Salaried,563000,579,223000,12,10651,0.23,Chennai,Vehicle,2024-09-25,0
CUST102147,31,Male,Salaried,954000,653,1704000,60,9480,0.12,Chennai,Business Expansion,2025-02-05,0
CUST102148,30,Male,Salaried,594000,662,798000,24,6554,0.13,Pondicherry,Personal,2025-12-13,0
CUST102149,29,Female,Salaried,957000,637,204000,84,11401,0.14,Chennai,Vehicle,2025-10-08,0
CUST102150,34,Male,Salaried,932000,648,1732000,24,21987,0.28,Chennai,Home,2024-12-27,1
CUST102151,33,Male,Business,1204000,661,644000,60,12628,0.13,Chennai,Business Expansion,2025-04-21,0
CUST102152,45,Female,Business,431000,693,1857000,60,12284,0.34,Pondicherry,Home,2026-07-05,0
CUST102153,22,Male,Self-Employed,597000,730,1583000,12,14374,0.29,Chennai,Personal,2025-10-08,1
CUST102154,55,Male,Business,1514000,446,359000,12,44147,0.35,Trichy,Business Expansion,2025-08-21,0
CUST102155,27,Male,Self-Employed,1120000,725,1798000,24,17523,0.19,Chennai,Vehicle,2026-03-05,0
CUST102156,41,Male,Business,794000,496,1810000,84,15006,0.23,Pondicherry,Personal,2025-12-31,0
CUST102157,38,Female,Self-Employed,1354000,652,283000,48,15133,0.13,Salem,Home,2026-01-16,0
CUST102158,23,Male,Salaried,1075000,862,1424000,84,20704,0.23,Madurai,Education,2025-11-16,1
CUST102159,62,Male,Self-Employed,320000,621,211000,60,9124,0.34,Pondicherry,Home,2026-06-17,1
CUST102160,59,Female,Salaried,711000,666,1664000,12,3502,0.06,Trichy,Home,2026-03-30,0
CUST102161,61,Female,Self-Employed,303000,597,740000,12,3453,0.14,Pondicherry,Vehicle,2026-07-02,1
CUST102162,31,Female,Business,416000,710,341000,12,4658,0.13,Pondicherry,Vehicle,2025-06-14,0
CUST102163,59,Male,Self-Employed,877000,657,176000,48,25192,0.34,Chennai,Vehicle,2026-03-04,0
CUST102164,44,Male,Salaried,747000,589,742000,120,5589,0.09,Madurai,Vehicle,2026-03-21,0
CUST102165,39,Female,Salaried,1002000,639,651000,24,24524,0.29,Salem,Business Expansion,2026-02-20,0
CUST102166,24,Male,Business,1153000,549,1167000,84,12718,0.13,Coimbatore,Education,2026-04-16,0
CUST102167,46,Female,Business,388000,639,1519000,120,9964,0.31,Salem,Business Expansion,2026-05-27,1
CUST102168,58,Male,Salaried,623000,612,1162000,24,10192,0.2,Madurai,Home,2025-11-09,0
CUST102169,62,Male,Business,1382000,662,437000,12,14128,0.12,Coimbatore,Personal,2024-12-31,0
CUST102170,52,Female,Business,601000,586,829000,48,13167,0.26,Trichy,Vehicle,2026-03-28,0
CUST102171,59,Female,Salaried,527000,630,298000,48,13283,0.3,Pondicherry,Personal,2026-06-04,0
CUST102172,56,Female,Business,1731000,650,230000,24,27557,0.19,Coimbatore,Home,2025-07-29,0
CUST102173,60,Male,Salaried,505000,657,1134000,60,11118,0.26,Chennai,Vehicle,2024-08-08,0
CUST102174,57,Male,Self-Employed,346000,649,1220000,12,3012,0.1,Trichy,Business Expansion,2025-07-26,0
CUST102175,53,Male,Salaried,910000,634,1704000,48,25122,0.33,Salem,Personal,2026-04-24,1
CUST102176,56,Male,Self-Employed,1341000,554,745000,60,8820,0.08,Madurai,Vehicle,2024-12-19,0
CUST102177,23,Male,Self-Employed,838000,632,1850000,36,8141,0.12,Chennai,Vehicle,2025-06-13,0
CUST102178,29,Male,Salaried,865000,633,330000,84,9839,0.14,Chennai,Personal,2025-08-27,0
CUST102179,28,Male,Business,1602000,742,1639000,12,12792,0.1,Salem,Vehicle,2025-03-28,0
CUST102180,53,Female,Business,732000,753,1185000,84,10492,0.17,Chennai,Home,2025-12-19,0
CUST102181,26,Female,Self-Employed,729000,501,1760000,36,11379,0.19,Madurai,Personal,2026-04-21,0
CUST102182,61,Female,Salaried,579000,705,346000,24,9919,0.21,Chennai,Business Expansion,2026-04-18,0
CUST102183,59,Male,Salaried,562000,723,740000,24,2914,0.06,Chennai,Business Expansion,2024-08-27,0
CUST102184,24,Female,Salaried,700000,528,611000,84,6751,0.12,Coimbatore,Personal,2025-06-06,0
CUST102185,33,Male,Business,386000,702,1190000,24,9403,0.29,Chennai,Home,2025-01-03,1
CUST102186,22,Male,Salaried,568000,730,1976000,120,13877,0.29,Pondicherry,Business Expansion,2025-03-01,0
CUST102187,25,Female,Business,1455000,564,1100000,84,18066,0.15,Coimbatore,Home,2025-01-27,0
CUST102188,64,Male,Business,559000,628,1505000,48,8774,0.19,Coimbatore,Home,2024-11-01,1
CUST102189,47,Male,Self-Employed,476000,641,1952000,48,4166,0.11,Coimbatore,Personal,2025-02-05,1
CUST102190,52,Male,Self-Employed,378000,676,360000,60,9344,0.3,Salem,Vehicle,2025-04-01,1
CUST102191,41,Male,Self-Employed,1186000,536,1776000,36,33307,0.34,Trichy,Business Expansion,2026-05-24,0
CUST102192,28,Female,Self-Employed,506000,729,924000,24,5793,0.14,Chennai,Education,2026-07-13,0
CUST102193,58,Female,Salaried,670000,467,439000,24,15889,0.28,Chennai,Home,2024-09-14,0
CUST102194,28,Female,Business,1250000,769,1748000,48,16220,0.16,Madurai,Home,2026-03-16,0
CUST102195,23,Male,Self-Employed,829000,674,1535000,48,3508,0.05,Pondicherry,Vehicle,2026-07-28,1
CUST102196,64,Female,Self-Employed,1191000,569,55000,48,22819,0.23,Coimbatore,Business Expansion,2026-01-24,1
CUST102197,23,Male,Self-Employed,1364000,702,752000,12,19677,0.17,Chennai,Home,2024-12-20,0
CUST102198,42,Male,Salaried,771000,555,1060000,36,17831,0.28,Trichy,Personal,2026-07-30,0
CUST102199,26,Female,Salaried,471000,660,579000,36,10779,0.27,Madurai,Personal,2025-07-02,0
CUST102200,22,Male,Business,1330000,671,208000,12,36997,0.33,Madurai,Business Expansion,2024-12-24,0
CUST102201,43,Female,Salaried,1065000,671,1381000,24,16094,0.18,Chennai,Home,2026-06-03,0
CUST102202,64,Male,Self-Employed,589000,549,1729000,84,9559,0.19,Chennai,Education,2025-01-13,1
CUST102203,22,Female,Salaried,764000,605,1001000,120,10831,0.17,Chennai,Personal,2026-04-20,1
CUST102204,58,Female,Salaried,858000,661,1268000,120,9944,0.14,Chennai,Home,2024-09-22,0
CUST102205,37,Male,Salaried,787000,584,1552000,84,15828,0.24,Salem,Home,2024-12-21,1
CUST102206,55,Male,Business,1073000,674,279000,60,26682,0.3,Chennai,Home,2024-09-02,0
CUST102207,54,Female,Self-Employed,476000,569,1579000,60,3861,0.1,Madurai,Vehicle,2026-07-12,1
CUST102208,43,Male,Salaried,490000,740,1775000,24,14069,0.34,Madurai,Business Expansion,2026-07-05,1
CUST102209,50,Male,Business,1622000,790,1410000,60,34486,0.26,Coimbatore,Home,2024-12-25,0
CUST102210,28,Female,Salaried,690000,623,741000,48,16331,0.28,Pondicherry,Vehicle,2026-03-20,0
CUST102211,42,Male,Salaried,714000,732,182000,36,20804,0.35,Trichy,Business Expansion,2026-02-19,0
CUST102212,64,Female,Self-Employed,893000,605,998000,84,14973,0.2,Salem,Personal,2025-05-20,0
CUST102213,56,Male,Self-Employed,392000,540,1793000,48,2331,0.07,Chennai,Personal,2026-02-21,1
CUST102214,25,Male,Salaried,437000,611,1730000,60,10454,0.29,Chennai,Personal,2024-08-09,1
CUST102215,33,Female,Business,927000,657,208000,60,24042,0.31,Chennai,Personal,2024-12-10,0
CUST102216,49,Male,Business,504000,489,1345000,36,4146,0.1,Chennai,Personal,2026-03-06,1
CUST102217,51,Male,Salaried,964000,706,582000,120,4598,0.06,Coimbatore,Home,2025-02-07,0
CUST102218,36,Male,Salaried,716000,657,730000,84,5414,0.09,Pondicherry,Personal,2024-11-12,0
CUST102219,62,Male,Business,1790000,740,344000,120,21955,0.15,Chennai,Education,2025-04-04,0
CUST102220,50,Male,Salaried,591000,704,1878000,48,16118,0.33,Salem,Home,2024-09-30,1
CUST102221,36,Male,Salaried,922000,660,986000,36,3898,0.05,Coimbatore,Home,2025-09-24,0
CUST102222,32,Male,Self-Employed,1166000,592,870000,84,28289,0.29,Trichy,Business Expansion,2025-04-21,1
CUST102223,37,Male,Salaried,836000,787,1403000,60,21349,0.31,Chennai,Home,2026-03-25,0
CUST102224,36,Female,Salaried,808000,845,1873000,120,19749,0.29,Chennai,Home,2025-12-09,0
CUST102225,32,Female,Salaried,759000,619,330000,84,4722,0.07,Pondicherry,Personal,2024-09-14,0
CUST102226,28,Male,Self-Employed,1102000,718,1510000,36,23303,0.25,Chennai,Education,2025-04-27,1
CUST102227,40,Female,Self-Employed,477000,561,1137000,36,13362,0.34,Pondicherry,Home,2025-11-11,1
CUST102228,23,Female,Salaried,497000,597,408000,60,3566,0.09,Madurai,Education,2025-12-06,0
CUST102229,36,Male,Salaried,1008000,615,1062000,120,4998,0.06,Pondicherry,Vehicle,2026-03-07,0
CUST102230,50,Female,Self-Employed,502000,686,1302000,36,13056,0.31,Trichy,Vehicle,2025-08-11,1
CUST102231,43,Male,Business,1280000,553,1687000,48,25971,0.24,Chennai,Vehicle,2026-02-15,0
CUST102232,48,Female,Business,959000,789,1879000,120,19494,0.24,Madurai,Home,2026-06-24,0
CUST102233,60,Male,Salaried,961000,734,1320000,60,27174,0.34,Chennai,Home,2025-12-14,0
CUST102234,25,Male,Self-Employed,398000,684,1165000,36,9317,0.28,Coimbatore,Personal,2024-12-08,0
CUST102235,40,Female,Self-Employed,594000,598,896000,24,8377,0.17,Chennai,Home,2026-02-11,1
CUST102236,60,Male,Business,735000,724,697000,48,11071,0.18,Coimbatore,Education,2025-11-05,0
CUST102237,64,Male,Self-Employed,333000,362,50000,48,2592,0.09,Chennai,Vehicle,2026-06-30,1
CUST102238,21,Female,Salaried,817000,689,364000,48,9614,0.14,Salem,Personal,2024-10-19,0
CUST102239,50,Male,Self-Employed,1424000,639,1364000,84,21789,0.18,Madurai,Business Expansion,2024-12-15,0
CUST102240,41,Female,Salaried,627000,480,1319000,12,6705,0.13,Salem,Education,2026-04-07,0
CUST102241,40,Female,Salaried,636000,686,1313000,60,17212,0.32,Chennai,Education,2024-08-02,0
CUST102242,26,Male,Self-Employed,1390000,678,530000,12,6201,0.05,Trichy,Business Expansion,2024-10-14,0
CUST102243,42,Male,Business,582000,483,1345000,36,10966,0.23,Coimbatore,Personal,2025-03-09,1
CUST102244,38,Female,Salaried,482000,543,703000,60,11306,0.28,Coimbatore,Home,2025-04-09,0
CUST102245,28,Male,Self-Employed,493000,810,1590000,84,11077,0.27,Pondicherry,Home,2025-11-13,0
CUST102246,59,Female,Salaried,1061000,633,897000,48,21495,0.24,Salem,Home,2025-05-30,0
CUST102247,52,Male,Business,534000,737,838000,48,7702,0.17,Chennai,Home,2025-08-03,0
CUST102248,53,Male,Self-Employed,1380000,726,363000,84,37437,0.33,Salem,Education,2025-08-18,1
CUST102249,36,Male,Salaried,790000,685,1642000,120,9788,0.15,Trichy,Education,2025-01-11,0
CUST102250,32,Female,Salaried,978000,741,188000,48,22415,0.28,Salem,Vehicle,2024-09-02,0
CUST102251,58,Male,Salaried,799000,459,547000,48,21839,0.33,Madurai,Vehicle,2025-07-25,0
CUST102252,54,Male,Salaried,847000,629,1400000,36,6247,0.09,Salem,Personal,2025-02-07,0
CUST102253,34,Male,Salaried,1071000,372,170000,120,29820,0.33,Pondicherry,Home,2024-08-18,1
CUST102254,56,Male,Self-Employed,972000,467,1465000,120,22907,0.28,Chennai,Education,2025-09-10,1
CUST102255,53,Male,Salaried,1078000,600,514000,24,21108,0.23,Coimbatore,Home,2025-03-05,0
CUST102256,43,Male,Self-Employed,1198000,565,1039000,84,16174,0.16,Chennai,Vehicle,2025-07-23,0
CUST102257,22,Male,Salaried,444000,653,959000,60,11887,0.32,Madurai,Home,2024-08-05,1
CUST102258,61,Male,Self-Employed,1371000,623,1250000,120,7222,0.06,Pondicherry,Business Expansion,2025-05-15,0
CUST102259,41,Male,Salaried,498000,662,413000,24,7451,0.18,Pondicherry,Vehicle,2025-08-07,0
CUST102260,22,Female,Salaried,868000,665,1571000,84,20035,0.28,Trichy,Vehicle,2026-06-20,0
CUST102261,47,Female,Salaried,824000,679,210000,60,20142,0.29,Coimbatore,Home,2026-03-08,0
CUST102262,29,Male,Salaried,886000,563,713000,84,8172,0.11,Chennai,Personal,2025-04-27,0
CUST102263,21,Male,Business,1778000,584,1016000,48,9524,0.06,Chennai,Personal,2026-01-26,0
CUST102264,31,Male,Self-Employed,859000,621,599000,84,20820,0.29,Trichy,Home,2026-05-11,0
CUST102265,23,Female,Self-Employed,574000,623,1408000,120,8445,0.18,Chennai,Business Expansion,2026-04-13,0
CUST102266,43,Male,Salaried,990000,552,1123000,12,7677,0.09,Chennai,Business Expansion,2024-11-17,0
CUST102267,46,Male,Salaried,633000,747,796000,120,3991,0.08,Coimbatore,Personal,2026-05-11,0
CUST102268,24,Female,Salaried,572000,715,138000,36,11544,0.24,Chennai,Personal,2024-11-16,0
CUST102269,38,Male,Self-Employed,1304000,547,1649000,60,24433,0.22,Chennai,Business Expansion,2026-01-26,1
CUST102270,26,Male,Salaried,518000,631,942000,48,13217,0.31,Chennai,Home,2024-12-16,0
CUST102271,55,Male,Salaried,644000,830,770000,12,3191,0.06,Salem,Home,2026-03-28,0
CUST102272,42,Female,Salaried,464000,664,1298000,48,12007,0.31,Chennai,Home,2025-11-25,0
CUST102273,63,Male,Salaried,799000,685,435000,120,21051,0.32,Pondicherry,Home,2026-07-27,0
CUST102274,35,Female,Salaried,823000,595,1240000,36,12611,0.18,Chennai,Personal,2024-10-08,0
CUST102275,42,Female,Salaried,983000,621,1787000,120,5979,0.07,Pondicherry,Home,2026-06-29,0
CUST102276,57,Male,Salaried,905000,786,703000,120,25190,0.33,Madurai,Vehicle,2025-05-11,0
CUST102277,62,Male,Salaried,612000,660,1981000,12,3652,0.07,Pondicherry,Vehicle,2025-07-10,0
CUST102278,32,Male,Salaried,1054000,643,386000,84,19955,0.23,Pondicherry,Personal,2025-01-09,1
CUST102279,62,Female,Self-Employed,596000,625,639000,60,9831,0.2,Madurai,Personal,2025-10-11,1
CUST102280,58,Female,Salaried,670000,879,484000,84,16779,0.3,Salem,Business Expansion,2026-04-10,0
CUST102281,38,Male,Salaried,1036000,653,1595000,60,17334,0.2,Madurai,Vehicle,2026-07-05,0
CUST102282,55,Female,Salaried,630000,575,1321000,120,10013,0.19,Trichy,Home,2026-05-12,0
CUST102283,50,Male,Salaried,854000,591,1117000,84,22360,0.31,Coimbatore,Personal,2025-05-09,0
CUST102284,44,Male,Salaried,1005000,720,536000,60,28408,0.34,Salem,Home,2026-02-06,1
CUST102285,62,Female,Business,783000,521,1881000,60,14014,0.21,Pondicherry,Personal,2025-06-23,1
CUST102286,50,Female,Business,820000,690,1550000,12,12738,0.19,Chennai,Education,2026-04-16,0
CUST102287,34,Male,Salaried,534000,584,158000,36,13320,0.3,Madurai,Home,2025-10-15,0
CUST102288,26,Female,Business,1634000,482,749000,12,40758,0.3,Pondicherry,Vehicle,2025-08-06,0
CUST102289,23,Female,Salaried,783000,561,1143000,60,9514,0.15,Pondicherry,Home,2025-10-06,0
CUST102290,36,Female,Salaried,643000,652,1817000,36,11941,0.22,Salem,Education,2026-02-25,1
CUST102291,27,Female,Business,1472000,775,592000,24,11804,0.1,Chennai,Personal,2025-08-01,0
CUST102292,34,Female,Business,1190000,732,854000,24,23865,0.24,Coimbatore,Personal,2025-03-25,0
CUST102293,29,Male,Business,385000,623,1771000,120,9631,0.3,Madurai,Vehicle,2025-10-19,1
CUST102294,35,Female,Salaried,728000,737,732000,84,6446,0.11,Chennai,Vehicle,2026-07-08,0
CUST102295,41,Male,Salaried,441000,617,1182000,12,5399,0.15,Coimbatore,Vehicle,2026-07-02,0
CUST102296,55,Female,Salaried,764000,518,658000,60,11757,0.18,Madurai,Vehicle,2025-03-06,1
CUST102297,22,Male,Self-Employed,434000,626,888000,84,10977,0.3,Chennai,Personal,2025-02-15,1
CUST102298,47,Female,Salaried,729000,514,599000,24,16366,0.27,Chennai,Personal,2025-08-21,0
CUST102299,22,Male,Business,935000,721,313000,24,11302,0.15,Chennai,Vehicle,2025-02-18,0
CUST102300,55,Male,Salaried,828000,722,339000,120,8480,0.12,Trichy,Vehicle,2024-09-16,0
CUST102301,38,Male,Salaried,701000,570,194000,48,15113,0.26,Coimbatore,Home,2025-04-12,0
CUST102302,34,Female,Self-Employed,1181000,638,578000,48,19089,0.19,Chennai,Vehicle,2025-05-12,0
CUST102303,40,Female,Self-Employed,549000,637,143000,84,10434,0.23,Madurai,Education,2025-02-07,0
CUST102304,38,Male,Salaried,443000,728,387000,120,9030,0.24,Chennai,Business Expansion,2024-08-25,0
CUST102305,30,Female,Business,548000,537,1638000,84,9937,0.22,Salem,Home,2026-04-14,1
CUST102306,45,Female,Salaried,646000,703,1048000,36,12592,0.23,Chennai,Personal,2025-10-05,1
CUST102307,22,Female,Salaried,420000,531,1984000,36,11068,0.32,Pondicherry,Personal,2026-03-04,0
CUST102308,45,Male,Business,361000,719,1905000,60,9339,0.31,Madurai,Personal,2024-10-02,0
CUST102309,53,Female,Business,931000,745,1694000,24,7347,0.09,Pondicherry,Personal,2026-01-12,0
CUST102310,56,Male,Business,1411000,589,1642000,12,26567,0.23,Chennai,Personal,2025-08-07,0
CUST102311,51,Female,Business,494000,759,1733000,12,7483,0.18,Chennai,Home,2025-07-24,0
CUST102312,34,Female,Self-Employed,721000,483,1134000,48,8150,0.14,Pondicherry,Home,2026-01-30,0
CUST102313,21,Female,Business,1581000,748,1610000,120,31533,0.24,Chennai,Home,2025-06-28,0
CUST102314,36,Female,Salaried,756000,779,127000,120,12805,0.2,Trichy,Personal,2026-03-23,0
CUST102315,23,Male,Self-Employed,975000,656,1612000,120,22950,0.28,Coimbatore,Home,2026-06-28,0
CUST102316,55,Male,Self-Employed,938000,607,1504000,36,6099,0.08,Trichy,Home,2025-01-05,0
CUST102317,61,Male,Salaried,1040000,678,148000,60,12203,0.14,Salem,Home,2025-08-13,0
CUST102318,26,Male,Salaried,909000,595,1613000,120,4373,0.06,Salem,Business Expansion,2026-02-21,0
CUST102319,45,Female,Salaried,688000,886,695000,48,15697,0.27,Coimbatore,Business Expansion,2025-08-08,0
CUST102320,33,Female,Self-Employed,722000,572,858000,48,19478,0.32,Coimbatore,Personal,2025-02-28,1
CUST102321,54,Female,Salaried,449000,768,1388000,60,8464,0.23,Salem,Business Expansion,2025-07-22,0
CUST102322,28,Male,Business,1796000,583,1296000,60,35185,0.24,Pondicherry,Home,2025-08-07,1
CUST102323,41,Male,Salaried,472000,793,1919000,84,2514,0.06,Chennai,Vehicle,2026-07-28,0
CUST102324,54,Male,Salaried,612000,831,1262000,24,10257,0.2,Madurai,Home,2025-09-23,0
CUST102325,24,Male,Business,1385000,684,1025000,120,24013,0.21,Chennai,Business Expansion,2025-05-17,0
CUST102326,45,Male,Self-Employed,1310000,650,354000,60,6734,0.06,Salem,Home,2025-11-12,0
CUST102327,35,Female,Salaried,680000,563,925000,60,16133,0.28,Chennai,Home,2025-08-16,0
CUST102328,24,Male,Salaried,736000,553,405000,48,8187,0.13,Madurai,Home,2025-12-07,0
CUST102329,32,Female,Self-Employed,855000,651,822000,48,19026,0.27,Trichy,Education,2024-12-14,1
CUST102330,52,Male,Business,1744000,781,1553000,12,24834,0.17,Salem,Home,2025-06-15,0
CUST102331,52,Female,Business,1411000,600,828000,84,41000,0.35,Pondicherry,Personal,2025-08-06,1
CUST102332,48,Female,Self-Employed,1175000,823,1927000,12,11129,0.11,Chennai,Personal,2025-02-06,0
CUST102333,33,Female,Salaried,948000,595,1820000,12,5330,0.07,Madurai,Business Expansion,2024-11-19,0
CUST102334,51,Female,Salaried,607000,670,89000,60,17399,0.34,Salem,Personal,2025-01-27,0
CUST102335,34,Female,Salaried,906000,670,525000,24,9298,0.12,Trichy,Vehicle,2026-03-19,0
CUST102336,40,Female,Salaried,674000,640,1187000,48,13513,0.24,Trichy,Personal,2024-10-23,1
CUST102337,38,Female,Salaried,863000,466,1399000,36,11677,0.16,Pondicherry,Vehicle,2025-08-23,0
CUST102338,49,Male,Salaried,701000,594,728000,120,14130,0.24,Coimbatore,Home,2026-02-25,0
CUST102339,26,Male,Self-Employed,1146000,642,887000,120,21852,0.23,Trichy,Personal,2025-08-18,0
CUST102340,52,Male,Salaried,1051000,641,1695000,24,22962,0.26,Chennai,Business Expansion,2026-05-12,0
CUST102341,49,Female,Self-Employed,863000,682,581000,84,3993,0.06,Coimbatore,Vehicle,2024-12-11,0
CUST102342,63,Male,Business,1634000,718,279000,120,40966,0.3,Pondicherry,Education,2026-05-20,0
CUST102343,22,Female,Self-Employed,409000,603,1461000,36,6598,0.19,Chennai,Business Expansion,2025-10-15,0
CUST102344,43,Female,Self-Employed,905000,538,1034000,84,15509,0.21,Coimbatore,Personal,2025-06-15,0
CUST102345,39,Male,Self-Employed,1030000,764,830000,120,14875,0.17,Chennai,Vehicle,2024-10-28,0
CUST102346,51,Male,Salaried,936000,528,1378000,60,27051,0.35,Chennai,Business Expansion,2025-02-25,0
CUST102347,25,Female,Salaried,914000,596,125000,84,22124,0.29,Pondicherry,Home,2025-04-18,0
CUST102348,39,Male,Salaried,695000,573,314000,120,8306,0.14,Trichy,Home,2025-07-21,0
CUST102349,54,Female,Salaried,796000,717,364000,36,18899,0.28,Chennai,Personal,2025-12-03,1
CUST102350,30,Male,Self-Employed,768000,743,677000,84,11590,0.18,Madurai,Home,2025-04-08,1
CUST102351,45,Female,Business,1466000,634,1588000,84,37994,0.31,Coimbatore,Home,2026-01-15,0
CUST102352,22,Male,Business,1394000,670,1041000,12,6883,0.06,Chennai,Education,2026-04-04,0
CUST102353,31,Female,Salaried,498000,688,1596000,84,6499,0.16,Pondicherry,Business Expansion,2025-05-02,0
CUST102354,51,Male,Business,748000,812,1334000,48,11154,0.18,Coimbatore,Vehicle,2026-05-25,0
CUST102355,35,Male,Salaried,732000,490,1442000,24,16669,0.27,Pondicherry,Personal,2025-06-21,0
CUST102356,29,Male,Business,423000,716,1737000,12,3690,0.1,Chennai,Home,2026-06-04,0
CUST102357,43,Male,Salaried,1014000,683,1783000,48,11482,0.14,Coimbatore,Vehicle,2025-03-27,0
CUST102358,39,Female,Salaried,784000,616,131000,120,17454,0.27,Chennai,Personal,2024-09-04,0
CUST102359,29,Female,Salaried,639000,679,1710000,84,3890,0.07,Chennai,Business Expansion,2025-06-11,0
CUST102360,55,Male,Business,1693000,716,279000,120,15566,0.11,Pondicherry,Education,2026-02-05,0
CUST102361,41,Male,Salaried,717000,702,695000,12,16491,0.28,Chennai,Personal,2026-05-01,0
CUST102362,29,Male,Salaried,629000,844,1671000,24,16388,0.31,Chennai,Home,2026-07-31,0
CUST102363,48,Female,Business,528000,661,347000,60,11820,0.27,Salem,Personal,2025-07-23,0
CUST102364,27,Female,Business,784000,652,1628000,36,13598,0.21,Trichy,Personal,2024-10-25,0
CUST102365,36,Male,Salaried,841000,633,1983000,60,5586,0.08,Chennai,Home,2026-07-16,0
CUST102366,36,Female,Self-Employed,1001000,674,1789000,84,24872,0.3,Salem,Business Expansion,2024-09-18,0
CUST102367,53,Female,Salaried,425000,647,330000,84,3088,0.09,Chennai,Education,2025-11-17,0
CUST102368,24,Female,Salaried,624000,651,517000,120,8607,0.17,Pondicherry,Education,2025-05-24,0
CUST102369,24,Female,Salaried,1034000,651,579000,36,5613,0.07,Chennai,Business Expansion,2026-07-19,0
CUST102370,59,Female,Salaried,868000,637,457000,36,19016,0.26,Madurai,Education,2024-11-13,0
CUST102371,60,Female,Salaried,620000,595,1776000,120,10387,0.2,Madurai,Education,2026-02-12,0
CUST102372,37,Male,Self-Employed,1304000,662,1024000,84,35021,0.32,Chennai,Vehicle,2024-10-10,0
CUST102373,57,Female,Salaried,875000,624,272000,24,6680,0.09,Trichy,Home,2025-11-07,0
CUST102374,59,Male,Self-Employed,787000,680,1947000,24,19396,0.3,Madurai,Home,2026-03-19,0
CUST102375,49,Male,Self-Employed,896000,634,818000,60,15172,0.2,Pondicherry,Home,2025-01-21,0
CUST102376,56,Male,Salaried,473000,615,1088000,48,6299,0.16,Pondicherry,Personal,2025-06-16,0
CUST102377,58,Female,Salaried,741000,790,743000,48,15009,0.24,Madurai,Business Expansion,2025-10-08,0
CUST102378,59,Male,Self-Employed,418000,615,595000,60,10001,0.29,Madurai,Personal,2026-05-29,1
CUST102379,57,Male,Self-Employed,1096000,681,1253000,120,16630,0.18,Madurai,Personal,2025-05-17,0
CUST102380,55,Male,Self-Employed,1406000,562,1075000,36,14041,0.12,Trichy,Home,2025-03-02,1
CUST102381,27,Male,Self-Employed,623000,442,200000,120,16859,0.32,Coimbatore,Home,2026-07-04,0
CUST102382,47,Male,Salaried,920000,598,1993000,24,11032,0.14,Madurai,Personal,2026-04-05,0
CUST102383,48,Female,Self-Employed,852000,432,1183000,60,24812,0.35,Madurai,Home,2026-07-08,1
CUST102384,42,Female,Salaried,950000,628,1380000,48,22182,0.28,Salem,Home,2025-01-02,1
CUST102385,34,Male,Business,732000,782,1887000,36,15637,0.26,Madurai,Personal,2024-08-07,0
CUST102386,27,Female,Self-Employed,356000,543,1470000,48,1593,0.05,Chennai,Personal,2025-11-26,1
CUST102387,57,Female,Salaried,1006000,460,1938000,36,15472,0.18,Madurai,Home,2024-12-01,1
CUST102388,42,Male,Salaried,1022000,785,667000,48,17096,0.2,Pondicherry,Vehicle,2025-10-24,0
CUST102389,25,Female,Business,1642000,607,816000,84,22291,0.16,Pondicherry,Personal,2024-12-05,0
CUST102390,22,Female,Salaried,1043000,648,63000,12,8256,0.09,Pondicherry,Home,2026-07-29,0
CUST102391,47,Male,Salaried,718000,720,1346000,36,9587,0.16,Pondicherry,Vehicle,2025-08-21,0
CUST102392,41,Male,Self-Employed,1103000,672,1451000,36,6663,0.07,Coimbatore,Personal,2025-03-30,0
CUST102393,58,Female,Self-Employed,1423000,692,705000,120,16278,0.14,Madurai,Home,2026-06-07,0
CUST102394,35,Female,Salaried,748000,731,977000,36,4681,0.08,Pondicherry,Education,2026-01-05,0
CUST102395,41,Male,Self-Employed,1069000,467,256000,12,24562,0.28,Chennai,Vehicle,2025-05-14,0
CUST102396,30,Male,Business,1279000,522,668000,12,26789,0.25,Coimbatore,Personal,2026-02-09,0
CUST102397,43,Male,Business,761000,755,1320000,120,21053,0.33,Pondicherry,Business Expansion,2025-06-22,0
CUST102398,59,Female,Self-Employed,650000,554,784000,48,8882,0.16,Pondicherry,Education,2025-03-17,0
CUST102399,25,Male,Business,1040000,589,829000,24,24774,0.29,Salem,Home,2024-10-07,0
CUST102400,21,Male,Self-Employed,1281000,511,1810000,120,24155,0.23,Salem,Business Expansion,2026-02-09,1
CUST102401,33,Female,Salaried,1005000,613,1460000,84,20420,0.24,Chennai,Business Expansion,2025-06-28,0
CUST102402,41,Male,Self-Employed,706000,593,1148000,48,12604,0.21,Salem,Home,2025-01-02,0
CUST102403,46,Male,Salaried,433000,565,1116000,36,10238,0.28,Chennai,Vehicle,2025-12-22,0
CUST102404,41,Male,Salaried,511000,555,1206000,36,2665,0.06,Trichy,Home,2024-08-12,0
CUST102405,38,Female,Salaried,801000,678,480000,84,4949,0.07,Chennai,Vehicle,2025-02-04,0
CUST102406,57,Male,Business,473000,577,844000,120,3105,0.08,Coimbatore,Vehicle,2024-08-17,0
CUST102407,52,Female,Self-Employed,311000,570,1968000,48,3540,0.14,Salem,Personal,2026-05-02,1
CUST102408,56,Male,Self-Employed,829000,428,1509000,60,15705,0.23,Chennai,Business Expansion,2025-07-17,0
CUST102409,37,Male,Salaried,439000,824,105000,24,8914,0.24,Trichy,Business Expansion,2026-04-23,0
CUST102410,55,Male,Salaried,574000,734,257000,12,12617,0.26,Chennai,Education,2024-08-09,0
CUST102411,31,Male,Salaried,519000,605,788000,24,5805,0.13,Chennai,Personal,2025-02-27,0
CUST102412,41,Female,Self-Employed,1351000,544,153000,60,27590,0.25,Coimbatore,Home,2026-04-22,0
CUST102413,46,Male,Salaried,817000,650,513000,48,5807,0.09,Madurai,Business Expansion,2024-08-29,1
CUST102414,24,Female,Salaried,811000,648,1921000,120,3581,0.05,Chennai,Home,2026-04-21,0
CUST102415,54,Male,Salaried,733000,535,519000,48,15784,0.26,Coimbatore,Personal,2025-09-13,1
CUST102416,38,Female,Self-Employed,1373000,395,629000,36,30284,0.26,Trichy,Business Expansion,2024-12-19,0
CUST102417,60,Female,Business,1262000,602,299000,84,24886,0.24,Chennai,Home,2025-10-02,0
CUST102418,55,Female,Self-Employed,1268000,484,1041000,48,13489,0.13,Coimbatore,Personal,2024-12-09,1
CUST102419,61,Male,Salaried,424000,665,652000,60,11597,0.33,Salem,Personal,2025-08-13,0
CUST102420,49,Male,Salaried,1016000,666,832000,48,26475,0.31,Coimbatore,Home,2025-12-22,0
CUST102421,49,Male,Salaried,855000,562,452000,120,14582,0.2,Coimbatore,Personal,2025-08-29,0
CUST102422,58,Female,Salaried,586000,601,75000,48,16932,0.35,Trichy,Home,2025-01-11,0
CUST102423,62,Male,Salaried,771000,808,768000,60,8968,0.14,Pondicherry,Home,2025-02-01,0
CUST102424,41,Female,Salaried,512000,719,990000,12,8419,0.2,Pondicherry,Business Expansion,2025-04-16,0
CUST102425,62,Female,Salaried,844000,609,1837000,24,23095,0.33,Salem,Personal,2025-09-06,0
CUST102426,33,Male,Salaried,697000,856,59000,120,10956,0.19,Chennai,Vehicle,2025-10-07,0
CUST102427,61,Female,Salaried,803000,542,1683000,48,12801,0.19,Salem,Home,2026-06-08,0
CUST102428,37,Female,Self-Employed,1029000,551,663000,24,6329,0.07,Salem,Vehicle,2026-01-14,0
CUST102429,29,Female,Business,1465000,640,1570000,24,13844,0.11,Pondicherry,Education,2025-06-26,0
CUST102430,61,Male,Business,1138000,512,1483000,36,9232,0.1,Coimbatore,Vehicle,2025-10-22,1
CUST102431,21,Male,Salaried,742000,811,1209000,12,13577,0.22,Pondicherry,Vehicle,2026-05-23,0
CUST102432,22,Male,Salaried,962000,666,897000,24,11668,0.15,Chennai,Home,2025-03-13,0
CUST102433,49,Female,Business,1638000,578,270000,36,9979,0.07,Pondicherry,Personal,2025-07-02,0
CUST102434,53,Female,Salaried,1045000,690,593000,60,17677,0.2,Chennai,Business Expansion,2025-12-03,0
CUST102435,30,Male,Business,1744000,663,1350000,60,36444,0.25,Pondicherry,Business Expansion,2025-09-23,0
CUST102436,60,Female,Self-Employed,552000,597,145000,60,12464,0.27,Madurai,Personal,2026-04-04,0
CUST102437,41,Male,Business,770000,541,1886000,84,19330,0.3,Chennai,Education,2025-08-15,0
CUST102438,48,Female,Business,531000,520,1512000,84,8610,0.19,Pondicherry,Home,2025-08-31,1
CUST102439,31,Female,Self-Employed,659000,821,1581000,120,9181,0.17,Madurai,Vehicle,2024-08-13,0
CUST102440,54,Female,Self-Employed,494000,503,829000,60,10507,0.26,Trichy,Home,2024-08-08,0
CUST102441,28,Female,Salaried,676000,802,1761000,60,3042,0.05,Chennai,Vehicle,2025-01-06,0
CUST102442,42,Male,Salaried,480000,573,664000,36,9602,0.24,Pondicherry,Home,2024-12-06,0
CUST102443,28,Male,Salaried,988000,721,1260000,12,14137,0.17,Madurai,Education,2026-06-15,0
CUST102444,35,Female,Salaried,805000,691,891000,12,12468,0.19,Coimbatore,Business Expansion,2025-07-22,0
CUST102445,37,Male,Salaried,641000,709,1911000,36,7418,0.14,Madurai,Home,2024-12-31,0
CUST102446,43,Male,Salaried,666000,715,1110000,36,4894,0.09,Trichy,Vehicle,2026-01-07,0
CUST102447,44,Female,Business,1014000,504,1283000,84,14401,0.17,Trichy,Business Expansion,2026-01-26,1
CUST102448,39,Male,Salaried,762000,589,929000,48,9046,0.14,Coimbatore,Home,2025-09-10,0
CUST102449,25,Female,Salaried,446000,526,1488000,24,12563,0.34,Coimbatore,Home,2024-12-12,1
CUST102450,52,Female,Salaried,656000,667,1840000,84,18207,0.33,Madurai,Personal,2024-09-18,1
CUST102451,64,Female,Salaried,617000,530,180000,120,12503,0.24,Salem,Home,2026-03-06,0
CUST102452,21,Female,Salaried,716000,471,1910000,84,19159,0.32,Trichy,Vehicle,2026-05-17,0
CUST102453,43,Female,Business,1253000,628,147000,60,28754,0.28,Coimbatore,Personal,2024-10-07,0
CUST102454,57,Female,Self-Employed,446000,426,1516000,84,5715,0.15,Coimbatore,Personal,2025-01-15,0
CUST102455,28,Female,Salaried,698000,673,1618000,84,13446,0.23,Madurai,Personal,2025-12-18,0
CUST102456,33,Male,Salaried,1063000,536,1109000,24,10284,0.12,Pondicherry,Education,2024-11-12,0
CUST102457,28,Female,Salaried,888000,574,1019000,48,18956,0.26,Chennai,Business Expansion,2026-07-27,0
CUST102458,43,Female,Business,1721000,444,1822000,120,9098,0.06,Trichy,Vehicle,2025-01-05,0
CUST102459,63,Male,Salaried,497000,798,1588000,12,12400,0.3,Chennai,Personal,2024-11-09,0
CUST102460,21,Male,Salaried,933000,518,1716000,120,17491,0.22,Chennai,Home,2024-11-22,1
CUST102461,44,Female,Salaried,562000,617,1293000,60,3162,0.07,Chennai,Home,2025-10-20,0
CUST102462,55,Male,Business,921000,488,1435000,84,23909,0.31,Pondicherry,Vehicle,2025-06-14,1
CUST102463,44,Female,Salaried,420000,574,1004000,84,10965,0.31,Salem,Personal,2026-06-09,1
CUST102464,37,Female,Business,867000,807,743000,12,22097,0.31,Chennai,Personal,2026-01-24,0
CUST102465,25,Male,Salaried,712000,676,77000,36,16749,0.28,Madurai,Business Expansion,2024-09-01,0
CUST102466,40,Female,Self-Employed,961000,559,954000,120,20291,0.25,Chennai,Personal,2025-07-05,1
CUST102467,41,Male,Self-Employed,1028000,621,1611000,24,14483,0.17,Pondicherry,Business Expansion,2024-11-24,0
CUST102468,60,Female,Salaried,489000,599,718000,12,3704,0.09,Trichy,Business Expansion,2025-09-13,0
CUST102469,51,Male,Salaried,759000,641,571000,48,8642,0.14,Chennai,Home,2025-12-19,0
CUST102470,56,Female,Salaried,887000,716,972000,12,11392,0.15,Chennai,Education,2026-04-05,0
CUST102471,31,Male,Salaried,958000,620,158000,60,12567,0.16,Pondicherry,Home,2026-03-22,0
CUST102472,35,Male,Business,1089000,669,879000,60,19932,0.22,Trichy,Education,2026-01-06,1
CUST102473,39,Male,Salaried,464000,671,657000,24,4350,0.11,Chennai,Personal,2025-04-22,0
CUST102474,27,Male,Self-Employed,909000,595,707000,36,8097,0.11,Madurai,Business Expansion,2025-08-16,0
CUST102475,48,Male,Salaried,667000,583,1254000,84,14734,0.27,Pondicherry,Vehicle,2025-04-30,1
CUST102476,63,Male,Salaried,551000,602,259000,60,2399,0.05,Madurai,Personal,2025-12-11,0
CUST102477,25,Male,Self-Employed,717000,687,391000,48,5667,0.09,Coimbatore,Vehicle,2025-12-12,0
CUST102478,25,Female,Self-Employed,1431000,695,1730000,120,21523,0.18,Madurai,Education,2025-08-04,0
CUST102479,50,Female,Salaried,920000,547,1122000,24,7262,0.09,Madurai,Education,2025-08-12,0
CUST102480,52,Female,Salaried,1022000,626,1546000,60,28781,0.34,Trichy,Vehicle,2024-09-29,0
CUST102481,28,Female,Salaried,841000,582,715000,48,17593,0.25,Salem,Vehicle,2025-09-29,0
CUST102482,30,Male,Business,494000,721,822000,84,7403,0.18,Chennai,Home,2025-10-26,0
CUST102483,58,Male,Salaried,644000,607,378000,12,4490,0.08,Madurai,Business Expansion,2024-12-15,0
CUST102484,52,Male,Salaried,968000,848,605000,84,13354,0.17,Chennai,Vehicle,2025-03-23,0
CUST102485,48,Female,Self-Employed,910000,644,1309000,48,18592,0.25,Chennai,Business Expansion,2025-12-13,0
CUST102486,37,Female,Salaried,784000,756,1993000,84,22255,0.34,Trichy,Vehicle,2025-04-12,0
CUST102487,51,Male,Salaried,966000,558,1514000,24,15440,0.19,Salem,Home,2025-12-01,1
CUST102488,28,Male,Salaried,766000,651,1194000,60,16451,0.26,Chennai,Home,2025-07-15,0
CUST102489,60,Male,Business,1348000,705,297000,36,12200,0.11,Salem,Home,2025-08-03,0
CUST102490,45,Female,Business,1407000,557,1592000,36,27798,0.24,Coimbatore,Vehicle,2025-12-16,1
CUST102491,29,Female,Self-Employed,950000,626,1093000,48,9635,0.12,Coimbatore,Home,2024-11-06,0
CUST102492,22,Male,Salaried,1056000,744,745000,48,9630,0.11,Chennai,Vehicle,2025-05-04,0
CUST102493,35,Male,Self-Employed,624000,595,552000,48,10543,0.2,Madurai,Home,2024-08-25,1
CUST102494,23,Female,Salaried,838000,573,413000,60,7926,0.11,Madurai,Personal,2025-11-12,0
CUST102495,56,Female,Salaried,939000,812,538000,36,20845,0.27,Coimbatore,Home,2026-02-25,1
CUST102496,24,Male,Business,956000,544,1273000,36,26385,0.33,Coimbatore,Personal,2026-03-19,0
CUST102497,34,Female,Salaried,485000,664,1839000,24,6793,0.17,Madurai,Home,2026-01-18,0
CUST102498,61,Male,Salaried,984000,586,1476000,24,12032,0.15,Madurai,Vehicle,2026-07-10,1
CUST102499,61,Female,Business,1457000,565,1318000,12,12477,0.1,Coimbatore,Home,2025-09-29,1
CUST102500,45,Female,Self-Employed,921000,691,1556000,60,12826,0.17,Pondicherry,Home,2026-03-01,0
CUST102501,30,Male,Salaried,541000,631,1649000,48,9823,0.22,Trichy,Education,2025-04-22,0
CUST102502,41,Male,Salaried,820000,686,1884000,24,11062,0.16,Chennai,Home,2025-03-23,1
CUST102503,56,Female,Salaried,819000,447,861000,12,16169,0.24,Coimbatore,Business Expansion,2026-05-10,0
CUST102504,32,Male,Salaried,615000,695,714000,12,12747,0.25,Pondicherry,Education,2024-12-04,0
CUST102505,47,Female,Salaried,908000,585,1090000,36,6004,0.08,Chennai,Personal,2026-03-31,0
CUST102506,60,Female,Salaried,748000,480,88000,60,16165,0.26,Pondicherry,Personal,2026-02-01,1
CUST102507,22,Female,Business,1656000,819,714000,60,44173,0.32,Coimbatore,Personal,2024-12-26,1
CUST102508,33,Male,Salaried,531000,704,916000,84,2560,0.06,Madurai,Personal,2025-12-20,0
CUST102509,52,Male,Salaried,509000,670,344000,48,9136,0.22,Chennai,Personal,2026-02-10,0
CUST102510,51,Female,Salaried,884000,762,88000,60,17028,0.23,Salem,Home,2024-10-18,1
CUST102511,36,Male,Salaried,670000,672,236000,84,14681,0.26,Salem,Personal,2026-01-22,0
CUST102512,52,Female,Salaried,1069000,578,799000,48,14763,0.17,Salem,Business Expansion,2025-11-22,1
CUST102513,52,Female,Business,772000,634,1011000,60,19017,0.3,Chennai,Home,2025-05-05,0
CUST102514,54,Male,Business,1199000,588,833000,36,21179,0.21,Pondicherry,Vehicle,2024-11-21,1
CUST102515,31,Female,Salaried,791000,604,358000,84,11382,0.17,Madurai,Vehicle,2026-06-22,0
CUST102516,30,Male,Business,1711000,536,411000,12,37895,0.27,Trichy,Home,2025-03-14,0
CUST102517,35,Male,Salaried,1056000,562,511000,60,28882,0.33,Chennai,Home,2024-10-12,0
CUST102518,37,Female,Self-Employed,909000,705,718000,120,22240,0.29,Trichy,Personal,2024-09-30,0
CUST102519,60,Female,Salaried,857000,679,1304000,60,23510,0.33,Salem,Vehicle,2025-12-27,0
CUST102520,38,Male,Business,1461000,604,755000,36,15800,0.13,Chennai,Personal,2025-07-31,0
CUST102521,29,Female,Salaried,1012000,557,1323000,24,7215,0.09,Chennai,Vehicle,2024-10-28,1
CUST102522,45,Male,Self-Employed,936000,588,827000,48,16403,0.21,Chennai,Vehicle,2025-11-03,0
CUST102523,60,Male,Self-Employed,792000,473,51000,24,4179,0.06,Chennai,Business Expansion,2025-10-13,0
CUST102524,34,Male,Salaried,568000,661,1548000,12,11945,0.25,Madurai,Home,2024-08-04,1
CUST102525,45,Female,Salaried,783000,735,702000,24,7960,0.12,Pondicherry,Vehicle,2025-12-12,0
CUST102526,42,Male,Salaried,625000,863,231000,120,9703,0.19,Chennai,Home,2024-09-27,0
CUST102527,50,Male,Self-Employed,1088000,525,51000,120,22364,0.25,Madurai,Home,2026-05-01,0
CUST102528,40,Male,Salaried,1012000,731,1243000,12,16438,0.19,Coimbatore,Personal,2025-01-02,0
CUST102529,41,Female,Self-Employed,936000,561,1343000,48,9423,0.12,Chennai,Vehicle,2026-01-24,0
CUST102530,64,Male,Business,978000,548,1026000,36,25600,0.31,Madurai,Education,2024-11-18,1
CUST102531,52,Male,Salaried,450000,548,356000,120,10476,0.28,Chennai,Personal,2025-07-25,1
CUST102532,41,Male,Salaried,1070000,662,925000,120,20537,0.23,Trichy,Personal,2025-06-14,0
CUST102533,55,Female,Self-Employed,415000,541,98000,12,8976,0.26,Chennai,Home,2025-02-09,0
CUST102534,52,Female,Self-Employed,879000,570,1495000,48,12789,0.17,Trichy,Vehicle,2026-01-05,0
CUST102535,50,Male,Business,1033000,610,1045000,84,14011,0.16,Chennai,Personal,2025-10-07,1
CUST102536,59,Female,Salaried,832000,583,1358000,36,6796,0.1,Salem,Personal,2026-01-11,0
CUST102537,32,Male,Salaried,594000,576,1952000,24,14408,0.29,Pondicherry,Vehicle,2025-09-03,0
CUST102538,61,Female,Business,1408000,431,429000,24,19279,0.16,Coimbatore,Vehicle,2026-05-29,1
CUST102539,38,Female,Business,1702000,657,1905000,12,36550,0.26,Coimbatore,Home,2024-11-25,0
CUST102540,41,Male,Self-Employed,1022000,631,840000,60,11921,0.14,Chennai,Vehicle,2025-03-17,1
CUST102541,33,Male,Salaried,688000,578,840000,84,16557,0.29,Pondicherry,Personal,2025-05-18,0
CUST102542,41,Female,Salaried,728000,682,553000,60,4948,0.08,Coimbatore,Home,2025-09-03,0
CUST102543,28,Female,Salaried,633000,775,833000,84,12528,0.24,Pondicherry,Home,2025-02-03,0
CUST102544,60,Male,Business,1514000,652,605000,36,36875,0.29,Chennai,Business Expansion,2025-11-02,0
CUST102545,27,Female,Salaried,462000,769,621000,24,9550,0.25,Chennai,Business Expansion,2025-01-08,0
CUST102546,43,Male,Self-Employed,621000,826,1272000,48,13394,0.26,Coimbatore,Home,2024-09-24,0
CUST102547,64,Male,Self-Employed,699000,852,158000,84,12104,0.21,Chennai,Vehicle,2026-07-21,0
CUST102548,52,Male,Salaried,855000,543,114000,36,15511,0.22,Madurai,Vehicle,2026-02-15,0
CUST102549,31,Female,Salaried,989000,543,1988000,12,5750,0.07,Chennai,Education,2024-08-19,0
CUST102550,42,Female,Self-Employed,1219000,585,1758000,84,12722,0.13,Pondicherry,Education,2025-09-27,1
CUST102551,42,Male,Salaried,744000,661,1426000,12,16527,0.27,Pondicherry,Vehicle,2025-11-14,0
CUST102552,63,Male,Salaried,737000,792,1171000,36,20490,0.33,Chennai,Home,2026-07-01,0
CUST102553,45,Male,Salaried,787000,706,1202000,48,13938,0.21,Madurai,Personal,2024-08-10,0
CUST102554,42,Male,Business,468000,541,317000,24,10439,0.27,Coimbatore,Vehicle,2025-10-30,1
CUST102555,48,Male,Business,1119000,594,1482000,24,23785,0.26,Trichy,Education,2025-06-18,1
CUST102556,49,Male,Self-Employed,522000,621,136000,48,15216,0.35,Coimbatore,Personal,2025-10-14,0
CUST102557,33,Male,Self-Employed,434000,490,1674000,24,10434,0.29,Chennai,Business Expansion,2024-08-07,0
CUST102558,38,Male,Salaried,555000,651,1929000,84,11021,0.24,Chennai,Vehicle,2024-10-29,0
CUST102559,22,Female,Self-Employed,929000,518,1467000,60,6545,0.08,Coimbatore,Home,2025-01-15,1
CUST102560,49,Male,Business,600000,501,499000,60,7939,0.16,Salem,Vehicle,2025-09-07,0
CUST102561,41,Male,Salaried,1017000,564,978000,48,10611,0.13,Pondicherry,Home,2025-02-14,0
CUST102562,35,Female,Salaried,619000,686,790000,120,15789,0.31,Chennai,Vehicle,2025-08-19,1
CUST102563,47,Male,Business,1338000,686,520000,60,20499,0.18,Trichy,Vehicle,2026-01-05,0
CUST102564,51,Female,Self-Employed,1299000,633,1715000,84,22796,0.21,Salem,Education,2026-02-15,1
CUST102565,35,Male,Salaried,528000,739,1717000,36,14935,0.34,Chennai,Education,2025-07-22,0
CUST102566,43,Male,Business,887000,729,1992000,24,22249,0.3,Trichy,Home,2024-12-18,0
CUST102567,44,Male,Salaried,582000,668,814000,84,13916,0.29,Coimbatore,Home,2026-07-03,0
CUST102568,64,Male,Salaried,735000,655,159000,36,5675,0.09,Trichy,Business Expansion,2025-06-25,0
CUST102569,33,Male,Self-Employed,490000,636,1882000,48,2320,0.06,Madurai,Vehicle,2026-05-25,0
CUST102570,42,Female,Salaried,487000,636,343000,84,3557,0.09,Salem,Business Expansion,2025-05-23,0
CUST102571,63,Male,Self-Employed,1312000,429,264000,84,29747,0.27,Chennai,Home,2026-07-11,0
CUST102572,57,Male,Salaried,636000,752,1385000,120,9180,0.17,Pondicherry,Business Expansion,2025-06-02,0
CUST102573,53,Female,Salaried,549000,685,1277000,60,3899,0.09,Chennai,Personal,2024-10-03,0
CUST102574,23,Male,Salaried,467000,540,1501000,36,10573,0.27,Coimbatore,Home,2026-05-21,1
CUST102575,39,Female,Self-Employed,791000,753,1009000,36,7143,0.11,Salem,Home,2025-02-28,0
CUST102576,43,Male,Salaried,441000,596,1609000,120,8331,0.23,Pondicherry,Business Expansion,2025-09-15,1
CUST102577,49,Female,Business,1115000,640,1166000,12,25316,0.27,Coimbatore,Personal,2026-04-01,1
CUST102578,50,Male,Self-Employed,959000,717,730000,36,18574,0.23,Madurai,Education,2024-11-01,0
CUST102579,59,Male,Salaried,1074000,669,1101000,60,31154,0.35,Chennai,Vehicle,2025-12-06,0
CUST102580,64,Female,Salaried,680000,770,1391000,24,10214,0.18,Chennai,Home,2025-06-10,0
CUST102581,45,Male,Business,1392000,618,1472000,120,16650,0.14,Trichy,Vehicle,2024-10-01,0
CUST102582,57,Male,Salaried,427000,802,1775000,24,3926,0.11,Madurai,Home,2025-10-08,0
CUST102583,28,Female,Salaried,730000,579,315000,24,12235,0.2,Coimbatore,Vehicle,2026-03-26,1
CUST102584,62,Male,Salaried,859000,768,945000,60,21886,0.31,Trichy,Personal,2025-07-25,0
CUST102585,36,Male,Salaried,668000,446,1043000,24,18596,0.33,Coimbatore,Vehicle,2026-02-24,0
CUST102586,28,Female,Salaried,562000,550,334000,84,15999,0.34,Chennai,Personal,2025-11-02,0
CUST102587,21,Male,Self-Employed,1336000,651,1136000,120,23314,0.21,Coimbatore,Home,2024-09-23,0
CUST102588,64,Female,Business,975000,613,648000,84,18815,0.23,Salem,Home,2025-05-25,0
CUST102589,25,Female,Salaried,1030000,643,963000,120,19266,0.22,Pondicherry,Personal,2026-06-30,0
CUST102590,23,Male,Business,1598000,653,1592000,24,25273,0.19,Coimbatore,Education,2025-04-21,0
CUST102591,21,Male,Business,618000,542,716000,48,4927,0.1,Chennai,Personal,2026-07-12,0
CUST102592,24,Male,Business,920000,549,1978000,48,5338,0.07,Trichy,Vehicle,2025-07-01,0
CUST102593,60,Male,Business,1740000,670,69000,12,26243,0.18,Trichy,Home,2025-07-24,0
CUST102594,55,Female,Business,1305000,590,1837000,84,11511,0.11,Chennai,Personal,2025-10-02,1
CUST102595,52,Male,Self-Employed,1339000,745,1958000,12,35259,0.32,Coimbatore,Vehicle,2025-05-26,1
CUST102596,62,Male,Salaried,552000,632,1421000,36,12811,0.28,Salem,Business Expansion,2025-04-05,0
CUST102597,54,Female,Salaried,859000,714,99000,36,16859,0.24,Madurai,Personal,2026-06-02,1
CUST102598,63,Female,Business,1174000,689,1262000,84,6283,0.06,Coimbatore,Personal,2025-06-29,0
CUST102599,45,Male,Salaried,689000,595,116000,84,13589,0.24,Madurai,Business Expansion,2024-11-02,0
CUST102600,30,Male,Salaried,1056000,471,414000,120,20796,0.24,Chennai,Personal,2025-01-30,0
CUST102601,41,Female,Salaried,973000,756,1275000,36,14737,0.18,Chennai,Home,2024-08-19,0
CUST102602,59,Female,Business,936000,561,962000,120,19291,0.25,Salem,Personal,2025-02-12,1
CUST102603,47,Female,Self-Employed,448000,588,1172000,12,11475,0.31,Chennai,Home,2024-10-04,0
CUST102604,47,Male,Salaried,593000,636,710000,24,13707,0.28,Coimbatore,Education,2025-07-18,0
CUST102605,22,Male,Salaried,754000,645,1026000,120,12065,0.19,Madurai,Vehicle,2025-02-20,0
CUST102606,61,Male,Self-Employed,722000,711,1233000,36,7742,0.13,Pondicherry,Personal,2024-10-15,0
CUST102607,33,Male,Salaried,711000,650,865000,24,11456,0.19,Pondicherry,Education,2026-07-25,1
CUST102608,29,Female,Self-Employed,481000,613,1751000,24,13379,0.33,Chennai,Education,2025-08-08,1
CUST102609,56,Female,Salaried,813000,741,77000,12,20053,0.3,Trichy,Personal,2024-11-21,0
CUST102610,42,Female,Business,916000,704,515000,120,4435,0.06,Madurai,Business Expansion,2026-01-24,0
CUST102611,62,Male,Salaried,953000,583,1773000,48,22624,0.28,Coimbatore,Home,2025-12-05,0
CUST102612,46,Female,Self-Employed,590000,521,1911000,84,4974,0.1,Trichy,Business Expansion,2025-12-25,0
CUST102613,32,Female,Self-Employed,888000,550,1899000,48,16378,0.22,Chennai,Personal,2025-09-16,0
CUST102614,37,Female,Salaried,878000,645,1271000,60,21361,0.29,Salem,Vehicle,2025-03-24,1
CUST102615,34,Male,Salaried,1015000,537,1282000,48,18471,0.22,Trichy,Home,2026-06-20,0
CUST102616,34,Male,Salaried,713000,658,1510000,36,10169,0.17,Coimbatore,Education,2026-03-28,0
CUST102617,54,Female,Business,798000,638,315000,12,9734,0.15,Madurai,Home,2025-01-16,0
CUST102618,40,Male,Salaried,568000,421,819000,24,6699,0.14,Chennai,Personal,2026-03-21,0
CUST102619,31,Female,Self-Employed,1377000,498,1042000,12,34565,0.3,Trichy,Vehicle,2024-11-17,0
CUST102620,36,Male,Business,1252000,390,1564000,120,31040,0.3,Chennai,Vehicle,2025-06-01,1
CUST102621,51,Female,Business,1311000,619,1482000,84,32448,0.3,Coimbatore,Vehicle,2025-01-04,0
CUST102622,26,Female,Self-Employed,1297000,721,306000,120,14571,0.13,Trichy,Vehicle,2026-05-03,0
CUST102623,39,Female,Self-Employed,1106000,454,1409000,60,26698,0.29,Pondicherry,Business Expansion,2025-05-14,1
CUST102624,57,Male,Business,923000,530,907000,60,4691,0.06,Chennai,Home,2025-05-10,0
CUST102625,24,Female,Business,732000,635,1306000,60,6828,0.11,Madurai,Personal,2025-05-18,1
CUST102626,24,Female,Business,529000,554,1789000,24,9008,0.2,Madurai,Personal,2024-08-08,0
CUST102627,40,Male,Self-Employed,1126000,528,122000,60,16141,0.17,Coimbatore,Education,2024-09-09,0
CUST102628,30,Female,Salaried,919000,698,1086000,84,6399,0.08,Chennai,Personal,2026-07-13,0
CUST102629,44,Male,Salaried,1062000,605,632000,60,5532,0.06,Trichy,Home,2024-12-12,0
CUST102630,55,Male,Salaried,720000,516,1578000,60,14001,0.23,Chennai,Vehicle,2026-05-17,0
CUST102631,46,Male,Business,1480000,462,1074000,84,17765,0.14,Salem,Personal,2026-07-11,0
CUST102632,57,Female,Business,1195000,848,1232000,84,5456,0.05,Madurai,Home,2025-06-06,0
CUST102633,58,Male,Salaried,650000,751,1582000,24,9710,0.18,Pondicherry,Vehicle,2025-09-17,1
CUST102634,41,Female,Salaried,531000,609,532000,120,6284,0.14,Chennai,Home,2025-03-18,0
CUST102635,60,Male,Salaried,972000,657,1289000,60,18061,0.22,Pondicherry,Vehicle,2024-10-30,1
CUST102636,59,Male,Salaried,494000,606,244000,36,13541,0.33,Chennai,Personal,2026-04-10,0
CUST102637,41,Female,Self-Employed,935000,670,1385000,12,11092,0.14,Pondicherry,Personal,2024-10-26,0
CUST102638,30,Female,Salaried,1012000,573,452000,60,29444,0.35,Coimbatore,Education,2025-05-02,0
CUST102639,58,Female,Salaried,832000,601,53000,60,5256,0.08,Coimbatore,Personal,2026-03-27,1
CUST102640,24,Male,Salaried,776000,690,814000,12,4945,0.08,Chennai,Personal,2026-01-28,0
CUST102641,40,Male,Salaried,932000,780,1869000,120,20495,0.26,Chennai,Business Expansion,2026-02-21,0
CUST102642,37,Female,Business,1247000,716,1885000,60,28534,0.27,Trichy,Home,2026-07-12,0
CUST102643,27,Female,Salaried,611000,761,591000,120,9005,0.18,Madurai,Home,2025-03-31,0
CUST102644,24,Male,Business,1736000,621,853000,84,19647,0.14,Madurai,Home,2025-09-01,0
CUST102645,49,Male,Salaried,977000,593,155000,120,23464,0.29,Chennai,Vehicle,2025-04-17,0
CUST102646,34,Female,Salaried,445000,475,171000,60,12492,0.34,Chennai,Personal,2025-01-25,0
CUST102647,23,Male,Self-Employed,514000,631,1004000,36,14861,0.35,Pondicherry,Vehicle,2026-01-15,0
CUST102648,44,Female,Self-Employed,947000,659,757000,120,18966,0.24,Pondicherry,Home,2026-02-23,0
CUST102649,57,Male,Self-Employed,973000,597,1032000,84,22057,0.27,Coimbatore,Home,2025-09-09,1
CUST102650,36,Male,Salaried,854000,580,764000,48,21113,0.3,Trichy,Vehicle,2026-06-14,0
CUST102651,24,Female,Salaried,521000,761,821000,24,12576,0.29,Pondicherry,Home,2024-09-14,0
CUST102652,44,Male,Self-Employed,988000,681,1340000,24,28653,0.35,Pondicherry,Personal,2026-02-05,0
CUST102653,54,Male,Salaried,849000,768,1314000,12,20738,0.29,Chennai,Vehicle,2025-09-14,0
CUST102654,50,Female,Salaried,808000,564,1126000,36,16750,0.25,Pondicherry,Education,2025-01-24,0
CUST102655,38,Male,Self-Employed,1405000,561,1197000,120,19068,0.16,Coimbatore,Home,2025-08-18,0
CUST102656,39,Male,Salaried,798000,758,1161000,24,15254,0.23,Trichy,Personal,2026-07-09,0
CUST102657,51,Female,Salaried,586000,645,359000,12,15338,0.31,Coimbatore,Personal,2025-12-28,0
CUST102658,39,Male,Salaried,774000,598,1829000,12,9136,0.14,Madurai,Business Expansion,2024-09-17,1
CUST102659,39,Male,Business,538000,605,901000,12,2653,0.06,Trichy,Education,2024-12-27,0
CUST102660,42,Male,Salaried,815000,649,606000,24,10062,0.15,Coimbatore,Education,2025-03-18,0
CUST102661,44,Female,Business,1615000,740,962000,48,45498,0.34,Madurai,Personal,2024-08-18,1
CUST102662,32,Female,Salaried,776000,635,1649000,12,18638,0.29,Trichy,Personal,2025-11-24,0
CUST102663,50,Female,Self-Employed,1177000,696,747000,60,10410,0.11,Coimbatore,Personal,2025-03-31,0
CUST102664,58,Male,Salaried,870000,692,62000,48,3886,0.05,Chennai,Personal,2026-04-10,0
CUST102665,51,Female,Salaried,809000,570,258000,48,16903,0.25,Chennai,Vehicle,2025-01-10,0
CUST102666,56,Female,Business,1278000,570,484000,60,23824,0.22,Trichy,Home,2024-09-01,1
CUST102667,39,Male,Business,1760000,609,1125000,24,10984,0.07,Pondicherry,Vehicle,2024-11-30,0
CUST102668,56,Female,Self-Employed,952000,504,1984000,24,26957,0.34,Pondicherry,Education,2025-10-13,0
CUST102669,50,Male,Business,1658000,603,1973000,120,32515,0.24,Coimbatore,Home,2025-08-30,0
CUST102670,53,Female,Salaried,908000,786,899000,36,18572,0.25,Coimbatore,Vehicle,2026-04-07,1
CUST102671,38,Female,Salaried,666000,647,156000,120,16987,0.31,Chennai,Home,2026-06-29,0
CUST102672,48,Male,Salaried,1070000,581,1594000,24,13474,0.15,Salem,Home,2025-07-16,0
CUST102673,31,Male,Business,737000,822,673000,36,13356,0.22,Chennai,Home,2025-09-26,0
CUST102674,53,Male,Salaried,761000,566,169000,12,14132,0.22,Coimbatore,Home,2026-02-09,0
CUST102675,37,Male,Business,1734000,563,116000,24,49159,0.34,Trichy,Home,2024-12-04,0
CUST102676,26,Male,Salaried,997000,760,1036000,24,7431,0.09,Pondicherry,Vehicle,2025-08-16,0
CUST102677,24,Female,Self-Employed,525000,684,131000,120,12148,0.28,Chennai,Business Expansion,2026-05-22,1
CUST102678,40,Male,Salaried,557000,638,763000,60,10329,0.22,Coimbatore,Home,2025-07-26,0
CUST102679,47,Male,Salaried,445000,724,1770000,12,11259,0.3,Madurai,Business Expansion,2024-08-26,1
CUST102680,35,Female,Self-Employed,873000,652,1942000,84,21794,0.3,Madurai,Business Expansion,2026-05-13,0
CUST102681,26,Male,Salaried,661000,543,1961000,84,2952,0.05,Chennai,Vehicle,2026-07-07,0
CUST102682,34,Female,Business,754000,434,1742000,36,7975,0.13,Trichy,Personal,2025-07-25,1
CUST102683,31,Female,Self-Employed,449000,573,1701000,12,3900,0.1,Madurai,Home,2026-07-29,0
CUST102684,59,Male,Self-Employed,996000,722,163000,84,15646,0.19,Pondicherry,Vehicle,2024-09-06,0
CUST102685,29,Male,Business,778000,611,1718000,48,20849,0.32,Chennai,Business Expansion,2025-08-25,0
CUST102686,46,Male,Self-Employed,1384000,666,809000,60,5939,0.05,Chennai,Personal,2025-10-12,0
CUST102687,36,Female,Self-Employed,961000,641,1696000,48,15732,0.2,Pondicherry,Vehicle,2025-12-10,0
CUST102688,25,Male,Salaried,635000,497,503000,84,16691,0.32,Trichy,Home,2025-03-03,0
CUST102689,30,Female,Salaried,848000,613,1009000,36,23169,0.33,Pondicherry,Vehicle,2025-01-22,0
CUST102690,23,Female,Self-Employed,1009000,657,281000,24,20784,0.25,Pondicherry,Home,2025-11-26,0
CUST102691,33,Male,Business,1269000,579,1644000,24,31611,0.3,Chennai,Vehicle,2024-11-22,0
CUST102692,63,Female,Salaried,435000,617,1876000,24,5336,0.15,Chennai,Vehicle,2025-05-30,0
CUST102693,50,Male,Salaried,908000,685,822000,36,10274,0.14,Chennai,Personal,2025-12-16,0
CUST102694,26,Female,Self-Employed,1065000,631,611000,48,5745,0.06,Salem,Home,2025-01-01,1
CUST102695,37,Male,Salaried,494000,744,365000,36,8272,0.2,Madurai,Education,2025-05-08,1
CUST102696,39,Female,Self-Employed,1284000,659,1856000,36,19982,0.19,Chennai,Personal,2025-09-24,0
CUST102697,62,Male,Self-Employed,541000,538,524000,48,7284,0.16,Chennai,Vehicle,2025-05-04,0
CUST102698,55,Female,Salaried,1028000,607,925000,84,7196,0.08,Pondicherry,Vehicle,2025-05-06,0
CUST102699,46,Male,Business,561000,651,420000,24,5573,0.12,Pondicherry,Business Expansion,2024-10-04,0
CUST102700,25,Male,Salaried,656000,770,1688000,60,6073,0.11,Salem,Home,2025-06-13,0
CUST102701,49,Male,Self-Employed,1193000,582,1042000,36,33124,0.33,Coimbatore,Business Expansion,2025-06-26,1
CUST102702,57,Male,Salaried,568000,494,1737000,36,16090,0.34,Trichy,Home,2026-03-24,1
CUST102703,40,Female,Salaried,993000,689,1606000,48,4222,0.05,Chennai,Home,2024-10-25,1
CUST102704,41,Female,Business,1074000,581,307000,84,9054,0.1,Chennai,Vehicle,2025-03-27,0
CUST102705,30,Male,Salaried,581000,534,772000,120,15330,0.32,Chennai,Education,2025-02-16,1
CUST102706,25,Male,Salaried,763000,651,478000,60,3910,0.06,Chennai,Home,2024-11-13,0
CUST102707,56,Male,Salaried,1007000,737,1573000,120,27947,0.33,Madurai,Personal,2026-02-27,1
CUST102708,26,Male,Salaried,551000,598,1667000,36,7531,0.16,Salem,Personal,2025-09-21,0
CUST102709,46,Male,Salaried,450000,694,1083000,120,7935,0.21,Chennai,Home,2025-02-20,0
CUST102710,24,Male,Salaried,992000,711,726000,12,23076,0.28,Salem,Education,2025-01-23,0
CUST102711,59,Male,Business,972000,721,712000,60,9976,0.12,Coimbatore,Vehicle,2026-02-02,0
CUST102712,59,Male,Self-Employed,895000,559,1758000,36,5981,0.08,Coimbatore,Business Expansion,2026-05-14,1
CUST102713,55,Female,Salaried,517000,549,474000,60,12622,0.29,Coimbatore,Personal,2026-05-13,1
CUST102714,21,Male,Self-Employed,1417000,536,1650000,84,40784,0.35,Coimbatore,Personal,2024-09-17,1
CUST102715,44,Female,Salaried,986000,721,1835000,120,20347,0.25,Chennai,Vehicle,2026-05-10,0
CUST102716,56,Female,Salaried,789000,710,1585000,12,19565,0.3,Trichy,Personal,2025-08-27,0
CUST102717,26,Female,Salaried,804000,563,1390000,12,22270,0.33,Pondicherry,Vehicle,2026-04-05,1
CUST102718,61,Male,Salaried,561000,841,679000,60,5543,0.12,Pondicherry,Home,2025-03-29,0
CUST102719,64,Female,Business,1656000,553,183000,24,21406,0.16,Coimbatore,Personal,2025-02-24,0
CUST102720,51,Female,Salaried,512000,739,1010000,60,4936,0.12,Pondicherry,Business Expansion,2025-11-27,1
CUST102721,40,Male,Business,1550000,786,67000,48,8852,0.07,Trichy,Business Expansion,2026-07-23,0
CUST102722,44,Male,Salaried,758000,659,1420000,24,17034,0.27,Salem,Home,2026-04-12,0
CUST102723,45,Male,Salaried,919000,580,417000,84,7175,0.09,Coimbatore,Business Expansion,2025-07-07,0
CUST102724,56,Male,Self-Employed,922000,557,1840000,12,5978,0.08,Salem,Vehicle,2024-10-07,0
CUST102725,41,Male,Self-Employed,437000,601,217000,24,5727,0.16,Trichy,Vehicle,2025-08-05,0
CUST102726,50,Female,Salaried,555000,747,66000,12,3152,0.07,Pondicherry,Home,2024-10-10,1
CUST102727,44,Male,Salaried,540000,542,958000,12,4674,0.1,Chennai,Personal,2024-11-06,0
CUST102728,64,Male,Salaried,961000,484,1595000,12,5684,0.07,Madurai,Business Expansion,2026-04-13,0
CUST102729,62,Male,Business,742000,682,1580000,48,19365,0.31,Madurai,Personal,2025-01-11,0
CUST102730,50,Male,Salaried,513000,702,1815000,48,12137,0.28,Chennai,Home,2026-03-25,0
CUST102731,42,Female,Salaried,760000,827,1547000,36,19497,0.31,Coimbatore,Personal,2025-08-31,0
CUST102732,48,Male,Business,396000,525,592000,84,10246,0.31,Salem,Home,2024-10-14,1
CUST102733,27,Female,Salaried,575000,637,776000,48,15973,0.33,Coimbatore,Vehicle,2024-08-29,0
CUST102734,55,Male,Salaried,424000,754,355000,84,3745,0.11,Chennai,Home,2025-12-28,0
CUST102735,48,Male,Salaried,791000,660,428000,12,21093,0.32,Madurai,Home,2026-01-05,0
CUST102736,34,Female,Self-Employed,1199000,607,389000,84,20733,0.21,Chennai,Business Expansion,2024-10-12,0
CUST102737,30,Male,Salaried,656000,721,200000,60,5459,0.1,Madurai,Personal,2025-03-06,1
CUST102738,36,Male,Salaried,420000,596,1118000,84,8635,0.25,Madurai,Personal,2024-11-26,0
CUST102739,36,Female,Business,1262000,726,256000,24,15575,0.15,Coimbatore,Personal,2025-02-03,0
CUST102740,51,Male,Salaried,636000,537,1495000,60,3388,0.06,Pondicherry,Home,2025-04-13,0
CUST102741,62,Female,Salaried,735000,513,188000,12,4507,0.07,Chennai,Home,2024-10-11,0
CUST102742,45,Female,Salaried,690000,625,1465000,60,10184,0.18,Pondicherry,Vehicle,2025-03-01,0
CUST102743,33,Male,Self-Employed,598000,394,895000,24,14847,0.3,Salem,Vehicle,2024-10-11,0
CUST102744,26,Male,Business,462000,657,433000,36,5517,0.14,Chennai,Business Expansion,2025-04-19,0
CUST102745,64,Male,Salaried,569000,494,1854000,36,13268,0.28,Pondicherry,Business Expansion,2025-05-04,1
CUST102746,29,Male,Salaried,545000,675,775000,84,3030,0.07,Madurai,Education,2025-10-02,0
CUST102747,56,Female,Salaried,836000,666,723000,84,11712,0.17,Coimbatore,Education,2025-10-06,0
CUST102748,63,Female,Salaried,453000,643,1522000,48,3330,0.09,Chennai,Vehicle,2024-10-26,0
CUST102749,40,Male,Self-Employed,1366000,664,1942000,60,35181,0.31,Coimbatore,Business Expansion,2025-02-26,0
CUST102750,38,Male,Salaried,666000,668,1041000,48,18891,0.34,Salem,Vehicle,2025-03-07,0
CUST102751,63,Male,Salaried,420000,623,252000,48,5168,0.15,Chennai,Home,2026-05-05,0
CUST102752,41,Male,Salaried,548000,814,59000,60,15830,0.35,Chennai,Home,2025-04-07,1
CUST102753,24,Female,Salaried,466000,685,399000,60,10706,0.28,Chennai,Home,2024-10-23,0
CUST102754,53,Male,Self-Employed,491000,694,1149000,24,2060,0.05,Madurai,Education,2024-08-19,0
CUST102755,47,Female,Salaried,764000,746,1819000,60,12452,0.2,Salem,Vehicle,2026-01-17,0
CUST102756,27,Female,Business,388000,710,1818000,60,9707,0.3,Madurai,Business Expansion,2025-08-15,1
CUST102757,26,Female,Salaried,726000,835,787000,84,12714,0.21,Chennai,Personal,2025-08-24,0
CUST102758,35,Male,Business,461000,664,1960000,48,8259,0.21,Coimbatore,Personal,2026-02-14,1
CUST102759,38,Female,Salaried,604000,649,266000,36,9276,0.18,Coimbatore,Home,2025-12-22,0
CUST102760,52,Female,Self-Employed,1099000,566,1365000,12,15432,0.17,Chennai,Business Expansion,2025-04-25,1
CUST102761,31,Female,Salaried,619000,626,53000,36,3003,0.06,Madurai,Business Expansion,2024-10-31,0
CUST102762,40,Male,Self-Employed,825000,559,1451000,60,16260,0.24,Chennai,Business Expansion,2026-06-28,1
CUST102763,44,Male,Salaried,844000,710,1734000,12,19694,0.28,Pondicherry,Home,2025-09-25,0
CUST102764,35,Female,Salaried,675000,567,1966000,60,16146,0.29,Madurai,Home,2025-05-17,1
CUST102765,27,Male,Self-Employed,1265000,631,1774000,84,25024,0.24,Pondicherry,Personal,2024-10-19,1
CUST102766,41,Male,Self-Employed,1129000,675,655000,24,14336,0.15,Salem,Home,2025-06-15,0
CUST102767,62,Female,Self-Employed,1102000,638,1111000,60,5214,0.06,Salem,Business Expansion,2026-05-06,0
CUST102768,46,Male,Salaried,516000,569,637000,12,13705,0.32,Chennai,Home,2025-10-12,0
CUST102769,64,Male,Salaried,733000,712,1368000,84,10916,0.18,Salem,Personal,2025-03-22,0
CUST102770,34,Male,Self-Employed,1245000,617,1162000,24,23899,0.23,Pondicherry,Vehicle,2025-06-06,1
CUST102771,57,Female,Salaried,425000,391,871000,120,3837,0.11,Pondicherry,Personal,2024-08-06,0
CUST102772,41,Male,Salaried,670000,561,879000,84,5169,0.09,Chennai,Home,2025-08-26,1
CUST102773,38,Female,Salaried,456000,776,324000,12,2889,0.08,Chennai,Education,2024-10-07,0
CUST102774,25,Male,Salaried,758000,783,1587000,24,18294,0.29,Salem,Personal,2026-01-07,1
CUST102775,23,Male,Salaried,437000,697,1223000,48,8883,0.24,Chennai,Vehicle,2026-07-14,0
CUST102776,43,Female,Self-Employed,464000,695,655000,120,9138,0.24,Chennai,Home,2025-09-26,0
CUST102777,46,Male,Business,1724000,579,1386000,120,46809,0.33,Coimbatore,Business Expansion,2026-07-19,0
CUST102778,57,Female,Salaried,748000,626,1060000,12,6084,0.1,Salem,Home,2025-03-17,0
CUST102779,44,Male,Business,1368000,761,149000,48,11523,0.1,Coimbatore,Vehicle,2025-08-01,0
CUST102780,39,Male,Self-Employed,647000,663,1332000,84,5760,0.11,Salem,Personal,2025-11-10,0
CUST102781,45,Male,Business,678000,655,1352000,120,10001,0.18,Coimbatore,Home,2026-07-24,0
CUST102782,41,Male,Business,937000,633,1077000,120,24382,0.31,Chennai,Home,2025-04-26,0
CUST102783,32,Female,Self-Employed,662000,730,461000,120,17346,0.31,Madurai,Education,2024-11-03,0
CUST102784,61,Female,Salaried,708000,750,639000,48,13403,0.23,Madurai,Home,2025-01-19,0
CUST102785,53,Male,Salaried,1042000,708,759000,60,21486,0.25,Coimbatore,Vehicle,2026-05-03,0
CUST102786,24,Male,Salaried,913000,655,375000,36,24295,0.32,Coimbatore,Vehicle,2025-08-29,0
CUST102787,62,Female,Business,1795000,617,1750000,24,35490,0.24,Chennai,Personal,2026-01-02,0
CUST102788,27,Male,Business,590000,712,1592000,12,5847,0.12,Chennai,Home,2025-11-10,0
CUST102789,42,Male,Self-Employed,395000,525,1022000,84,8606,0.26,Trichy,Home,2025-06-19,0
CUST102790,53,Female,Business,1472000,569,1074000,48,34465,0.28,Coimbatore,Vehicle,2025-04-07,0
CUST102791,37,Female,Business,467000,519,649000,84,9363,0.24,Chennai,Personal,2024-10-06,1
CUST102792,44,Female,Salaried,471000,761,1491000,120,5183,0.13,Chennai,Business Expansion,2024-09-04,0
CUST102793,54,Female,Self-Employed,1415000,560,1253000,60,20042,0.17,Coimbatore,Vehicle,2025-08-16,1
CUST102794,48,Female,Salaried,497000,686,59000,12,7917,0.19,Salem,Business Expansion,2026-04-02,0
CUST102795,63,Male,Salaried,903000,638,424000,84,7042,0.09,Coimbatore,Home,2026-05-01,0
CUST102796,61,Male,Salaried,1036000,900,695000,60,16029,0.19,Chennai,Vehicle,2024-10-24,0
CUST102797,59,Male,Salaried,757000,689,1525000,12,6204,0.1,Coimbatore,Home,2025-10-04,0
CUST102798,42,Female,Self-Employed,404000,457,1183000,60,6727,0.2,Trichy,Home,2026-07-24,0
CUST102799,37,Female,Salaried,508000,755,1198000,60,2761,0.07,Madurai,Vehicle,2026-02-06,0
CUST102800,54,Female,Business,523000,615,1505000,36,14581,0.33,Chennai,Business Expansion,2025-03-28,0
CUST102801,26,Female,Salaried,711000,631,1792000,48,7341,0.12,Trichy,Personal,2025-05-29,0
CUST102802,26,Female,Salaried,424000,589,1374000,24,6717,0.19,Trichy,Business Expansion,2024-09-09,0
CUST102803,54,Female,Business,1020000,667,701000,24,5085,0.06,Chennai,Personal,2025-01-02,0
CUST102804,21,Male,Self-Employed,616000,641,152000,12,5534,0.11,Chennai,Business Expansion,2024-12-26,0
CUST102805,30,Female,Salaried,877000,591,1696000,12,18853,0.26,Madurai,Home,2026-07-19,0
CUST102806,41,Female,Salaried,769000,604,1143000,84,5353,0.08,Trichy,Home,2024-08-12,1
CUST102807,25,Male,Salaried,932000,659,934000,84,18519,0.24,Salem,Business Expansion,2026-01-17,1
CUST102808,22,Female,Business,1215000,439,966000,36,5125,0.05,Coimbatore,Vehicle,2024-08-12,0
CUST102809,42,Female,Self-Employed,490000,495,159000,12,7738,0.19,Pondicherry,Vehicle,2024-11-25,0
CUST102810,22,Male,Salaried,579000,800,273000,24,12853,0.27,Chennai,Vehicle,2024-11-16,0
CUST102811,30,Male,Salaried,830000,679,273000,48,22678,0.33,Pondicherry,Education,2026-06-15,0
CUST102812,54,Female,Business,1385000,602,1804000,36,22835,0.2,Trichy,Vehicle,2024-09-08,1
CUST102813,36,Female,Self-Employed,1383000,472,800000,120,34823,0.3,Madurai,Vehicle,2026-02-05,1
CUST102814,59,Female,Business,597000,644,680000,12,14466,0.29,Chennai,Business Expansion,2024-09-17,0
CUST102815,42,Male,Salaried,476000,738,892000,120,5503,0.14,Chennai,Business Expansion,2025-07-13,0
CUST102816,32,Male,Business,918000,887,263000,120,23900,0.31,Trichy,Home,2025-11-21,0
CUST102817,44,Male,Self-Employed,385000,795,1621000,36,7766,0.24,Chennai,Vehicle,2026-01-29,0
CUST102818,60,Male,Self-Employed,909000,545,1416000,36,6155,0.08,Chennai,Vehicle,2024-08-18,0
CUST102819,58,Male,Salaried,435000,605,1430000,36,12025,0.33,Chennai,Home,2024-12-05,1
CUST102820,30,Female,Business,1715000,517,1864000,12,14720,0.1,Chennai,Personal,2025-06-28,1
CUST102821,55,Male,Self-Employed,876000,549,1512000,60,13950,0.19,Madurai,Home,2024-08-02,1
CUST102822,52,Male,Business,1778000,630,305000,12,28138,0.19,Coimbatore,Home,2024-09-22,0
CUST102823,27,Male,Salaried,906000,616,716000,12,17936,0.24,Chennai,Education,2026-07-31,0
CUST102824,41,Male,Salaried,522000,834,1555000,84,10852,0.25,Coimbatore,Home,2024-09-29,0
CUST102825,40,Female,Salaried,445000,531,1069000,12,4445,0.12,Pondicherry,Vehicle,2026-01-29,1
CUST102826,46,Female,Salaried,546000,645,1477000,12,7085,0.16,Salem,Personal,2026-06-04,0
CUST102827,24,Female,Salaried,572000,464,1856000,12,4450,0.09,Madurai,Vehicle,2025-05-24,0
CUST102828,42,Male,Salaried,450000,679,1115000,36,3292,0.09,Madurai,Home,2026-07-04,0
CUST102829,35,Male,Salaried,752000,529,1461000,120,18644,0.3,Chennai,Personal,2025-05-04,1
CUST102830,60,Male,Business,825000,749,1102000,36,18921,0.28,Madurai,Business Expansion,2026-04-16,0
CUST102831,41,Male,Salaried,902000,623,744000,12,13740,0.18,Trichy,Personal,2026-05-06,1
CUST102832,35,Female,Salaried,907000,523,1276000,84,5953,0.08,Madurai,Personal,2026-03-30,0
CUST102833,42,Male,Business,733000,460,610000,48,11298,0.18,Coimbatore,Personal,2025-11-06,0
CUST102834,48,Female,Self-Employed,965000,536,376000,84,11124,0.14,Madurai,Home,2025-04-17,0
CUST102835,34,Male,Self-Employed,723000,646,892000,48,17073,0.28,Salem,Personal,2024-12-10,0
CUST102836,47,Female,Salaried,893000,687,1127000,60,5878,0.08,Pondicherry,Home,2025-03-24,0
CUST102837,61,Female,Salaried,1058000,605,1563000,48,16347,0.19,Pondicherry,Personal,2024-09-24,0
CUST102838,60,Female,Salaried,627000,733,466000,24,11882,0.23,Chennai,Business Expansion,2026-07-10,0
CUST102839,48,Male,Salaried,434000,547,1807000,24,12503,0.35,Chennai,Vehicle,2024-10-22,0
CUST102840,46,Female,Business,837000,386,1937000,48,5362,0.08,Pondicherry,Vehicle,2025-12-23,0
CUST102841,22,Female,Self-Employed,1350000,650,1071000,12,9471,0.08,Chennai,Home,2025-05-15,1
CUST102842,45,Male,Salaried,1065000,766,1433000,48,30744,0.35,Madurai,Business Expansion,2025-08-15,0
CUST102843,23,Male,Self-Employed,1262000,741,1622000,120,18055,0.17,Coimbatore,Personal,2025-06-10,1
CUST102844,28,Female,Salaried,762000,533,1278000,24,17342,0.27,Coimbatore,Education,2025-10-31,0
CUST102845,64,Female,Salaried,740000,600,952000,48,17577,0.29,Coimbatore,Home,2025-02-07,1
CUST102846,53,Male,Business,883000,715,329000,36,10623,0.14,Pondicherry,Education,2025-03-05,1
CUST102847,62,Male,Salaried,740000,593,1128000,60,7047,0.11,Chennai,Vehicle,2025-04-02,0
CUST102848,55,Female,Business,1731000,659,1980000,36,19160,0.13,Pondicherry,Home,2024-09-01,0
CUST102849,26,Male,Salaried,716000,585,272000,84,16665,0.28,Pondicherry,Education,2025-04-18,0
CUST102850,59,Male,Self-Employed,970000,526,157000,36,24423,0.3,Salem,Home,2025-01-04,0
CUST102851,43,Male,Salaried,498000,569,767000,120,10783,0.26,Coimbatore,Vehicle,2024-12-13,0
CUST102852,45,Female,Salaried,724000,736,733000,120,11002,0.18,Madurai,Business Expansion,2025-04-23,0
CUST102853,63,Male,Self-Employed,623000,626,651000,60,6685,0.13,Salem,Home,2025-08-30,0
CUST102854,39,Female,Business,988000,764,1582000,12,14620,0.18,Coimbatore,Personal,2024-09-22,0
CUST102855,25,Male,Self-Employed,1275000,671,1010000,60,34463,0.32,Madurai,Vehicle,2025-06-08,0
CUST102856,31,Female,Self-Employed,301000,769,1079000,12,7749,0.31,Coimbatore,Vehicle,2024-09-09,1
CUST102857,32,Female,Business,994000,723,556000,120,12177,0.15,Chennai,Business Expansion,2025-02-02,1
CUST102858,30,Male,Salaried,489000,718,1872000,24,6046,0.15,Coimbatore,Business Expansion,2025-04-04,1
CUST102859,28,Male,Salaried,745000,639,1244000,120,17631,0.28,Trichy,Personal,2026-03-11,0
CUST102860,44,Male,Salaried,679000,900,924000,48,10070,0.18,Trichy,Business Expansion,2026-03-27,0
CUST102861,48,Male,Self-Employed,957000,635,317000,120,17689,0.22,Chennai,Education,2026-07-18,0
CUST102862,61,Female,Business,1396000,472,242000,120,20555,0.18,Pondicherry,Home,2026-04-18,1
CUST102863,56,Male,Self-Employed,1174000,649,805000,24,12004,0.12,Madurai,Home,2026-03-17,0
CUST102864,57,Female,Business,654000,561,1253000,24,5812,0.11,Madurai,Personal,2025-09-15,0
CUST102865,41,Male,Self-Employed,815000,716,809000,24,6238,0.09,Salem,Business Expansion,2025-08-22,0
CUST102866,28,Male,Salaried,517000,715,119000,120,2301,0.05,Chennai,Home,2025-03-15,0
CUST102867,29,Male,Salaried,661000,632,1806000,48,7391,0.13,Pondicherry,Business Expansion,2025-09-27,0
CUST102868,35,Female,Business,1057000,570,1103000,12,8933,0.1,Madurai,Education,2026-01-16,1
CUST102869,60,Male,Salaried,990000,663,1192000,60,10509,0.13,Trichy,Home,2025-02-25,1
CUST102870,38,Female,Salaried,587000,592,1790000,120,3558,0.07,Coimbatore,Personal,2025-11-19,1
CUST102871,62,Male,Salaried,783000,720,559000,12,9948,0.15,Chennai,Personal,2025-10-19,0
CUST102872,40,Male,Salaried,922000,700,783000,12,15826,0.21,Madurai,Personal,2025-09-26,0
CUST102873,26,Female,Self-Employed,1081000,889,509000,120,30031,0.33,Coimbatore,Personal,2025-06-21,0
CUST102874,32,Female,Salaried,1045000,609,1711000,36,13421,0.15,Chennai,Vehicle,2026-05-02,0
CUST102875,22,Male,Business,1007000,622,507000,48,4976,0.06,Pondicherry,Vehicle,2025-07-08,0
CUST102876,27,Female,Salaried,1024000,636,616000,12,13543,0.16,Coimbatore,Education,2025-04-30,0
CUST102877,36,Male,Self-Employed,934000,615,88000,120,22973,0.3,Pondicherry,Personal,2026-07-02,0
CUST102878,23,Female,Self-Employed,478000,717,1019000,12,6056,0.15,Coimbatore,Personal,2025-06-27,0
CUST102879,23,Female,Self-Employed,1064000,600,1923000,24,12193,0.14,Madurai,Business Expansion,2025-11-13,1
CUST102880,47,Female,Business,507000,827,311000,84,13760,0.33,Salem,Personal,2025-10-02,0
CUST102881,63,Female,Salaried,638000,702,233000,36,7399,0.14,Salem,Personal,2025-05-27,0
CUST102882,60,Male,Salaried,461000,606,569000,60,13103,0.34,Chennai,Vehicle,2025-12-07,0
CUST102883,58,Female,Salaried,425000,583,1029000,84,10617,0.3,Pondicherry,Business Expansion,2025-03-22,0
CUST102884,53,Male,Business,1630000,743,872000,36,34674,0.26,Coimbatore,Personal,2025-01-30,1
CUST102885,48,Male,Business,1379000,652,922000,24,26373,0.23,Chennai,Personal,2024-10-30,0
CUST102886,21,Male,Salaried,956000,650,1601000,24,9355,0.12,Madurai,Education,2024-11-17,0
CUST102887,28,Female,Self-Employed,734000,571,1961000,120,16461,0.27,Salem,Home,2025-12-18,0
CUST102888,57,Female,Salaried,503000,644,435000,24,6461,0.15,Salem,Personal,2024-08-13,0
CUST102889,52,Male,Salaried,962000,592,625000,120,15688,0.2,Chennai,Vehicle,2025-11-04,0
CUST102890,63,Female,Self-Employed,643000,747,302000,48,4352,0.08,Pondicherry,Home,2025-01-26,1
CUST102891,57,Female,Salaried,971000,714,1084000,120,11234,0.14,Pondicherry,Vehicle,2025-01-29,0
CUST102892,24,Male,Salaried,1072000,634,649000,84,18647,0.21,Coimbatore,Home,2025-11-21,1
CUST102893,50,Male,Self-Employed,359000,607,260000,24,5696,0.19,Trichy,Business Expansion,2026-05-20,0
CUST102894,26,Female,Self-Employed,902000,633,1589000,12,11504,0.15,Madurai,Business Expansion,2024-11-05,0
CUST102895,39,Male,Salaried,889000,649,1716000,48,14192,0.19,Chennai,Home,2025-02-25,0
CUST102896,52,Male,Self-Employed,1243000,538,1856000,24,28327,0.27,Pondicherry,Home,2025-09-29,0
CUST102897,29,Female,Salaried,1063000,478,409000,48,16635,0.19,Chennai,Business Expansion,2024-09-13,0
CUST102898,32,Female,Salaried,422000,578,117000,12,7098,0.2,Coimbatore,Personal,2025-11-15,0
CUST102899,31,Female,Self-Employed,576000,613,476000,120,12496,0.26,Chennai,Vehicle,2026-03-28,1
CUST102900,36,Female,Salaried,557000,583,1922000,24,14040,0.3,Trichy,Home,2024-12-14,0
CUST102901,21,Male,Salaried,656000,723,58000,84,11373,0.21,Coimbatore,Home,2026-06-07,0
CUST102902,41,Male,Salaried,891000,629,586000,120,24833,0.33,Coimbatore,Home,2026-01-23,1
CUST102903,50,Female,Business,1761000,818,1650000,24,22898,0.16,Madurai,Home,2026-07-30,1
CUST102904,33,Male,Salaried,979000,599,1689000,12,10260,0.13,Chennai,Personal,2026-01-24,0
CUST102905,54,Female,Salaried,1048000,662,1139000,24,22525,0.26,Pondicherry,Vehicle,2025-04-05,0
CUST102906,24,Male,Salaried,640000,624,744000,12,5478,0.1,Coimbatore,Vehicle,2025-03-08,0
CUST102907,48,Male,Salaried,690000,689,1246000,24,18399,0.32,Coimbatore,Vehicle,2026-02-10,0
CUST102908,58,Male,Self-Employed,984000,720,850000,24,13609,0.17,Chennai,Personal,2026-06-05,1
CUST102909,51,Female,Salaried,422000,704,71000,36,9123,0.26,Chennai,Personal,2025-10-20,0
CUST102910,47,Male,Business,1009000,467,1115000,48,18587,0.22,Salem,Home,2024-12-22,0
CUST102911,25,Male,Self-Employed,1343000,669,1277000,60,7422,0.07,Coimbatore,Personal,2024-10-13,1
CUST102912,45,Male,Self-Employed,1082000,534,204000,36,23688,0.26,Trichy,Vehicle,2024-08-29,0
CUST102913,23,Female,Salaried,755000,622,1596000,36,18057,0.29,Chennai,Vehicle,2024-11-29,1
CUST102914,53,Male,Salaried,698000,712,859000,48,20052,0.34,Trichy,Personal,2024-08-15,0
CUST102915,24,Male,Salaried,613000,549,1535000,36,8931,0.17,Salem,Vehicle,2025-03-08,0
CUST102916,45,Male,Salaried,847000,754,127000,12,14178,0.2,Chennai,Home,2025-06-03,0
CUST102917,40,Female,Salaried,569000,618,153000,36,14815,0.31,Madurai,Business Expansion,2025-11-15,0
CUST102918,54,Male,Self-Employed,1254000,820,327000,60,13664,0.13,Salem,Business Expansion,2026-06-13,0
CUST102919,46,Male,Salaried,572000,656,1722000,12,5088,0.11,Trichy,Personal,2026-06-18,1
CUST102920,25,Male,Salaried,502000,803,768000,84,3759,0.09,Chennai,Personal,2026-04-21,0
CUST102921,55,Male,Salaried,771000,757,812000,48,22068,0.34,Coimbatore,Vehicle,2025-07-15,0
CUST102922,48,Female,Salaried,707000,595,1810000,48,7724,0.13,Chennai,Personal,2024-08-02,1
CUST102923,49,Male,Business,1376000,532,106000,48,31787,0.28,Pondicherry,Education,2024-09-01,0
CUST102924,29,Female,Salaried,455000,660,388000,12,7010,0.18,Madurai,Vehicle,2025-06-06,0
CUST102925,58,Female,Business,1650000,597,1872000,48,16798,0.12,Salem,Vehicle,2026-06-01,1
CUST102926,26,Male,Self-Employed,1172000,767,323000,48,31644,0.32,Chennai,Personal,2025-04-22,0
CUST102927,39,Female,Business,777000,627,957000,60,12246,0.19,Coimbatore,Home,2025-05-02,0
CUST102928,64,Female,Salaried,767000,622,1753000,24,14048,0.22,Chennai,Home,2026-05-08,0
CUST102929,31,Female,Business,789000,524,1963000,120,7676,0.12,Coimbatore,Home,2025-07-20,0
CUST102930,22,Male,Salaried,494000,687,1942000,84,6061,0.15,Chennai,Home,2025-10-16,0
CUST102931,64,Male,Self-Employed,493000,519,1758000,24,11269,0.27,Coimbatore,Education,2025-09-01,1
CUST102932,64,Male,Salaried,1049000,689,482000,24,13367,0.15,Pondicherry,Personal,2026-04-03,1
CUST102933,29,Female,Salaried,640000,702,1970000,48,10762,0.2,Chennai,Business Expansion,2025-01-04,0
CUST102934,41,Male,Self-Employed,1326000,557,659000,12,9315,0.08,Coimbatore,Business Expansion,2025-02-10,0
CUST102935,44,Male,Self-Employed,932000,711,440000,48,23689,0.31,Salem,Business Expansion,2025-12-20,0
CUST102936,54,Male,Salaried,828000,625,1971000,24,18717,0.27,Salem,Home,2024-10-13,0
CUST102937,42,Male,Salaried,692000,517,1962000,60,16044,0.28,Chennai,Personal,2025-05-14,0
CUST102938,23,Male,Self-Employed,679000,764,1415000,48,5853,0.1,Salem,Personal,2026-03-07,0
CUST102939,32,Male,Salaried,878000,566,1333000,48,14527,0.2,Chennai,Education,2025-09-29,0
CUST102940,48,Male,Salaried,473000,695,1758000,48,2296,0.06,Coimbatore,Business Expansion,2025-08-19,1
CUST102941,50,Female,Business,1207000,688,223000,12,14536,0.14,Pondicherry,Home,2026-04-29,0
CUST102942,46,Male,Business,960000,685,1797000,60,12352,0.15,Pondicherry,Personal,2026-05-30,0
CUST102943,41,Female,Business,538000,683,1268000,60,14530,0.32,Pondicherry,Personal,2026-01-25,0
CUST102944,48,Male,Business,852000,562,1850000,120,24696,0.35,Pondicherry,Home,2024-08-13,0
CUST102945,46,Male,Salaried,597000,802,1027000,60,11707,0.24,Chennai,Business Expansion,2024-10-10,0
CUST102946,53,Female,Business,926000,736,1514000,60,15821,0.21,Madurai,Business Expansion,2024-09-20,0
CUST102947,41,Female,Salaried,601000,692,321000,24,9116,0.18,Coimbatore,Vehicle,2026-02-28,0
CUST102948,55,Male,Salaried,631000,530,1380000,48,2917,0.06,Coimbatore,Vehicle,2026-02-08,1
CUST102949,54,Female,Business,915000,561,357000,84,22115,0.29,Chennai,Personal,2026-04-17,0
CUST102950,61,Female,Salaried,803000,709,1722000,60,16832,0.25,Coimbatore,Personal,2026-02-16,0
CUST102951,38,Female,Salaried,994000,469,644000,36,20276,0.24,Pondicherry,Business Expansion,2025-10-15,1
CUST102952,31,Male,Salaried,1006000,680,1975000,36,24539,0.29,Pondicherry,Business Expansion,2025-05-09,0
CUST102953,43,Male,Salaried,1007000,530,605000,84,27559,0.33,Madurai,Home,2026-04-14,0
CUST102954,42,Female,Self-Employed,718000,546,256000,120,9983,0.17,Madurai,Personal,2024-12-22,1
CUST102955,37,Female,Salaried,949000,523,1190000,24,14070,0.18,Trichy,Home,2025-04-29,0
CUST102956,25,Male,Salaried,747000,672,1975000,36,21323,0.34,Madurai,Business Expansion,2025-11-25,0
CUST102957,64,Female,Salaried,586000,750,54000,36,12175,0.25,Salem,Home,2025-10-12,0
CUST102958,31,Male,Salaried,670000,681,1806000,36,17051,0.31,Chennai,Vehicle,2025-07-13,1
CUST102959,50,Male,Salaried,1047000,691,1868000,24,10162,0.12,Coimbatore,Personal,2024-09-21,0
CUST102960,35,Male,Business,740000,665,548000,48,8949,0.15,Salem,Business Expansion,2026-07-30,0
CUST102961,47,Female,Salaried,779000,711,1699000,24,10872,0.17,Salem,Personal,2026-03-18,0
CUST102962,55,Male,Business,423000,692,1835000,12,5114,0.15,Madurai,Personal,2025-10-29,0
CUST102963,53,Female,Salaried,759000,405,1374000,12,19941,0.32,Chennai,Personal,2025-12-19,0
CUST102964,40,Female,Salaried,1031000,731,1498000,36,17480,0.2,Pondicherry,Personal,2026-03-11,0
CUST102965,36,Female,Salaried,709000,722,1163000,36,19857,0.34,Madurai,Business Expansion,2025-08-01,0
CUST102966,54,Female,Salaried,883000,617,1101000,48,10772,0.15,Pondicherry,Vehicle,2026-05-26,1
CUST102967,22,Female,Salaried,548000,472,999000,120,2793,0.06,Coimbatore,Personal,2024-11-22,0
CUST102968,55,Female,Salaried,809000,671,1617000,84,6163,0.09,Chennai,Personal,2026-02-21,0
CUST102969,60,Male,Salaried,598000,679,1290000,36,5736,0.12,Chennai,Home,2026-06-10,0
CUST102970,48,Male,Salaried,794000,610,1894000,12,16011,0.24,Madurai,Business Expansion,2025-10-27,1
CUST102971,59,Male,Self-Employed,640000,641,120000,36,5564,0.1,Chennai,Home,2025-10-29,0
CUST102972,26,Male,Business,1143000,746,1837000,48,15663,0.16,Chennai,Business Expansion,2025-12-09,1
CUST102973,29,Female,Salaried,613000,865,79000,12,14743,0.29,Coimbatore,Vehicle,2025-07-12,0
CUST102974,40,Male,Self-Employed,1076000,638,1329000,36,7839,0.09,Coimbatore,Vehicle,2026-03-23,1
CUST102975,21,Male,Self-Employed,360000,655,870000,48,2224,0.07,Chennai,Home,2025-02-05,0
CUST102976,28,Male,Salaried,662000,575,720000,120,11694,0.21,Chennai,Home,2026-02-11,0
CUST102977,43,Male,Business,951000,604,1469000,120,20559,0.26,Salem,Vehicle,2026-02-25,1
CUST102978,23,Male,Business,1101000,637,1594000,48,29661,0.32,Chennai,Personal,2026-07-22,0
CUST102979,24,Female,Salaried,436000,755,1043000,12,9032,0.25,Coimbatore,Home,2025-02-24,1
CUST102980,45,Male,Self-Employed,1213000,698,372000,12,33747,0.33,Coimbatore,Business Expansion,2025-11-27,1
CUST102981,58,Male,Self-Employed,778000,798,419000,84,7997,0.12,Pondicherry,Personal,2024-10-08,0
CUST102982,35,Female,Salaried,672000,515,1229000,12,8542,0.15,Coimbatore,Home,2024-10-08,0
CUST102983,41,Female,Salaried,965000,530,1055000,120,24269,0.3,Chennai,Business Expansion,2024-09-21,0
CUST102984,55,Male,Business,711000,749,263000,48,17378,0.29,Chennai,Education,2026-04-11,0
CUST102985,34,Female,Self-Employed,653000,755,715000,12,13575,0.25,Trichy,Personal,2026-02-09,0
CUST102986,56,Male,Salaried,655000,652,1156000,120,11015,0.2,Trichy,Business Expansion,2024-12-23,0
CUST102987,32,Male,Salaried,658000,300,454000,120,3033,0.06,Coimbatore,Vehicle,2025-12-02,1
CUST102988,37,Male,Business,421000,583,662000,12,4705,0.13,Chennai,Education,2026-03-20,0
CUST102989,59,Male,Salaried,745000,680,1083000,48,6053,0.1,Coimbatore,Home,2024-08-30,0
CUST102990,29,Female,Self-Employed,1022000,544,1921000,84,5565,0.07,Madurai,Education,2026-06-20,0
CUST102991,55,Male,Salaried,581000,666,1353000,48,13693,0.28,Trichy,Personal,2025-10-09,1
CUST102992,33,Male,Salaried,928000,820,330000,12,6913,0.09,Chennai,Personal,2026-01-27,0
CUST102993,35,Female,Salaried,717000,778,1765000,12,9394,0.16,Madurai,Personal,2025-07-28,0
CUST102994,38,Male,Salaried,685000,722,1163000,120,19593,0.34,Chennai,Home,2026-06-10,0
CUST102995,53,Male,Salaried,547000,644,178000,12,7874,0.17,Madurai,Vehicle,2025-04-06,0
CUST102996,26,Female,Self-Employed,1009000,580,358000,84,7773,0.09,Trichy,Vehicle,2026-07-12,1
CUST102997,47,Male,Self-Employed,1143000,693,534000,120,24472,0.26,Salem,Personal,2024-09-06,0
CUST102998,43,Female,Salaried,784000,652,1180000,48,19141,0.29,Coimbatore,Home,2024-08-15,0
CUST102999,47,Male,Self-Employed,1053000,630,1023000,60,11736,0.13,Madurai,Personal,2025-10-19,0
CUST103000,54,Female,Salaried,1050000,510,1072000,24,25620,0.29,Chennai,Personal,2024-11-01,1
CUST103001,58,Male,Salaried,617000,585,1578000,36,6759,0.13,Chennai,Personal,2026-04-26,1
CUST103002,34,Female,Salaried,795000,717,841000,24,17088,0.26,Chennai,Personal,2025-03-25,0
CUST103003,56,Male,Salaried,856000,550,332000,84,6237,0.09,Chennai,Home,2026-05-11,0
CUST103004,28,Female,Business,1242000,673,1180000,48,18458,0.18,Chennai,Personal,2026-07-11,0
CUST103005,55,Male,Self-Employed,1208000,662,204000,120,20752,0.21,Salem,Business Expansion,2026-02-27,1
CUST103006,39,Male,Salaried,575000,692,1929000,60,12821,0.27,Madurai,Home,2026-04-24,0
CUST103007,50,Male,Self-Employed,832000,675,1305000,84,16987,0.25,Chennai,Home,2026-05-09,0
CUST103008,34,Female,Salaried,493000,706,1522000,120,12571,0.31,Chennai,Personal,2026-04-06,0
CUST103009,40,Female,Salaried,841000,593,1453000,48,7378,0.11,Coimbatore,Personal,2024-10-03,0
CUST103010,45,Male,Salaried,830000,517,856000,12,17179,0.25,Coimbatore,Vehicle,2025-05-31,0
CUST103011,60,Male,Self-Employed,1051000,546,1406000,84,7735,0.09,Chennai,Education,2025-03-14,1
CUST103012,44,Female,Salaried,514000,715,645000,36,8284,0.19,Coimbatore,Business Expansion,2025-05-30,0
CUST103013,34,Male,Business,681000,541,919000,24,11768,0.21,Salem,Vehicle,2025-02-08,0
CUST103014,46,Female,Salaried,521000,556,1149000,48,2525,0.06,Madurai,Personal,2025-06-19,0
CUST103015,58,Female,Salaried,637000,555,310000,60,3774,0.07,Madurai,Home,2026-06-16,1
CUST103016,43,Female,Business,1615000,483,1410000,12,40614,0.3,Pondicherry,Personal,2025-04-30,1
CUST103017,42,Male,Salaried,882000,546,1303000,60,9998,0.14,Chennai,Business Expansion,2025-10-09,1
CUST103018,39,Male,Business,1731000,740,1979000,36,22191,0.15,Chennai,Business Expansion,2025-10-01,0
CUST103019,23,Female,Business,706000,585,833000,60,14244,0.24,Madurai,Personal,2026-07-07,0
CUST103020,62,Female,Business,1108000,492,1033000,60,10730,0.12,Trichy,Home,2024-12-04,0
CUST103021,39,Female,Salaried,863000,603,270000,120,7756,0.11,Madurai,Home,2025-02-20,0
CUST103022,29,Male,Salaried,469000,695,742000,12,6896,0.18,Chennai,Home,2025-11-27,0
CUST103023,48,Male,Self-Employed,1314000,460,447000,60,7413,0.07,Salem,Business Expansion,2026-01-21,0
CUST103024,40,Male,Self-Employed,669000,710,763000,12,18123,0.33,Coimbatore,Home,2024-10-29,0
CUST103025,27,Female,Self-Employed,827000,495,846000,36,22882,0.33,Pondicherry,Personal,2026-02-10,0
CUST103026,34,Male,Salaried,485000,614,461000,48,7455,0.18,Pondicherry,Business Expansion,2026-04-19,0
CUST103027,29,Male,Salaried,657000,613,679000,12,6174,0.11,Coimbatore,Home,2024-09-09,0
CUST103028,39,Male,Salaried,1000000,599,678000,84,15931,0.19,Pondicherry,Personal,2026-03-04,0
CUST103029,34,Male,Salaried,567000,644,450000,120,3779,0.08,Trichy,Home,2025-01-07,1
CUST103030,58,Female,Salaried,729000,720,758000,84,10287,0.17,Salem,Personal,2024-11-08,0
CUST103031,56,Male,Salaried,1017000,646,1779000,48,6110,0.07,Chennai,Home,2025-12-21,0
CUST103032,60,Male,Salaried,659000,595,1877000,120,14379,0.26,Salem,Personal,2025-05-28,1
CUST103033,37,Male,Self-Employed,563000,666,1571000,120,6226,0.13,Chennai,Business Expansion,2025-04-01,0
CUST103034,50,Male,Self-Employed,391000,643,1689000,120,6718,0.21,Pondicherry,Vehicle,2025-07-02,0
CUST103035,29,Male,Salaried,722000,589,223000,24,3252,0.05,Coimbatore,Personal,2025-12-19,1
CUST103036,53,Male,Salaried,869000,653,350000,60,15018,0.21,Chennai,Business Expansion,2025-08-15,0
CUST103037,45,Female,Self-Employed,1175000,557,152000,48,4991,0.05,Chennai,Home,2026-01-31,0
CUST103038,34,Male,Salaried,531000,572,570000,60,14494,0.33,Coimbatore,Business Expansion,2024-12-21,1
CUST103039,31,Male,Business,1039000,722,1237000,12,17346,0.2,Coimbatore,Home,2025-06-27,1
CUST103040,55,Male,Self-Employed,564000,665,1078000,60,3760,0.08,Chennai,Personal,2025-12-13,0
CUST103041,61,Female,Business,1210000,719,1920000,120,15358,0.15,Chennai,Home,2025-04-22,0
CUST103042,34,Female,Self-Employed,1202000,682,1914000,36,6392,0.06,Coimbatore,Home,2024-10-21,1
CUST103043,50,Female,Salaried,909000,570,1674000,84,15852,0.21,Coimbatore,Education,2024-12-15,1
CUST103044,61,Male,Self-Employed,550000,715,227000,48,3973,0.09,Coimbatore,Home,2024-09-10,0
CUST103045,24,Female,Salaried,845000,623,1869000,60,13515,0.19,Pondicherry,Personal,2024-09-05,1
CUST103046,24,Male,Salaried,871000,733,76000,48,10281,0.14,Madurai,Personal,2026-02-28,0
CUST103047,48,Female,Salaried,718000,638,1951000,48,16662,0.28,Chennai,Personal,2024-09-02,0
CUST103048,28,Male,Salaried,959000,678,1760000,36,15557,0.19,Madurai,Business Expansion,2026-02-28,0
CUST103049,22,Male,Salaried,541000,680,1234000,12,13725,0.3,Pondicherry,Education,2025-10-12,1
CUST103050,61,Female,Salaried,831000,723,1188000,60,23019,0.33,Chennai,Personal,2024-12-01,0
CUST103051,42,Male,Self-Employed,1093000,477,427000,24,31046,0.34,Coimbatore,Home,2025-08-18,1
CUST103052,61,Female,Business,742000,508,146000,120,7918,0.13,Coimbatore,Home,2025-06-27,0
CUST103053,36,Male,Salaried,980000,710,727000,48,22888,0.28,Salem,Personal,2025-01-23,0
CUST103054,49,Female,Salaried,739000,682,1209000,12,11173,0.18,Coimbatore,Home,2025-10-27,1
CUST103055,50,Female,Salaried,1011000,580,437000,24,14984,0.18,Trichy,Personal,2024-10-13,0
CUST103056,32,Female,Business,989000,682,1953000,48,25587,0.31,Coimbatore,Business Expansion,2025-01-03,0
CUST103057,55,Female,Salaried,908000,523,1052000,24,7090,0.09,Pondicherry,Personal,2026-01-10,0
CUST103058,31,Female,Business,988000,900,213000,60,15918,0.19,Coimbatore,Home,2024-08-26,0
CUST103059,41,Female,Salaried,782000,768,1948000,60,14849,0.23,Coimbatore,Personal,2026-06-21,1
CUST103060,41,Male,Business,1680000,706,1488000,84,9777,0.07,Coimbatore,Vehicle,2024-09-23,0
CUST103061,25,Male,Salaried,951000,656,1787000,48,24516,0.31,Salem,Personal,2025-02-22,1
CUST103062,40,Female,Salaried,615000,594,994000,48,7395,0.14,Chennai,Home,2026-05-15,0
CUST103063,57,Female,Salaried,473000,532,730000,84,9737,0.25,Chennai,Personal,2025-02-09,1
CUST103064,23,Female,Salaried,683000,639,1051000,60,18692,0.33,Trichy,Personal,2026-07-20,0
CUST103065,64,Female,Business,1170000,572,1209000,12,25927,0.27,Madurai,Home,2024-08-29,1
CUST103066,53,Female,Self-Employed,723000,552,207000,24,19027,0.32,Chennai,Education,2026-06-02,0
CUST103067,29,Male,Salaried,775000,522,447000,48,4576,0.07,Chennai,Business Expansion,2025-04-25,0
CUST103068,29,Male,Business,1616000,672,862000,48,26639,0.2,Coimbatore,Vehicle,2024-10-08,0
CUST103069,24,Male,Salaried,1032000,616,1812000,36,18872,0.22,Coimbatore,Business Expansion,2024-09-01,0
CUST103070,55,Male,Business,1759000,698,1439000,24,37629,0.26,Pondicherry,Vehicle,2025-04-23,0
CUST103071,37,Female,Salaried,527000,691,1375000,84,3735,0.09,Chennai,Business Expansion,2024-12-11,0
CUST103072,54,Female,Business,1775000,670,1012000,120,36540,0.25,Pondicherry,Personal,2025-05-10,1
CUST103073,44,Female,Salaried,1073000,889,398000,60,8387,0.09,Coimbatore,Personal,2025-01-14,0
CUST103074,52,Male,Salaried,747000,724,833000,84,4375,0.07,Chennai,Home,2024-08-16,0
CUST103075,21,Male,Salaried,1078000,536,443000,48,17139,0.19,Madurai,Home,2025-04-07,0
CUST103076,28,Male,Salaried,760000,691,1397000,48,14573,0.23,Trichy,Personal,2025-11-06,1
CUST103077,43,Male,Self-Employed,673000,620,997000,60,18924,0.34,Chennai,Vehicle,2026-04-06,0
CUST103078,60,Male,Salaried,430000,529,99000,120,9301,0.26,Trichy,Personal,2026-04-29,0
CUST103079,32,Male,Business,730000,522,1397000,24,13834,0.23,Pondicherry,Vehicle,2026-03-06,0
CUST103080,32,Male,Business,1459000,690,1587000,12,13905,0.11,Chennai,Vehicle,2025-02-26,0
CUST103081,35,Male,Business,824000,712,892000,60,6565,0.1,Chennai,Home,2025-12-12,0
CUST103082,61,Female,Business,1578000,555,1536000,12,30531,0.23,Chennai,Home,2026-03-18,1
CUST103083,39,Male,Self-Employed,671000,712,1148000,48,6535,0.12,Pondicherry,Home,2025-02-25,0
CUST103084,46,Male,Business,1685000,675,1832000,12,36786,0.26,Chennai,Home,2026-01-08,0
CUST103085,49,Male,Business,1778000,757,550000,12,12496,0.08,Pondicherry,Personal,2025-05-24,0
CUST103086,42,Male,Salaried,440000,748,1800000,60,5569,0.15,Madurai,Vehicle,2026-03-09,0
CUST103087,60,Female,Self-Employed,967000,610,791000,84,22718,0.28,Pondicherry,Home,2025-11-16,0
CUST103088,41,Female,Business,778000,797,1827000,48,19405,0.3,Madurai,Business Expansion,2026-06-12,0
CUST103089,58,Male,Self-Employed,741000,523,237000,24,9483,0.15,Coimbatore,Business Expansion,2025-01-19,1
CUST103090,40,Female,Salaried,1048000,865,995000,36,9782,0.11,Salem,Personal,2025-04-29,0
CUST103091,49,Male,Salaried,436000,570,178000,12,12261,0.34,Trichy,Vehicle,2024-12-04,1
CUST103092,24,Female,Business,460000,645,1566000,48,10669,0.28,Madurai,Home,2026-01-18,0
CUST103093,27,Male,Business,1220000,598,146000,36,29698,0.29,Trichy,Vehicle,2025-05-04,0
CUST103094,48,Male,Salaried,815000,616,414000,24,7934,0.12,Madurai,Home,2026-06-30,0
CUST103095,48,Female,Salaried,482000,900,550000,36,7122,0.18,Coimbatore,Vehicle,2025-12-18,0
CUST103096,24,Female,Salaried,784000,608,1238000,24,4603,0.07,Coimbatore,Personal,2025-11-25,0
CUST103097,42,Female,Self-Employed,974000,701,968000,84,6722,0.08,Coimbatore,Education,2026-05-09,0
CUST103098,32,Male,Salaried,817000,628,226000,36,7917,0.12,Salem,Personal,2025-09-16,1
CUST103099,23,Male,Self-Employed,1418000,709,1057000,24,16658,0.14,Madurai,Home,2025-10-09,0
CUST103100,42,Female,Business,989000,601,678000,84,28776,0.35,Chennai,Personal,2025-01-10,0
CUST103101,64,Male,Self-Employed,901000,648,1795000,120,13261,0.18,Madurai,Business Expansion,2025-04-23,1
CUST103102,22,Male,Salaried,955000,706,1019000,120,20640,0.26,Chennai,Vehicle,2026-06-09,0
CUST103103,44,Male,Business,1235000,585,322000,12,33070,0.32,Chennai,Education,2025-06-14,1
CUST103104,54,Male,Self-Employed,826000,873,1400000,36,8522,0.12,Coimbatore,Business Expansion,2024-11-06,1
CUST103105,47,Male,Salaried,753000,711,448000,24,5861,0.09,Madurai,Personal,2026-03-23,0
CUST103106,61,Male,Salaried,547000,629,1636000,48,5605,0.12,Salem,Home,2024-11-28,0
CUST103107,21,Male,Self-Employed,717000,562,460000,60,18804,0.31,Salem,Home,2026-02-13,0
CUST103108,28,Female,Business,820000,658,826000,84,17063,0.25,Chennai,Education,2024-09-10,0
CUST103109,43,Male,Business,1421000,540,1137000,36,21954,0.19,Madurai,Education,2024-09-16,0
CUST103110,58,Male,Salaried,659000,810,1520000,84,16259,0.3,Pondicherry,Home,2025-12-02,0
CUST103111,26,Female,Salaried,701000,688,390000,36,7069,0.12,Chennai,Vehicle,2026-06-13,0
CUST103112,42,Female,Salaried,480000,642,1302000,36,4870,0.12,Pondicherry,Vehicle,2025-12-29,0
CUST103113,45,Male,Self-Employed,937000,719,554000,36,17191,0.22,Pondicherry,Vehicle,2025-12-26,0
CUST103114,38,Female,Self-Employed,1180000,560,910000,60,28223,0.29,Trichy,Business Expansion,2025-04-24,0
CUST103115,37,Male,Salaried,684000,545,1883000,36,7288,0.13,Coimbatore,Home,2024-11-20,0
CUST103116,32,Female,Salaried,959000,638,1822000,84,9031,0.11,Salem,Business Expansion,2024-08-11,0
CUST103117,26,Male,Business,928000,661,786000,12,14862,0.19,Pondicherry,Personal,2024-08-14,0
CUST103118,46,Male,Business,1340000,697,678000,12,10079,0.09,Trichy,Personal,2026-03-26,0
CUST103119,47,Female,Salaried,1009000,517,299000,48,23067,0.27,Coimbatore,Personal,2025-11-24,1
CUST103120,28,Female,Self-Employed,1012000,583,1143000,60,18823,0.22,Pondicherry,Personal,2025-07-09,0
CUST103121,39,Male,Self-Employed,515000,347,561000,84,8744,0.2,Coimbatore,Vehicle,2024-10-12,1
CUST103122,62,Male,Salaried,1070000,543,394000,120,27791,0.31,Chennai,Vehicle,2026-05-20,1
CUST103123,21,Male,Salaried,893000,714,596000,48,20075,0.27,Madurai,Personal,2024-09-30,0
CUST103124,49,Female,Salaried,489000,736,1346000,12,3862,0.09,Salem,Vehicle,2025-05-07,0
CUST103125,55,Male,Salaried,446000,547,605000,36,6546,0.18,Pondicherry,Personal,2024-08-27,0
CUST103126,60,Male,Self-Employed,904000,595,1036000,36,11027,0.15,Trichy,Education,2025-05-18,0
CUST103127,34,Male,Salaried,538000,652,921000,24,13029,0.29,Coimbatore,Home,2024-08-22,0
CUST103128,55,Female,Salaried,522000,747,1418000,60,11558,0.27,Coimbatore,Personal,2026-01-05,0
CUST103129,40,Female,Salaried,999000,787,509000,24,15950,0.19,Pondicherry,Home,2026-04-28,0
CUST103130,33,Female,Salaried,1033000,663,1180000,60,25574,0.3,Madurai,Personal,2026-04-28,0
CUST103131,58,Male,Self-Employed,366000,601,935000,60,5277,0.17,Pondicherry,Home,2025-10-29,0
CUST103132,28,Female,Salaried,673000,520,790000,36,16323,0.29,Madurai,Education,2025-02-02,0
CUST103133,63,Female,Salaried,856000,659,813000,36,4253,0.06,Pondicherry,Home,2025-11-28,0
CUST103134,40,Female,Business,1213000,836,537000,48,9136,0.09,Pondicherry,Personal,2026-04-02,0
CUST103135,53,Male,Salaried,893000,766,1117000,12,20597,0.28,Coimbatore,Business Expansion,2024-10-15,1
CUST103136,46,Male,Self-Employed,1396000,640,551000,12,9808,0.08,Chennai,Home,2024-12-10,0
CUST103137,59,Female,Salaried,535000,677,1498000,36,11374,0.26,Chennai,Business Expansion,2025-12-06,1
CUST103138,41,Male,Business,417000,588,970000,12,9280,0.27,Salem,Business Expansion,2025-02-10,0
CUST103139,62,Male,Business,1476000,617,98000,60,30585,0.25,Trichy,Vehicle,2025-08-02,0
CUST103140,63,Female,Salaried,886000,663,109000,12,21815,0.3,Trichy,Home,2025-06-17,0
CUST103141,61,Female,Self-Employed,1226000,638,1331000,84,20789,0.2,Coimbatore,Home,2024-12-24,0
CUST103142,29,Female,Salaried,884000,740,626000,48,23507,0.32,Trichy,Home,2025-07-20,0
CUST103143,44,Female,Business,548000,736,1187000,12,10085,0.22,Trichy,Home,2025-12-12,0
CUST103144,57,Male,Salaried,582000,696,1844000,12,9814,0.2,Chennai,Home,2025-07-31,0
CUST103145,61,Male,Business,484000,560,398000,120,8180,0.2,Salem,Business Expansion,2026-07-24,0
CUST103146,37,Male,Salaried,727000,563,447000,48,19606,0.32,Coimbatore,Personal,2025-05-23,1
CUST103147,44,Male,Self-Employed,1273000,545,723000,48,13059,0.12,Coimbatore,Personal,2025-01-15,0
CUST103148,41,Male,Business,816000,671,1543000,36,17578,0.26,Coimbatore,Home,2025-01-26,0
CUST103149,59,Male,Business,885000,467,725000,48,9055,0.12,Chennai,Personal,2025-03-21,1
CUST103150,61,Female,Salaried,996000,649,64000,84,6445,0.08,Madurai,Personal,2025-08-28,0
CUST103151,59,Female,Salaried,919000,776,598000,36,25741,0.34,Chennai,Business Expansion,2026-05-25,0
CUST103152,33,Female,Salaried,475000,710,187000,60,3519,0.09,Pondicherry,Home,2026-05-15,0
CUST103153,31,Female,Salaried,1038000,618,1338000,24,22131,0.26,Coimbatore,Business Expansion,2025-04-14,0
CUST103154,39,Female,Salaried,928000,587,867000,12,13716,0.18,Coimbatore,Vehicle,2025-06-28,0
CUST103155,31,Female,Salaried,548000,722,980000,48,13751,0.3,Trichy,Education,2024-12-16,1
CUST103156,33,Female,Salaried,501000,677,1631000,12,11771,0.28,Pondicherry,Home,2025-09-15,0
CUST103157,21,Female,Salaried,1053000,627,667000,60,8172,0.09,Chennai,Home,2025-09-07,0
CUST103158,60,Female,Salaried,897000,596,130000,24,14228,0.19,Salem,Personal,2025-03-12,0
CUST103159,64,Female,Salaried,500000,656,352000,48,2427,0.06,Madurai,Education,2024-08-22,0
CUST103160,39,Female,Salaried,974000,622,1347000,120,14517,0.18,Chennai,Vehicle,2026-03-24,0
CUST103161,32,Male,Self-Employed,995000,695,1186000,36,21563,0.26,Coimbatore,Vehicle,2026-03-10,0
CUST103162,28,Male,Salaried,515000,761,1071000,36,5134,0.12,Coimbatore,Home,2026-03-25,0
CUST103163,28,Male,Salaried,807000,526,458000,48,19704,0.29,Pondicherry,Personal,2025-04-29,0
CUST103164,32,Male,Salaried,625000,539,769000,48,3434,0.07,Coimbatore,Personal,2026-05-31,0
CUST103165,53,Male,Salaried,828000,771,1892000,60,4165,0.06,Coimbatore,Personal,2025-01-05,0
CUST103166,46,Male,Self-Employed,452000,639,414000,24,2193,0.06,Chennai,Home,2025-08-30,1
CUST103167,59,Male,Salaried,577000,548,1064000,48,6443,0.13,Chennai,Home,2024-10-04,0
CUST103168,48,Male,Salaried,494000,738,290000,36,7827,0.19,Trichy,Vehicle,2024-08-06,1
CUST103169,25,Female,Business,1089000,680,138000,24,7462,0.08,Trichy,Education,2026-03-12,0
CUST103170,28,Male,Business,936000,848,1768000,48,27223,0.35,Chennai,Vehicle,2024-10-30,0
CUST103171,45,Female,Salaried,757000,628,1345000,24,22070,0.35,Chennai,Vehicle,2025-12-04,1
CUST103172,47,Female,Salaried,1060000,749,1328000,60,18191,0.21,Coimbatore,Education,2025-05-18,0
CUST103173,43,Male,Salaried,589000,519,1562000,84,10818,0.22,Trichy,Home,2026-05-02,0
CUST103174,50,Female,Salaried,664000,775,1929000,120,18151,0.33,Pondicherry,Home,2024-11-25,0
CUST103175,43,Male,Salaried,967000,734,294000,48,22638,0.28,Chennai,Vehicle,2025-03-13,0
CUST103176,40,Male,Self-Employed,1104000,769,1853000,48,9235,0.1,Coimbatore,Personal,2025-06-11,0
CUST103177,38,Male,Salaried,815000,749,1172000,120,19542,0.29,Coimbatore,Personal,2025-08-19,0
CUST103178,38,Male,Business,1168000,641,620000,24,11610,0.12,Salem,Home,2026-01-08,0
CUST103179,22,Male,Salaried,515000,544,1146000,48,7685,0.18,Madurai,Personal,2026-06-17,1
CUST103180,24,Male,Salaried,554000,595,673000,24,9683,0.21,Chennai,Personal,2026-05-24,1
CUST103181,50,Male,Self-Employed,1174000,466,1750000,84,25935,0.27,Coimbatore,Personal,2025-02-04,1
CUST103182,53,Male,Salaried,509000,567,1361000,24,4031,0.1,Coimbatore,Personal,2025-12-03,0
CUST103183,56,Male,Salaried,907000,688,1002000,48,5506,0.07,Trichy,Personal,2024-10-24,0
CUST103184,38,Female,Salaried,717000,645,260000,36,18512,0.31,Chennai,Education,2025-08-21,0
CUST103185,57,Male,Salaried,520000,629,583000,120,12914,0.3,Coimbatore,Education,2024-11-28,0
CUST103186,39,Male,Salaried,880000,578,990000,60,15178,0.21,Trichy,Business Expansion,2025-06-21,0
CUST103187,48,Male,Salaried,960000,490,1939000,24,19896,0.25,Chennai,Education,2024-12-21,1
CUST103188,60,Male,Salaried,663000,666,1156000,36,14684,0.27,Madurai,Home,2025-06-02,1
CUST103189,40,Male,Salaried,938000,684,1315000,24,15082,0.19,Coimbatore,Business Expansion,2026-07-25,0
CUST103190,53,Female,Business,833000,560,61000,36,8827,0.13,Pondicherry,Personal,2025-11-17,0
CUST103191,32,Male,Salaried,961000,601,566000,48,15569,0.19,Chennai,Vehicle,2026-06-27,0
CUST103192,35,Female,Salaried,645000,788,843000,60,18019,0.34,Salem,Home,2026-07-04,0
CUST103193,61,Female,Business,1736000,754,1189000,120,43595,0.3,Chennai,Business Expansion,2024-08-26,0
CUST103194,59,Male,Self-Employed,870000,491,396000,36,13750,0.19,Chennai,Home,2026-04-29,1
CUST103195,22,Male,Salaried,908000,642,69000,12,8903,0.12,Pondicherry,Home,2025-03-30,0
CUST103196,49,Female,Salaried,1030000,780,1774000,24,27199,0.32,Pondicherry,Business Expansion,2025-07-08,0
CUST103197,61,Female,Self-Employed,1124000,605,185000,36,22617,0.24,Chennai,Vehicle,2025-05-02,1
CUST103198,30,Male,Salaried,758000,625,495000,60,10828,0.17,Salem,Personal,2026-01-31,0
CUST103199,22,Female,Self-Employed,340000,723,1511000,60,2365,0.08,Chennai,Vehicle,2025-03-09,0
CUST103200,31,Female,Business,1073000,738,1921000,60,24636,0.28,Madurai,Home,2024-12-06,0
CUST103201,33,Male,Salaried,924000,734,1643000,120,11172,0.15,Chennai,Vehicle,2026-04-11,1
CUST103202,30,Female,Salaried,978000,626,222000,84,18899,0.23,Coimbatore,Home,2025-10-06,0
CUST103203,34,Male,Self-Employed,733000,684,754000,36,13492,0.22,Coimbatore,Business Expansion,2026-06-04,0
CUST103204,38,Male,Salaried,818000,784,566000,36,17715,0.26,Madurai,Personal,2025-11-06,0
CUST103205,29,Female,Salaried,974000,645,208000,48,17149,0.21,Madurai,Education,2025-04-13,0
CUST103206,59,Female,Salaried,445000,613,1864000,120,8867,0.24,Coimbatore,Personal,2025-03-30,0
CUST103207,48,Male,Self-Employed,1162000,735,1478000,12,7210,0.07,Salem,Personal,2024-11-28,0
CUST103208,23,Male,Self-Employed,712000,809,561000,84,14808,0.25,Chennai,Personal,2024-08-06,0
CUST103209,40,Female,Business,754000,840,1725000,36,6802,0.11,Chennai,Personal,2026-04-26,0
CUST103210,26,Female,Business,1697000,616,53000,84,23700,0.17,Trichy,Home,2026-05-19,0
CUST103211,47,Female,Salaried,790000,625,854000,48,13414,0.2,Chennai,Business Expansion,2025-12-17,0
CUST103212,22,Female,Self-Employed,1162000,532,1660000,120,24795,0.26,Madurai,Personal,2025-12-05,0
CUST103213,49,Female,Salaried,569000,660,795000,24,12931,0.27,Madurai,Personal,2026-03-15,0
CUST103214,58,Male,Self-Employed,308000,528,153000,12,6711,0.26,Coimbatore,Home,2024-11-19,1
CUST103215,23,Male,Salaried,607000,602,422000,84,3972,0.08,Salem,Home,2025-04-25,0
CUST103216,36,Male,Salaried,639000,713,1722000,60,8843,0.17,Chennai,Vehicle,2025-08-31,0
CUST103217,50,Female,Self-Employed,1047000,660,331000,12,11708,0.13,Chennai,Business Expansion,2026-02-14,0
CUST103218,60,Female,Salaried,453000,487,792000,24,6399,0.17,Chennai,Personal,2024-09-17,0
CUST103219,22,Male,Business,669000,791,332000,120,13606,0.24,Chennai,Home,2026-06-10,0
CUST103220,37,Male,Self-Employed,793000,527,1550000,120,7128,0.11,Coimbatore,Home,2026-07-22,1
CUST103221,61,Male,Salaried,1010000,563,1823000,36,16886,0.2,Trichy,Business Expansion,2025-12-03,0
CUST103222,32,Male,Salaried,776000,538,284000,36,20399,0.32,Trichy,Vehicle,2024-11-13,0
CUST103223,55,Male,Business,1403000,590,1775000,84,31490,0.27,Pondicherry,Education,2024-10-09,1
CUST103224,63,Male,Salaried,459000,569,1251000,48,10236,0.27,Chennai,Home,2026-04-23,1
CUST103225,21,Male,Self-Employed,1034000,546,1930000,36,26247,0.3,Chennai,Education,2025-07-27,0
CUST103226,35,Male,Self-Employed,652000,403,387000,36,9224,0.17,Salem,Business Expansion,2024-08-01,0
CUST103227,46,Female,Business,972000,661,1575000,12,22505,0.28,Chennai,Business Expansion,2026-02-26,1
CUST103228,57,Male,Self-Employed,866000,645,1295000,24,4879,0.07,Salem,Home,2024-09-28,0
CUST103229,41,Female,Self-Employed,887000,826,505000,60,4947,0.07,Pondicherry,Vehicle,2024-09-15,0
CUST103230,51,Male,Business,1467000,693,1971000,60,18281,0.15,Salem,Personal,2024-10-19,0
CUST103231,45,Female,Business,515000,605,1799000,48,4680,0.11,Coimbatore,Vehicle,2025-09-27,0
CUST103232,43,Female,Self-Employed,798000,516,774000,120,13669,0.21,Chennai,Personal,2025-11-20,1
CUST103233,44,Male,Salaried,635000,641,1968000,120,5554,0.1,Madurai,Vehicle,2026-02-13,0
CUST103234,58,Male,Salaried,783000,690,1432000,24,22359,0.34,Trichy,Education,2025-06-01,0
CUST103235,48,Female,Self-Employed,1312000,579,459000,12,33382,0.31,Chennai,Vehicle,2025-09-14,1
CUST103236,41,Female,Salaried,706000,655,1678000,120,20283,0.34,Pondicherry,Vehicle,2025-09-21,0
CUST103237,63,Female,Salaried,1016000,820,607000,60,24750,0.29,Chennai,Vehicle,2025-07-29,0
CUST103238,38,Female,Salaried,1036000,615,511000,120,28950,0.34,Madurai,Vehicle,2025-05-03,0
CUST103239,56,Male,Self-Employed,1196000,455,1840000,48,15989,0.16,Pondicherry,Personal,2025-03-17,0
CUST103240,55,Male,Salaried,524000,728,240000,36,8705,0.2,Chennai,Personal,2025-08-10,0
CUST103241,29,Male,Salaried,626000,678,1911000,36,6361,0.12,Chennai,Business Expansion,2025-06-29,0
CUST103242,58,Male,Salaried,843000,496,1992000,120,16912,0.24,Chennai,Home,2026-03-07,0
CUST103243,50,Male,Self-Employed,1175000,663,1218000,84,28050,0.29,Chennai,Business Expansion,2025-11-23,1
CUST103244,64,Female,Salaried,633000,560,1417000,12,10530,0.2,Chennai,Business Expansion,2025-11-09,0
CUST103245,54,Male,Salaried,622000,689,1689000,60,7200,0.14,Chennai,Personal,2026-06-12,0
CUST103246,52,Male,Salaried,624000,821,1649000,84,10519,0.2,Chennai,Education,2025-08-17,0
CUST103247,23,Female,Salaried,657000,634,206000,84,3770,0.07,Pondicherry,Personal,2025-04-24,0
CUST103248,23,Female,Self-Employed,378000,722,1381000,84,8389,0.27,Salem,Home,2026-02-18,0
CUST103249,48,Male,Self-Employed,904000,514,943000,36,13972,0.19,Coimbatore,Personal,2025-03-18,0
CUST103250,64,Female,Salaried,991000,513,911000,48,26382,0.32,Chennai,Education,2026-02-10,1
CUST103251,35,Female,Salaried,682000,831,1201000,120,18583,0.33,Chennai,Education,2024-10-17,0
CUST103252,61,Male,Business,1296000,677,1097000,48,9466,0.09,Trichy,Personal,2025-07-27,0
CUST103253,43,Male,Salaried,636000,707,980000,60,18488,0.35,Trichy,Home,2024-09-30,0
CUST103254,60,Male,Salaried,853000,753,1198000,84,24235,0.34,Salem,Home,2024-08-07,0
CUST103255,31,Male,Salaried,704000,602,1248000,12,13970,0.24,Chennai,Vehicle,2025-04-28,0
CUST103256,52,Male,Salaried,707000,724,1174000,48,17535,0.3,Pondicherry,Vehicle,2026-01-03,0
CUST103257,56,Female,Salaried,1065000,710,100000,24,4928,0.06,Madurai,Vehicle,2025-03-01,1
CUST103258,53,Female,Self-Employed,368000,508,1331000,48,10460,0.34,Salem,Business Expansion,2025-01-12,0
CUST103259,44,Female,Salaried,746000,786,710000,12,11618,0.19,Madurai,Vehicle,2025-03-19,0
CUST103260,59,Female,Salaried,1077000,767,1241000,84,28981,0.32,Coimbatore,Home,2026-05-30,0
CUST103261,54,Female,Salaried,674000,534,1178000,48,9297,0.17,Trichy,Personal,2025-07-30,0
CUST103262,48,Male,Salaried,576000,668,1654000,84,13749,0.29,Pondicherry,Business Expansion,2024-08-15,0
CUST103263,57,Male,Salaried,843000,629,84000,36,12320,0.18,Chennai,Vehicle,2024-11-26,0
CUST103264,27,Female,Salaried,987000,777,477000,12,13062,0.16,Chennai,Home,2024-10-27,0
CUST103265,24,Male,Salaried,654000,523,1748000,36,18204,0.33,Coimbatore,Personal,2025-12-29,0
CUST103266,57,Male,Self-Employed,985000,900,388000,36,21319,0.26,Chennai,Business Expansion,2024-11-22,0
CUST103267,21,Female,Self-Employed,1309000,609,769000,60,32945,0.3,Coimbatore,Home,2025-03-15,0
CUST103268,21,Female,Salaried,909000,716,1226000,120,16135,0.21,Salem,Vehicle,2026-05-17,0
CUST103269,40,Male,Salaried,420000,774,555000,84,11392,0.33,Madurai,Vehicle,2025-04-01,0
CUST103270,39,Female,Self-Employed,1311000,607,129000,84,29714,0.27,Trichy,Home,2025-09-25,1
CUST103271,49,Male,Salaried,591000,639,1104000,84,3528,0.07,Trichy,Vehicle,2024-08-02,1
CUST103272,30,Female,Salaried,741000,604,274000,84,17293,0.28,Pondicherry,Home,2025-10-05,1
CUST103273,38,Male,Self-Employed,1343000,545,1840000,120,6224,0.06,Salem,Personal,2025-07-26,0
CUST103274,48,Female,Business,1420000,674,1282000,12,35348,0.3,Trichy,Personal,2026-04-28,0
CUST103275,55,Male,Salaried,686000,637,229000,36,8549,0.15,Coimbatore,Vehicle,2025-11-14,1
CUST103276,63,Female,Salaried,1066000,604,468000,60,20385,0.23,Coimbatore,Business Expansion,2026-07-14,0
CUST103277,51,Male,Business,1197000,609,1570000,60,27412,0.27,Coimbatore,Home,2026-03-06,0
CUST103278,47,Male,Salaried,555000,701,1992000,36,11150,0.24,Coimbatore,Business Expansion,2026-03-03,0
CUST103279,31,Male,Business,1166000,578,1378000,36,24457,0.25,Coimbatore,Home,2024-12-25,0
CUST103280,58,Male,Salaried,705000,627,705000,24,18670,0.32,Trichy,Personal,2025-04-21,0
CUST103281,25,Male,Salaried,1072000,730,791000,12,14489,0.16,Madurai,Personal,2024-08-29,0
CUST103282,28,Male,Salaried,757000,672,363000,60,13508,0.21,Chennai,Vehicle,2024-12-15,0
CUST103283,54,Female,Business,1299000,555,1891000,12,11093,0.1,Salem,Home,2026-04-05,0
CUST103284,32,Female,Business,552000,647,1407000,84,8752,0.19,Coimbatore,Home,2025-10-18,1
CUST103285,58,Male,Salaried,584000,689,1137000,60,4623,0.09,Madurai,Personal,2025-07-14,0
CUST103286,21,Female,Self-Employed,998000,714,357000,48,19966,0.24,Trichy,Home,2025-06-26,0
CUST103287,51,Male,Self-Employed,1417000,557,89000,48,17390,0.15,Madurai,Business Expansion,2024-09-23,0
CUST103288,24,Male,Self-Employed,1218000,574,1316000,60,31231,0.31,Coimbatore,Home,2024-10-15,0
CUST103289,25,Male,Business,1410000,587,410000,24,17986,0.15,Pondicherry,Personal,2025-05-19,0
CUST103290,50,Female,Salaried,664000,591,1318000,48,7528,0.14,Chennai,Personal,2026-05-13,1
CUST103291,44,Male,Salaried,427000,686,1895000,120,7023,0.2,Madurai,Vehicle,2025-10-31,0
CUST103292,23,Female,Business,1280000,703,1955000,84,10943,0.1,Chennai,Business Expansion,2025-08-25,0
CUST103293,31,Male,Business,1130000,744,1682000,84,10465,0.11,Madurai,Personal,2026-04-21,1
CUST103294,24,Male,Salaried,958000,641,1030000,120,22748,0.28,Chennai,Home,2024-09-10,0
CUST103295,46,Male,Salaried,693000,523,1218000,12,11501,0.2,Pondicherry,Business Expansion,2026-07-18,0
CUST103296,47,Female,Business,1073000,710,949000,36,10005,0.11,Chennai,Home,2025-10-20,0
CUST103297,63,Female,Salaried,1005000,664,1641000,12,4979,0.06,Pondicherry,Vehicle,2024-11-15,0
CUST103298,47,Female,Self-Employed,607000,630,1103000,84,9607,0.19,Pondicherry,Business Expansion,2025-08-28,1
CUST103299,62,Female,Salaried,559000,534,1693000,12,12707,0.27,Coimbatore,Home,2025-07-06,1
CUST103300,26,Female,Business,682000,632,979000,84,8829,0.16,Coimbatore,Personal,2024-11-12,0
CUST103301,35,Female,Salaried,525000,542,775000,12,5442,0.12,Trichy,Home,2026-05-12,0
CUST103302,50,Male,Salaried,964000,693,1501000,84,13569,0.17,Chennai,Business Expansion,2024-09-10,1
CUST103303,62,Female,Salaried,887000,611,782000,60,24964,0.34,Chennai,Vehicle,2026-06-24,1
CUST103304,57,Male,Business,925000,603,1455000,60,13639,0.18,Chennai,Home,2024-08-04,0
CUST103305,57,Female,Self-Employed,1009000,486,1526000,12,10753,0.13,Madurai,Personal,2024-08-10,1
CUST103306,62,Female,Self-Employed,880000,717,1010000,36,16190,0.22,Chennai,Vehicle,2026-02-12,1
CUST103307,57,Female,Salaried,800000,626,665000,24,19548,0.29,Chennai,Personal,2024-10-13,0
CUST103308,55,Male,Business,937000,657,1254000,84,4427,0.06,Trichy,Home,2024-09-17,0
CUST103309,43,Female,Self-Employed,589000,558,547000,24,10672,0.22,Chennai,Personal,2024-12-02,0
CUST103310,26,Female,Self-Employed,676000,476,1712000,48,16950,0.3,Chennai,Vehicle,2024-12-29,0
CUST103311,24,Male,Business,1230000,602,247000,120,11755,0.11,Salem,Personal,2026-04-04,0
CUST103312,38,Male,Salaried,445000,616,1416000,48,12107,0.33,Trichy,Home,2025-12-02,0
CUST103313,29,Female,Self-Employed,1434000,651,82000,36,26685,0.22,Coimbatore,Business Expansion,2025-08-28,1
CUST103314,49,Female,Business,837000,618,383000,120,14300,0.21,Chennai,Home,2025-10-24,0
CUST103315,33,Male,Self-Employed,1015000,560,283000,120,28682,0.34,Madurai,Personal,2026-07-13,0
CUST103316,37,Male,Self-Employed,822000,489,1621000,12,6089,0.09,Chennai,Vehicle,2026-07-31,1
CUST103317,52,Male,Salaried,634000,654,579000,84,14372,0.27,Salem,Personal,2026-04-30,0
CUST103318,42,Male,Self-Employed,1370000,553,936000,60,33744,0.3,Trichy,Vehicle,2026-06-22,0
CUST103319,24,Female,Salaried,665000,768,868000,48,10893,0.2,Salem,Personal,2025-03-16,0
CUST103320,25,Female,Salaried,423000,663,1002000,120,1830,0.05,Pondicherry,Vehicle,2025-04-24,0
CUST103321,57,Female,Business,508000,700,793000,120,8775,0.21,Madurai,Vehicle,2025-04-16,1
CUST103322,61,Male,Salaried,586000,627,477000,12,4690,0.1,Trichy,Business Expansion,2025-10-19,0
CUST103323,33,Female,Salaried,799000,668,1339000,24,14566,0.22,Pondicherry,Vehicle,2025-11-21,1
CUST103324,54,Male,Self-Employed,921000,544,1054000,36,20844,0.27,Madurai,Home,2026-07-23,1
CUST103325,42,Male,Salaried,475000,543,1368000,60,8285,0.21,Chennai,Home,2024-12-23,1
CUST103326,43,Male,Salaried,876000,651,1513000,60,17464,0.24,Coimbatore,Home,2026-03-08,1
CUST103327,23,Male,Salaried,1020000,701,1634000,48,6900,0.08,Chennai,Education,2024-08-30,1
CUST103328,62,Male,Salaried,712000,474,619000,12,4694,0.08,Trichy,Education,2026-03-15,1
CUST103329,54,Male,Salaried,724000,605,1405000,60,18418,0.31,Trichy,Home,2024-08-08,0
CUST103330,52,Male,Salaried,440000,815,1943000,24,2375,0.06,Salem,Personal,2025-01-16,0
CUST103331,41,Male,Salaried,985000,693,200000,24,11105,0.14,Madurai,Home,2024-08-05,0
CUST103332,64,Female,Salaried,985000,788,1720000,36,27194,0.33,Pondicherry,Education,2025-06-21,0
CUST103333,41,Male,Salaried,884000,592,1374000,36,13824,0.19,Chennai,Home,2024-12-30,0
CUST103334,64,Female,Business,693000,608,927000,24,14573,0.25,Coimbatore,Personal,2025-06-30,0
CUST103335,31,Male,Salaried,502000,737,394000,24,4873,0.12,Salem,Home,2025-08-16,0
CUST103336,59,Female,Self-Employed,605000,681,1384000,12,6612,0.13,Pondicherry,Personal,2026-03-04,0
CUST103337,24,Female,Salaried,1011000,641,1709000,60,17077,0.2,Trichy,Home,2025-09-24,0
CUST103338,21,Female,Self-Employed,1296000,511,1256000,12,26074,0.24,Chennai,Personal,2025-10-28,1
CUST103339,48,Female,Self-Employed,854000,729,1790000,36,24064,0.34,Trichy,Personal,2025-06-23,1
CUST103340,44,Male,Salaried,1034000,875,983000,36,19157,0.22,Pondicherry,Personal,2025-10-04,0
CUST103341,55,Male,Salaried,470000,508,1220000,36,3085,0.08,Chennai,Home,2026-03-14,0
CUST103342,33,Male,Salaried,847000,776,670000,120,11298,0.16,Trichy,Personal,2026-03-05,0
CUST103343,54,Male,Self-Employed,1419000,582,199000,60,14574,0.12,Coimbatore,Business Expansion,2025-05-15,0
CUST103344,31,Male,Salaried,460000,619,794000,48,4842,0.13,Chennai,Vehicle,2024-09-29,0
CUST103345,56,Female,Business,984000,674,316000,36,16532,0.2,Pondicherry,Vehicle,2024-12-06,0
CUST103346,37,Male,Salaried,576000,541,1563000,36,6959,0.14,Chennai,Personal,2025-08-18,1
CUST103347,55,Female,Salaried,611000,646,180000,12,6965,0.14,Chennai,Vehicle,2025-01-17,0
CUST103348,38,Female,Self-Employed,527000,479,196000,12,14949,0.34,Pondicherry,Personal,2026-02-03,1
CUST103349,60,Female,Business,411000,692,652000,48,7712,0.23,Trichy,Home,2024-08-27,0
CUST103350,42,Female,Salaried,667000,851,952000,84,7144,0.13,Chennai,Personal,2026-04-08,0
CUST103351,44,Female,Self-Employed,440000,567,424000,48,4867,0.13,Salem,Home,2024-08-05,0
CUST103352,39,Male,Salaried,816000,634,1558000,48,19944,0.29,Chennai,Home,2025-10-19,0
CUST103353,57,Male,Self-Employed,361000,614,1577000,48,9504,0.32,Salem,Home,2025-12-21,1
CUST103354,59,Female,Self-Employed,858000,713,553000,12,18140,0.25,Trichy,Home,2026-05-01,1
CUST103355,41,Female,Business,1258000,686,1292000,36,18810,0.18,Coimbatore,Personal,2025-06-04,0
CUST103356,28,Female,Salaried,675000,732,1568000,12,15714,0.28,Chennai,Vehicle,2024-10-14,0
CUST103357,48,Male,Salaried,1031000,604,1619000,120,28456,0.33,Coimbatore,Personal,2025-07-11,1
CUST103358,25,Female,Self-Employed,965000,664,1084000,24,8030,0.1,Chennai,Business Expansion,2025-08-19,0
CUST103359,37,Male,Salaried,745000,346,1334000,24,19153,0.31,Madurai,Home,2025-04-10,0
CUST103360,57,Male,Self-Employed,403000,685,1061000,84,10231,0.3,Coimbatore,Home,2026-05-09,0
CUST103361,56,Male,Salaried,545000,540,120000,36,7264,0.16,Chennai,Education,2025-01-26,0
CUST103362,39,Male,Salaried,692000,620,1237000,48,7931,0.14,Pondicherry,Personal,2025-08-18,1
CUST103363,47,Male,Business,824000,717,310000,36,15078,0.22,Chennai,Business Expansion,2026-04-18,0
CUST103364,54,Male,Salaried,795000,511,745000,24,8724,0.13,Madurai,Personal,2025-04-14,0
CUST103365,31,Male,Business,861000,748,1718000,84,6716,0.09,Chennai,Personal,2025-11-09,0
CUST103366,32,Male,Business,1492000,638,1868000,36,41766,0.34,Trichy,Home,2026-06-20,1
CUST103367,41,Female,Self-Employed,615000,755,910000,48,10117,0.2,Madurai,Business Expansion,2025-10-30,0
CUST103368,31,Female,Salaried,512000,568,1484000,120,8178,0.19,Pondicherry,Home,2026-01-14,0
CUST103369,59,Male,Business,1169000,486,1489000,120,8556,0.09,Chennai,Personal,2025-07-21,0
CUST103370,48,Male,Self-Employed,1259000,622,1418000,120,21114,0.2,Chennai,Vehicle,2026-02-05,0
CUST103371,25,Female,Salaried,525000,702,283000,84,11937,0.27,Chennai,Personal,2024-12-22,0
CUST103372,37,Male,Salaried,636000,710,1955000,84,6593,0.12,Chennai,Business Expansion,2026-01-27,0
CUST103373,40,Male,Salaried,677000,547,1939000,12,9064,0.16,Chennai,Home,2026-03-24,0
CUST103374,61,Female,Business,1294000,503,1088000,48,11179,0.1,Madurai,Vehicle,2026-03-18,0
CUST103375,32,Female,Business,1134000,621,666000,12,14791,0.16,Madurai,Personal,2025-11-26,0
CUST103376,26,Male,Business,993000,696,1427000,120,25518,0.31,Pondicherry,Home,2026-06-19,0
CUST103377,37,Male,Self-Employed,1207000,666,532000,24,12182,0.12,Coimbatore,Vehicle,2026-03-24,1
CUST103378,39,Male,Salaried,990000,791,1511000,120,4856,0.06,Madurai,Personal,2025-06-07,0
CUST103379,46,Male,Salaried,502000,616,1093000,60,8821,0.21,Salem,Personal,2026-05-30,0
CUST103380,64,Male,Salaried,792000,483,809000,36,14773,0.22,Madurai,Education,2026-07-14,0
CUST103381,64,Male,Salaried,627000,757,521000,60,7768,0.15,Madurai,Personal,2026-07-23,0
CUST103382,52,Male,Salaried,928000,667,211000,48,18751,0.24,Salem,Business Expansion,2026-05-25,0
CUST103383,26,Female,Business,499000,675,688000,12,2551,0.06,Salem,Business Expansion,2025-10-19,0
CUST103384,56,Female,Business,529000,719,1107000,48,6708,0.15,Coimbatore,Vehicle,2024-11-04,0
CUST103385,58,Female,Salaried,1048000,763,1188000,48,8154,0.09,Trichy,Business Expansion,2025-07-10,0
CUST103386,31,Female,Self-Employed,534000,622,1503000,24,5292,0.12,Madurai,Home,2026-07-16,0
CUST103387,53,Male,Self-Employed,1274000,730,780000,48,17492,0.16,Trichy,Business Expansion,2025-04-01,0
CUST103388,44,Female,Salaried,603000,699,803000,36,9950,0.2,Salem,Personal,2026-04-29,0
CUST103389,43,Female,Self-Employed,304000,565,1094000,24,1974,0.08,Coimbatore,Business Expansion,2026-01-20,1
CUST103390,35,Male,Salaried,780000,629,786000,60,5225,0.08,Pondicherry,Personal,2025-08-30,1
CUST103391,47,Female,Business,1665000,705,216000,48,34994,0.25,Trichy,Business Expansion,2025-05-03,0
CUST103392,31,Female,Self-Employed,519000,561,1369000,60,7406,0.17,Chennai,Business Expansion,2026-06-05,0
CUST103393,37,Female,Self-Employed,1269000,704,221000,36,10887,0.1,Pondicherry,Vehicle,2024-11-08,1
CUST103394,34,Male,Salaried,422000,664,1237000,36,4236,0.12,Coimbatore,Personal,2025-12-29,0
CUST103395,47,Female,Salaried,723000,684,872000,36,16027,0.27,Chennai,Business Expansion,2026-07-26,0
CUST103396,38,Female,Salaried,555000,779,1290000,120,3030,0.07,Salem,Home,2024-10-29,0
CUST103397,48,Male,Self-Employed,384000,657,248000,60,6483,0.2,Coimbatore,Home,2026-05-16,1
CUST103398,24,Male,Business,1021000,656,99000,60,13451,0.16,Madurai,Personal,2025-09-01,0
CUST103399,27,Male,Salaried,733000,642,1571000,12,17918,0.29,Pondicherry,Personal,2026-03-25,0
CUST103400,55,Female,Self-Employed,1336000,612,1515000,24,31956,0.29,Salem,Home,2024-09-10,0
CUST103401,29,Male,Salaried,645000,678,379000,84,13800,0.26,Pondicherry,Personal,2026-03-26,0
CUST103402,28,Male,Salaried,749000,772,1403000,48,10325,0.17,Madurai,Home,2025-10-15,0
CUST103403,37,Male,Self-Employed,1330000,569,343000,24,26530,0.24,Madurai,Home,2025-11-14,0
CUST103404,37,Male,Self-Employed,504000,563,329000,36,10162,0.24,Chennai,Home,2026-01-16,0
CUST103405,53,Female,Salaried,1050000,765,413000,48,13095,0.15,Coimbatore,Personal,2026-05-12,0
CUST103406,52,Male,Salaried,456000,599,620000,12,11931,0.31,Salem,Home,2024-09-19,0
CUST103407,28,Female,Salaried,833000,669,1246000,24,23980,0.35,Trichy,Vehicle,2026-04-04,0
CUST103408,39,Female,Salaried,491000,596,203000,36,5905,0.14,Chennai,Home,2025-04-29,0
CUST103409,58,Female,Business,1520000,498,1807000,48,36779,0.29,Chennai,Education,2025-11-26,1
CUST103410,23,Male,Self-Employed,544000,642,1804000,120,9079,0.2,Salem,Personal,2025-12-09,0
CUST103411,25,Male,Salaried,608000,750,1565000,48,9580,0.19,Pondicherry,Home,2025-11-14,1
CUST103412,33,Male,Salaried,885000,644,1668000,36,12240,0.17,Madurai,Home,2025-06-19,0
CUST103413,51,Male,Business,798000,516,1042000,60,9150,0.14,Madurai,Vehicle,2025-02-09,0
CUST103414,36,Male,Self-Employed,1106000,634,1340000,120,30032,0.33,Chennai,Home,2025-12-21,1
CUST103415,52,Female,Self-Employed,1025000,556,995000,24,23254,0.27,Pondicherry,Education,2025-05-16,0
CUST103416,42,Male,Salaried,511000,414,1713000,120,7759,0.18,Madurai,Personal,2024-12-16,1
CUST103417,49,Male,Business,522000,642,747000,48,11982,0.28,Trichy,Personal,2025-10-25,0
CUST103418,42,Male,Salaried,509000,696,1959000,60,11265,0.27,Coimbatore,Education,2025-06-07,0
CUST103419,63,Male,Self-Employed,898000,730,1491000,12,9743,0.13,Coimbatore,Personal,2026-02-08,0
CUST103420,23,Female,Business,1612000,808,1815000,48,13814,0.1,Chennai,Education,2025-02-03,1
CUST103421,30,Male,Salaried,567000,708,321000,48,14217,0.3,Salem,Education,2025-05-14,0
CUST103422,62,Male,Salaried,914000,734,492000,120,22348,0.29,Salem,Education,2025-11-12,0
CUST103423,41,Female,Salaried,1051000,534,562000,12,30571,0.35,Pondicherry,Business Expansion,2025-11-15,0
CUST103424,36,Male,Salaried,823000,795,858000,12,3827,0.06,Salem,Home,2026-04-27,0
CUST103425,32,Male,Salaried,1000000,764,461000,84,17676,0.21,Trichy,Personal,2024-10-27,0
CUST103426,22,Male,Business,881000,616,1088000,84,19117,0.26,Chennai,Personal,2025-10-10,0
CUST103427,61,Male,Salaried,489000,711,129000,48,9159,0.22,Pondicherry,Education,2024-12-16,0
CUST103428,44,Male,Self-Employed,692000,677,735000,36,15173,0.26,Coimbatore,Personal,2026-05-03,0
CUST103429,55,Male,Business,734000,782,593000,12,5577,0.09,Coimbatore,Home,2025-07-30,0
CUST103430,50,Female,Business,472000,636,1624000,60,1984,0.05,Chennai,Business Expansion,2024-11-25,0
CUST103431,50,Male,Salaried,658000,582,1778000,12,4272,0.08,Coimbatore,Personal,2025-11-05,0
CUST103432,55,Female,Salaried,976000,605,1313000,48,13340,0.16,Trichy,Vehicle,2024-10-02,0
CUST103433,39,Female,Salaried,686000,730,1658000,48,8499,0.15,Chennai,Education,2024-10-13,0
CUST103434,28,Male,Salaried,640000,477,1678000,24,16650,0.31,Chennai,Vehicle,2025-11-17,0
CUST103435,46,Male,Self-Employed,1204000,355,138000,60,7530,0.08,Trichy,Vehicle,2025-08-17,0
CUST103436,60,Male,Salaried,855000,730,1020000,24,13025,0.18,Pondicherry,Vehicle,2024-08-20,0
CUST103437,27,Female,Salaried,1004000,674,303000,12,28224,0.34,Madurai,Vehicle,2024-08-29,0
CUST103438,50,Female,Salaried,1007000,651,795000,24,16856,0.2,Chennai,Home,2025-01-09,0
CUST103439,27,Female,Self-Employed,456000,507,188000,48,3409,0.09,Coimbatore,Personal,2026-07-07,0
CUST103440,23,Male,Salaried,1020000,496,759000,120,11677,0.14,Pondicherry,Home,2026-07-07,0
CUST103441,21,Female,Salaried,692000,592,1363000,36,13726,0.24,Trichy,Vehicle,2026-05-04,0
CUST103442,56,Male,Salaried,987000,682,355000,12,4408,0.05,Chennai,Vehicle,2025-05-01,0
CUST103443,45,Male,Self-Employed,1100000,572,221000,48,31206,0.34,Salem,Personal,2026-07-22,0
CUST103444,57,Male,Self-Employed,424000,706,575000,12,7776,0.22,Chennai,Personal,2025-05-13,0
CUST103445,21,Male,Salaried,955000,564,377000,24,20790,0.26,Chennai,Personal,2025-04-21,1
CUST103446,35,Male,Business,766000,603,202000,24,12746,0.2,Coimbatore,Home,2026-06-13,0
CUST103447,57,Female,Salaried,827000,713,757000,84,23250,0.34,Coimbatore,Home,2026-05-31,0
CUST103448,33,Female,Salaried,1035000,616,1251000,12,19558,0.23,Salem,Business Expansion,2024-09-20,0
CUST103449,60,Female,Salaried,797000,620,656000,84,16510,0.25,Chennai,Business Expansion,2024-11-28,1
CUST103450,28,Male,Salaried,484000,592,902000,12,12432,0.31,Coimbatore,Personal,2025-09-12,0
CUST103451,25,Female,Self-Employed,931000,550,1822000,24,23931,0.31,Coimbatore,Vehicle,2025-11-09,0
CUST103452,29,Male,Salaried,986000,681,1489000,12,4802,0.06,Madurai,Personal,2026-05-12,0
CUST103453,21,Male,Self-Employed,697000,668,360000,84,7840,0.13,Chennai,Business Expansion,2026-05-18,1
CUST103454,56,Male,Salaried,926000,670,639000,24,9560,0.12,Chennai,Personal,2026-04-25,1
CUST103455,55,Male,Business,962000,594,1317000,84,4168,0.05,Chennai,Education,2026-02-13,0
CUST103456,22,Male,Self-Employed,447000,606,781000,12,11660,0.31,Madurai,Personal,2026-02-04,0
CUST103457,60,Male,Self-Employed,327000,768,458000,120,3955,0.15,Pondicherry,Personal,2026-02-17,0
CUST103458,43,Male,Self-Employed,756000,497,1293000,36,9707,0.15,Trichy,Vehicle,2025-06-12,1
CUST103459,29,Female,Business,1700000,819,768000,12,11317,0.08,Madurai,Personal,2025-06-21,1
CUST103460,54,Male,Business,436000,658,1509000,12,12604,0.35,Coimbatore,Vehicle,2024-08-23,1
CUST103461,34,Female,Salaried,1029000,633,233000,120,25542,0.3,Pondicherry,Personal,2025-03-11,0
CUST103462,24,Female,Salaried,511000,735,676000,48,9434,0.22,Coimbatore,Personal,2026-03-29,0
CUST103463,50,Male,Salaried,819000,463,1197000,36,19217,0.28,Chennai,Vehicle,2024-09-08,0
CUST103464,51,Female,Salaried,462000,774,287000,24,10900,0.28,Madurai,Personal,2025-04-20,0
CUST103465,58,Male,Salaried,924000,817,1693000,24,19020,0.25,Trichy,Home,2025-08-20,1
CUST103466,31,Female,Salaried,901000,747,455000,60,7673,0.1,Coimbatore,Business Expansion,2026-06-27,0
CUST103467,55,Female,Business,670000,460,1632000,36,14856,0.27,Chennai,Education,2025-09-15,1
CUST103468,28,Female,Salaried,672000,718,1271000,36,12369,0.22,Chennai,Vehicle,2026-07-06,0
CUST103469,23,Female,Business,998000,798,612000,12,22223,0.27,Pondicherry,Business Expansion,2026-03-05,0
CUST103470,34,Female,Salaried,470000,788,1779000,48,8343,0.21,Chennai,Education,2025-11-11,0
CUST103471,33,Female,Self-Employed,1157000,498,631000,120,32482,0.34,Madurai,Vehicle,2026-06-10,0
CUST103472,52,Male,Salaried,936000,741,1960000,24,18572,0.24,Chennai,Education,2024-11-16,1
CUST103473,54,Male,Self-Employed,1036000,786,136000,120,19174,0.22,Chennai,Personal,2025-02-03,0
CUST103474,39,Male,Salaried,1072000,652,1148000,120,27053,0.3,Chennai,Vehicle,2025-04-15,0
CUST103475,58,Male,Salaried,799000,519,1778000,24,10904,0.16,Chennai,Home,2025-07-18,1
CUST103476,36,Male,Business,555000,724,1805000,120,6694,0.14,Chennai,Business Expansion,2025-12-20,0
CUST103477,22,Female,Salaried,715000,744,839000,48,11973,0.2,Trichy,Business Expansion,2025-05-03,0
CUST103478,60,Male,Salaried,710000,637,1406000,84,13332,0.23,Madurai,Personal,2025-11-27,1
CUST103479,37,Female,Salaried,737000,542,794000,48,7133,0.12,Pondicherry,Vehicle,2025-05-10,0
CUST103480,54,Female,Business,1270000,738,1504000,84,26954,0.25,Chennai,Business Expansion,2026-03-19,0
CUST103481,62,Male,Salaried,425000,580,419000,84,10296,0.29,Pondicherry,Business Expansion,2026-06-26,0
CUST103482,36,Female,Self-Employed,1311000,660,1813000,36,24384,0.22,Salem,Home,2025-06-15,0
CUST103483,58,Male,Salaried,594000,790,1991000,84,10241,0.21,Chennai,Business Expansion,2026-07-26,0
CUST103484,22,Female,Salaried,941000,500,949000,48,10852,0.14,Salem,Home,2026-02-06,0
CUST103485,22,Male,Business,1008000,731,93000,48,27121,0.32,Chennai,Vehicle,2025-11-11,1
CUST103486,46,Male,Salaried,1023000,631,1370000,12,23558,0.28,Trichy,Personal,2026-05-07,1
CUST103487,33,Male,Self-Employed,950000,608,1840000,36,15365,0.19,Chennai,Home,2025-08-10,0
CUST103488,51,Male,Salaried,707000,696,515000,84,14595,0.25,Madurai,Home,2026-07-17,0
CUST103489,54,Male,Salaried,995000,580,1323000,60,12525,0.15,Madurai,Personal,2026-04-16,0
CUST103490,59,Male,Salaried,679000,544,1495000,60,3844,0.07,Coimbatore,Vehicle,2025-02-05,0
CUST103491,23,Male,Self-Employed,561000,464,962000,24,5197,0.11,Trichy,Home,2025-02-06,0
CUST103492,28,Female,Self-Employed,899000,735,522000,48,5532,0.07,Madurai,Business Expansion,2024-10-13,0
CUST103493,43,Female,Self-Employed,978000,591,1346000,12,16499,0.2,Madurai,Education,2025-12-14,0
CUST103494,34,Male,Salaried,911000,701,1038000,48,17963,0.24,Salem,Business Expansion,2026-07-04,0
CUST103495,47,Female,Salaried,971000,606,222000,24,13281,0.16,Salem,Personal,2024-12-28,1
CUST103496,49,Female,Salaried,755000,545,285000,48,13152,0.21,Salem,Vehicle,2024-10-31,0
CUST103497,59,Female,Self-Employed,1218000,683,1119000,60,7676,0.08,Pondicherry,Home,2026-05-14,1
CUST103498,59,Male,Business,386000,679,1465000,36,9038,0.28,Chennai,Home,2026-04-07,0
CUST103499,21,Male,Salaried,535000,628,1806000,48,2667,0.06,Coimbatore,Business Expansion,2026-07-15,0
CUST103500,37,Male,Salaried,557000,677,1728000,84,11155,0.24,Chennai,Home,2025-03-28,0
CUST103501,61,Male,Salaried,1070000,563,282000,60,16050,0.18,Salem,Education,2024-09-30,0
CUST103502,50,Female,Business,1169000,745,466000,60,10242,0.11,Chennai,Home,2026-04-03,0
CUST103503,33,Male,Business,363000,766,315000,24,6259,0.21,Coimbatore,Home,2025-03-24,0
CUST103504,41,Female,Salaried,672000,718,239000,36,15919,0.28,Chennai,Home,2025-03-20,0
CUST103505,39,Male,Salaried,732000,616,1256000,24,10617,0.17,Chennai,Business Expansion,2025-03-17,0
CUST103506,39,Female,Salaried,835000,655,1899000,12,11155,0.16,Chennai,Personal,2025-06-04,0
CUST103507,45,Male,Self-Employed,1233000,766,406000,84,9528,0.09,Trichy,Home,2026-02-09,0
CUST103508,42,Female,Self-Employed,546000,740,1776000,36,10390,0.23,Chennai,Vehicle,2024-09-25,0
CUST103509,51,Female,Salaried,607000,829,188000,12,15094,0.3,Madurai,Education,2025-05-12,0
CUST103510,37,Female,Business,1308000,579,596000,120,23805,0.22,Pondicherry,Vehicle,2025-03-06,0
CUST103511,43,Male,Salaried,992000,571,1578000,36,8227,0.1,Pondicherry,Home,2025-06-25,1
CUST103512,52,Male,Salaried,786000,662,1555000,60,16268,0.25,Chennai,Home,2025-01-26,0
CUST103513,30,Female,Self-Employed,1154000,661,1425000,120,5677,0.06,Salem,Business Expansion,2024-12-05,1
CUST103514,30,Male,Salaried,558000,637,1415000,12,14015,0.3,Pondicherry,Vehicle,2025-03-23,0
CUST103515,56,Male,Business,1668000,614,1717000,36,45376,0.33,Chennai,Education,2025-03-13,0
CUST103516,28,Male,Salaried,1015000,764,934000,36,19378,0.23,Trichy,Personal,2025-06-27,0
CUST103517,40,Male,Salaried,1035000,641,1907000,12,27128,0.31,Trichy,Home,2024-08-29,0
CUST103518,52,Male,Self-Employed,758000,515,122000,120,4759,0.08,Madurai,Personal,2025-02-03,1
CUST103519,34,Male,Salaried,900000,551,212000,120,8887,0.12,Chennai,Vehicle,2026-07-25,1
CUST103520,48,Male,Salaried,880000,672,1879000,36,10646,0.15,Madurai,Personal,2024-12-27,0
CUST103521,44,Male,Business,776000,900,272000,24,18232,0.28,Pondicherry,Education,2024-08-04,0
CUST103522,35,Female,Salaried,940000,562,234000,120,15296,0.2,Chennai,Personal,2025-05-19,0
CUST103523,42,Male,Salaried,763000,621,144000,24,9823,0.15,Trichy,Personal,2026-06-14,1
CUST103524,50,Male,Business,1128000,866,1874000,12,9157,0.1,Coimbatore,Home,2024-10-22,0
CUST103525,24,Female,Salaried,563000,606,733000,60,13755,0.29,Madurai,Home,2025-01-01,0
CUST103526,33,Female,Salaried,906000,690,1382000,48,4239,0.06,Coimbatore,Vehicle,2025-11-19,0
CUST103527,43,Female,Self-Employed,704000,793,1025000,12,8869,0.15,Coimbatore,Vehicle,2026-06-12,0
CUST103528,28,Female,Salaried,1005000,564,1221000,84,10287,0.12,Pondicherry,Home,2025-06-27,0
CUST103529,38,Male,Business,832000,622,1392000,12,6150,0.09,Pondicherry,Home,2025-07-15,0
CUST103530,32,Female,Salaried,882000,606,1252000,12,7468,0.1,Coimbatore,Vehicle,2025-06-02,0
CUST103531,51,Male,Self-Employed,723000,488,1955000,120,11937,0.2,Coimbatore,Business Expansion,2025-11-11,1
CUST103532,34,Female,Salaried,818000,791,703000,84,12121,0.18,Trichy,Personal,2026-07-29,0
CUST103533,54,Male,Salaried,541000,597,1364000,84,9265,0.21,Pondicherry,Vehicle,2026-06-18,0
CUST103534,38,Female,Self-Employed,588000,546,1695000,84,13146,0.27,Trichy,Home,2024-11-21,1
CUST103535,54,Male,Salaried,764000,610,546000,12,20226,0.32,Madurai,Vehicle,2025-01-16,0
CUST103536,31,Male,Self-Employed,988000,708,1374000,24,7042,0.09,Salem,Vehicle,2025-04-26,0
CUST103537,61,Female,Salaried,763000,660,1234000,12,4756,0.07,Pondicherry,Home,2026-06-29,0
CUST103538,32,Male,Self-Employed,1105000,553,110000,60,13453,0.15,Chennai,Vehicle,2025-07-03,0
CUST103539,35,Male,Salaried,528000,686,910000,48,9411,0.21,Madurai,Personal,2025-02-02,0
CUST103540,51,Male,Self-Employed,325000,698,121000,48,2165,0.08,Coimbatore,Home,2025-07-24,1
CUST103541,49,Male,Self-Employed,340000,622,1510000,60,7502,0.26,Pondicherry,Personal,2025-06-18,0
CUST103542,46,Male,Salaried,541000,628,531000,12,9775,0.22,Chennai,Personal,2025-04-11,1
CUST103543,38,Female,Salaried,803000,741,164000,120,18371,0.27,Coimbatore,Business Expansion,2025-01-08,0
CUST103544,52,Male,Salaried,835000,633,1279000,48,10950,0.16,Coimbatore,Home,2025-10-27,1
CUST103545,42,Male,Salaried,920000,794,1407000,24,13058,0.17,Chennai,Business Expansion,2024-08-27,0
CUST103546,58,Male,Self-Employed,584000,556,1379000,48,14223,0.29,Coimbatore,Home,2025-06-02,1
CUST103547,37,Female,Salaried,576000,579,960000,84,6244,0.13,Trichy,Home,2026-02-22,0
CUST103548,43,Female,Business,1009000,568,603000,60,13825,0.16,Coimbatore,Personal,2025-07-22,1
CUST103549,44,Female,Salaried,948000,628,1955000,48,4269,0.05,Madurai,Personal,2026-03-13,0
CUST103550,28,Female,Business,840000,650,1605000,60,15161,0.22,Madurai,Education,2025-11-06,0
CUST103551,61,Female,Salaried,466000,530,1677000,12,11861,0.31,Madurai,Vehicle,2025-01-02,0
CUST103552,26,Female,Business,1057000,658,1653000,120,5141,0.06,Madurai,Personal,2026-06-30,0
CUST103553,25,Female,Salaried,493000,700,1208000,48,9619,0.23,Chennai,Education,2026-06-27,0
CUST103554,64,Male,Salaried,458000,518,1651000,60,11588,0.3,Chennai,Personal,2025-12-15,0
CUST103555,49,Female,Business,1460000,603,1914000,24,24111,0.2,Pondicherry,Home,2025-06-24,1
CUST103556,48,Male,Salaried,956000,701,1224000,24,11464,0.14,Madurai,Personal,2025-11-12,0
CUST103557,31,Female,Salaried,539000,551,597000,36,15674,0.35,Trichy,Education,2026-06-05,1
CUST103558,21,Female,Self-Employed,759000,596,189000,48,4392,0.07,Madurai,Vehicle,2025-06-01,0
CUST103559,63,Female,Self-Employed,876000,722,456000,12,8258,0.11,Chennai,Vehicle,2026-07-29,0
CUST103560,39,Female,Salaried,843000,811,1808000,84,22169,0.32,Pondicherry,Vehicle,2026-05-19,0
CUST103561,29,Male,Salaried,547000,689,539000,36,6344,0.14,Chennai,Vehicle,2025-08-13,0
CUST103562,47,Male,Self-Employed,955000,609,1980000,48,23553,0.3,Salem,Business Expansion,2025-04-06,0
CUST103563,54,Male,Salaried,761000,604,946000,24,9509,0.15,Chennai,Home,2025-08-07,0
CUST103564,64,Female,Business,611000,731,254000,120,14948,0.29,Madurai,Home,2025-06-22,0
CUST103565,24,Female,Self-Employed,523000,727,344000,12,11145,0.26,Chennai,Personal,2025-11-10,0
CUST103566,56,Female,Self-Employed,1201000,520,910000,24,19071,0.19,Pondicherry,Business Expansion,2024-08-01,0
CUST103567,38,Female,Salaried,944000,731,631000,48,16274,0.21,Salem,Vehicle,2026-06-09,0
CUST103568,35,Female,Business,447000,595,720000,84,3847,0.1,Chennai,Vehicle,2026-01-20,0
CUST103569,33,Female,Salaried,731000,572,954000,12,5163,0.08,Chennai,Home,2025-02-13,0
CUST103570,39,Female,Business,623000,636,1257000,12,13762,0.27,Chennai,Home,2026-07-09,0
CUST103571,26,Female,Salaried,815000,739,67000,36,20685,0.3,Pondicherry,Business Expansion,2025-05-08,1
CUST103572,32,Female,Self-Employed,1068000,652,1456000,12,23726,0.27,Coimbatore,Home,2026-04-20,0
CUST103573,57,Male,Self-Employed,829000,650,1644000,48,22373,0.32,Madurai,Vehicle,2025-12-10,0
CUST103574,37,Female,Salaried,583000,681,1908000,84,15402,0.32,Chennai,Home,2024-09-27,0
CUST103575,43,Male,Salaried,1053000,692,785000,84,24873,0.28,Trichy,Vehicle,2025-10-03,0
CUST103576,46,Male,Salaried,629000,639,670000,60,16743,0.32,Madurai,Vehicle,2024-08-22,0
CUST103577,49,Female,Salaried,428000,706,692000,60,3572,0.1,Trichy,Business Expansion,2025-10-06,0
CUST103578,53,Male,Salaried,510000,590,591000,12,11449,0.27,Pondicherry,Personal,2025-04-26,0
CUST103579,47,Female,Salaried,961000,708,1581000,60,22111,0.28,Chennai,Vehicle,2026-04-01,0
CUST103580,45,Male,Self-Employed,385000,702,1265000,84,3086,0.1,Madurai,Personal,2025-09-13,1
CUST103581,30,Male,Self-Employed,1191000,687,247000,48,32045,0.32,Trichy,Education,2026-01-04,0
CUST103582,43,Male,Salaried,1021000,717,1315000,36,4478,0.05,Madurai,Personal,2025-05-01,0
CUST103583,41,Male,Self-Employed,601000,666,140000,24,9034,0.18,Chennai,Home,2024-09-24,0
CUST103584,41,Male,Business,1334000,755,1075000,24,6274,0.06,Pondicherry,Vehicle,2026-02-19,0
CUST103585,63,Male,Salaried,420000,445,837000,48,7245,0.21,Salem,Personal,2026-02-12,1
CUST103586,33,Male,Salaried,541000,726,1026000,36,7828,0.17,Salem,Business Expansion,2025-09-14,1
CUST103587,57,Male,Salaried,902000,827,658000,48,17808,0.24,Pondicherry,Home,2025-08-04,0
CUST103588,53,Male,Self-Employed,550000,569,514000,12,12830,0.28,Coimbatore,Home,2025-12-03,0
CUST103589,44,Female,Self-Employed,307000,558,1358000,36,7177,0.28,Coimbatore,Education,2024-11-24,0
CUST103590,64,Male,Self-Employed,1175000,740,826000,84,26111,0.27,Chennai,Education,2025-06-26,0
CUST103591,31,Female,Salaried,683000,566,1077000,60,4585,0.08,Coimbatore,Personal,2024-10-23,0
CUST103592,37,Female,Business,475000,589,1311000,12,6936,0.18,Chennai,Home,2025-05-21,1
CUST103593,24,Male,Salaried,490000,665,601000,60,12037,0.29,Chennai,Personal,2024-12-09,0
CUST103594,45,Female,Salaried,426000,578,1512000,12,8743,0.25,Pondicherry,Home,2025-11-10,0
CUST103595,50,Female,Salaried,718000,728,958000,12,15216,0.25,Salem,Personal,2025-11-08,0
CUST103596,29,Female,Salaried,1015000,578,1463000,12,9987,0.12,Salem,Personal,2024-11-16,0
CUST103597,41,Male,Self-Employed,1248000,657,1402000,120,15341,0.15,Chennai,Business Expansion,2026-02-16,0
CUST103598,40,Female,Self-Employed,1243000,650,1867000,12,34881,0.34,Salem,Home,2025-10-02,0
CUST103599,39,Female,Business,547000,799,290000,120,13860,0.3,Chennai,Vehicle,2025-08-18,1
CUST103600,39,Male,Salaried,687000,754,1688000,36,5695,0.1,Madurai,Vehicle,2026-01-22,0
CUST103601,32,Male,Business,526000,602,858000,36,9354,0.21,Trichy,Vehicle,2025-07-13,0
CUST103602,57,Male,Self-Employed,1112000,511,1568000,12,18269,0.2,Coimbatore,Personal,2025-01-07,1
CUST103603,62,Female,Salaried,480000,725,1883000,48,7323,0.18,Salem,Vehicle,2025-03-18,0
CUST103604,37,Male,Business,1015000,591,945000,12,16170,0.19,Coimbatore,Business Expansion,2025-02-20,0
CUST103605,57,Female,Self-Employed,1387000,594,1057000,12,28071,0.24,Madurai,Business Expansion,2026-01-14,0
CUST103606,59,Male,Salaried,704000,554,1134000,48,19955,0.34,Chennai,Home,2025-08-25,0
CUST103607,48,Female,Business,559000,711,1135000,48,14561,0.31,Pondicherry,Home,2024-08-03,0
CUST103608,61,Male,Self-Employed,832000,566,1811000,12,21669,0.31,Coimbatore,Business Expansion,2025-06-25,0
CUST103609,55,Male,Self-Employed,730000,621,816000,24,15878,0.26,Trichy,Vehicle,2024-09-02,0
CUST103610,38,Female,Business,1331000,648,1838000,24,6131,0.06,Trichy,Education,2025-08-31,0
CUST103611,34,Male,Salaried,638000,666,1525000,48,9683,0.18,Trichy,Personal,2026-07-03,0
CUST103612,55,Male,Self-Employed,956000,684,1350000,12,16199,0.2,Madurai,Home,2025-05-09,0
CUST103613,64,Male,Self-Employed,756000,603,1232000,84,19073,0.3,Chennai,Personal,2025-08-05,1
CUST103614,61,Male,Salaried,902000,583,1312000,60,24568,0.33,Madurai,Personal,2025-01-23,0
CUST103615,27,Female,Salaried,636000,482,92000,60,9829,0.19,Salem,Personal,2026-03-09,0
CUST103616,61,Female,Self-Employed,1412000,634,1990000,12,16489,0.14,Pondicherry,Business Expansion,2026-02-07,0
CUST103617,33,Male,Salaried,903000,635,924000,12,11378,0.15,Chennai,Vehicle,2024-12-17,0
CUST103618,38,Male,Self-Employed,488000,561,462000,12,9093,0.22,Chennai,Home,2025-10-27,1
CUST103619,57,Male,Business,419000,655,1512000,60,4626,0.13,Madurai,Vehicle,2025-05-07,1
CUST103620,33,Female,Salaried,873000,727,1387000,60,23514,0.32,Pondicherry,Vehicle,2025-03-15,1
CUST103621,56,Male,Salaried,521000,750,1225000,48,7623,0.18,Coimbatore,Vehicle,2026-03-27,0
CUST103622,51,Male,Salaried,821000,511,1886000,36,23741,0.35,Trichy,Vehicle,2025-07-16,1
CUST103623,22,Male,Self-Employed,1035000,592,1153000,48,7146,0.08,Salem,Vehicle,2026-01-13,1
CUST103624,36,Female,Business,1643000,736,1210000,48,14562,0.11,Coimbatore,Personal,2026-07-11,0
CUST103625,29,Male,Salaried,619000,793,1798000,120,10496,0.2,Chennai,Vehicle,2025-06-08,1
CUST103626,29,Female,Salaried,788000,576,1523000,24,20388,0.31,Salem,Vehicle,2025-06-01,1
CUST103627,58,Male,Self-Employed,1314000,749,1459000,84,17102,0.16,Coimbatore,Home,2026-04-23,0
CUST103628,31,Male,Self-Employed,814000,503,1750000,48,20434,0.3,Coimbatore,Personal,2024-11-17,1
CUST103629,42,Male,Salaried,909000,753,432000,48,13455,0.18,Coimbatore,Personal,2026-07-24,0
CUST103630,53,Male,Self-Employed,1002000,599,214000,48,25542,0.31,Coimbatore,Home,2025-12-12,0
CUST103631,56,Male,Salaried,1002000,790,758000,120,11124,0.13,Trichy,Business Expansion,2024-09-26,0
CUST103632,43,Male,Self-Employed,634000,583,351000,120,10121,0.19,Coimbatore,Personal,2024-11-03,0
CUST103633,54,Male,Salaried,698000,622,823000,48,7772,0.13,Coimbatore,Home,2026-04-26,1
CUST103634,29,Male,Salaried,849000,637,1121000,36,8105,0.11,Trichy,Personal,2025-12-05,0
CUST103635,44,Male,Business,1012000,511,1200000,24,14871,0.18,Chennai,Home,2025-04-11,0
CUST103636,28,Female,Salaried,672000,491,417000,60,8423,0.15,Chennai,Vehicle,2024-12-23,0
CUST103637,27,Male,Salaried,1070000,695,697000,84,25514,0.29,Trichy,Vehicle,2025-10-20,0
CUST103638,56,Female,Business,1315000,738,1105000,12,30057,0.27,Pondicherry,Home,2026-06-03,1
CUST103639,38,Male,Self-Employed,310000,679,556000,60,4070,0.16,Chennai,Education,2025-01-15,0
CUST103640,23,Male,Salaried,952000,537,662000,24,27582,0.35,Chennai,Home,2024-12-17,0
CUST103641,48,Male,Self-Employed,1370000,668,126000,48,39062,0.34,Trichy,Vehicle,2025-08-13,0
CUST103642,26,Male,Business,1155000,560,756000,60,31314,0.33,Madurai,Business Expansion,2025-04-26,0
CUST103643,64,Male,Self-Employed,1369000,661,1274000,48,25777,0.23,Coimbatore,Personal,2025-07-03,1
CUST103644,64,Male,Salaried,657000,751,117000,84,9509,0.17,Chennai,Education,2024-08-28,0
CUST103645,41,Female,Self-Employed,558000,658,1101000,36,6691,0.14,Chennai,Business Expansion,2025-11-09,0
CUST103646,48,Male,Self-Employed,1106000,757,985000,36,5023,0.05,Pondicherry,Education,2025-01-03,1
CUST103647,60,Male,Business,1050000,636,449000,84,20959,0.24,Coimbatore,Personal,2025-10-13,1
CUST103648,21,Male,Salaried,988000,630,106000,84,17779,0.22,Pondicherry,Personal,2024-08-16,0
CUST103649,56,Male,Self-Employed,1135000,631,1276000,24,22601,0.24,Madurai,Business Expansion,2025-01-15,1
CUST103650,41,Female,Salaried,875000,529,616000,84,16244,0.22,Madurai,Education,2025-03-19,0
CUST103651,63,Male,Self-Employed,913000,588,1156000,60,6947,0.09,Salem,Education,2026-03-26,0
CUST103652,55,Male,Business,488000,621,667000,36,10516,0.26,Chennai,Business Expansion,2025-03-20,0
CUST103653,33,Male,Salaried,1030000,624,1324000,84,13572,0.16,Madurai,Vehicle,2025-07-19,0
CUST103654,30,Male,Salaried,987000,674,391000,24,16852,0.2,Chennai,Home,2025-12-27,0
CUST103655,64,Female,Self-Employed,350000,491,472000,120,4657,0.16,Coimbatore,Personal,2025-02-21,1
CUST103656,30,Female,Self-Employed,1387000,521,1917000,24,6542,0.06,Chennai,Home,2025-04-15,1
CUST103657,33,Male,Salaried,1039000,751,488000,120,27097,0.31,Chennai,Home,2025-08-19,1
CUST103658,57,Male,Self-Employed,1224000,444,463000,120,9651,0.09,Salem,Home,2025-07-23,1
CUST103659,58,Female,Business,1601000,705,921000,24,29972,0.22,Madurai,Home,2025-06-21,0
CUST103660,44,Male,Self-Employed,804000,591,182000,60,21100,0.31,Pondicherry,Home,2024-10-09,1
CUST103661,22,Male,Self-Employed,420000,639,1942000,84,4073,0.12,Coimbatore,Education,2026-02-13,0
CUST103662,42,Female,Salaried,945000,790,478000,60,13671,0.17,Madurai,Personal,2025-01-23,0
CUST103663,37,Male,Business,946000,638,753000,24,12875,0.16,Chennai,Home,2025-12-24,0
CUST103664,56,Male,Salaried,891000,706,1617000,12,5699,0.08,Coimbatore,Vehicle,2024-12-30,0
CUST103665,34,Male,Salaried,758000,655,1683000,120,11183,0.18,Madurai,Business Expansion,2026-07-22,0
CUST103666,30,Female,Salaried,1058000,640,317000,120,17090,0.19,Chennai,Personal,2025-08-28,0
CUST103667,55,Male,Self-Employed,892000,604,156000,84,4309,0.06,Pondicherry,Home,2025-04-02,1
CUST103668,45,Female,Business,844000,713,115000,84,13816,0.2,Chennai,Home,2024-11-30,0
CUST103669,23,Female,Salaried,802000,584,1056000,60,5222,0.08,Coimbatore,Personal,2025-01-15,0
CUST103670,58,Male,Business,695000,548,1125000,60,18402,0.32,Madurai,Home,2024-12-08,1
CUST103671,37,Male,Business,903000,656,760000,12,18439,0.25,Salem,Vehicle,2026-03-08,1
CUST103672,32,Male,Self-Employed,359000,642,337000,60,2002,0.07,Chennai,Business Expansion,2026-05-21,0
CUST103673,44,Male,Self-Employed,866000,460,281000,60,21513,0.3,Madurai,Vehicle,2026-04-01,1
CUST103674,49,Female,Salaried,1025000,649,1236000,84,13536,0.16,Madurai,Personal,2024-08-19,0
CUST103675,63,Female,Salaried,692000,539,1314000,36,6786,0.12,Chennai,Home,2026-06-04,1
CUST103676,45,Male,Business,1078000,706,439000,12,11334,0.13,Trichy,Personal,2025-12-17,0
CUST103677,56,Female,Salaried,713000,487,1095000,120,13625,0.23,Chennai,Personal,2026-01-24,1
CUST103678,46,Male,Salaried,797000,823,778000,36,4945,0.07,Chennai,Vehicle,2024-11-25,0
CUST103679,58,Female,Self-Employed,554000,594,736000,84,3121,0.07,Chennai,Education,2025-02-06,0
CUST103680,21,Female,Business,1114000,572,958000,12,22117,0.24,Pondicherry,Home,2026-05-15,0
CUST103681,40,Male,Self-Employed,340000,599,1864000,12,9762,0.34,Chennai,Education,2024-08-03,0
CUST103682,48,Male,Salaried,995000,700,1566000,12,16171,0.2,Coimbatore,Education,2025-06-29,0
CUST103683,36,Female,Salaried,512000,730,1757000,60,7423,0.17,Chennai,Home,2025-07-06,1
CUST103684,37,Female,Self-Employed,1187000,600,570000,24,33053,0.33,Chennai,Home,2025-01-07,0
CUST103685,60,Male,Salaried,551000,520,411000,48,5615,0.12,Chennai,Personal,2025-09-19,0
CUST103686,48,Male,Salaried,843000,540,108000,24,8581,0.12,Madurai,Vehicle,2026-02-24,0
CUST103687,32,Male,Salaried,607000,675,534000,60,16264,0.32,Chennai,Home,2025-04-22,0
CUST103688,47,Male,Self-Employed,1060000,713,1702000,60,21560,0.24,Chennai,Home,2024-10-06,1
CUST103689,62,Male,Salaried,787000,750,1174000,120,4337,0.07,Pondicherry,Education,2024-11-03,0
CUST103690,50,Male,Salaried,636000,665,1830000,120,13366,0.25,Madurai,Home,2026-07-20,0
CUST103691,61,Male,Salaried,692000,737,847000,48,17069,0.3,Chennai,Personal,2026-03-03,0
CUST103692,54,Male,Salaried,496000,822,389000,60,5463,0.13,Coimbatore,Business Expansion,2025-03-29,0
CUST103693,57,Female,Salaried,648000,757,535000,12,8902,0.16,Chennai,Business Expansion,2024-08-17,0
CUST103694,26,Female,Salaried,488000,732,1885000,36,4444,0.11,Madurai,Personal,2025-09-19,0
CUST103695,27,Male,Self-Employed,799000,552,738000,36,15980,0.24,Coimbatore,Home,2025-03-09,1
CUST103696,52,Male,Salaried,789000,736,1089000,12,16388,0.25,Chennai,Vehicle,2026-07-16,0
CUST103697,52,Male,Salaried,635000,691,1571000,120,3733,0.07,Chennai,Business Expansion,2026-07-02,0
CUST103698,45,Male,Salaried,707000,708,170000,24,14924,0.25,Coimbatore,Education,2024-09-09,0
CUST103699,53,Female,Salaried,618000,763,1287000,36,12748,0.25,Pondicherry,Home,2024-12-09,1
CUST103700,27,Male,Salaried,760000,682,1815000,12,3834,0.06,Chennai,Vehicle,2026-06-21,0
CUST103701,32,Female,Salaried,774000,640,379000,24,13971,0.22,Chennai,Personal,2024-12-07,0
CUST103702,36,Male,Salaried,862000,553,133000,84,16822,0.23,Madurai,Education,2026-01-02,0
CUST103703,36,Female,Business,783000,623,1254000,36,11682,0.18,Madurai,Personal,2025-02-08,0
CUST103704,63,Male,Salaried,768000,669,794000,12,20505,0.32,Chennai,Personal,2025-09-29,0
CUST103705,56,Male,Business,1468000,674,435000,36,18167,0.15,Chennai,Home,2025-10-30,0
CUST103706,33,Male,Salaried,698000,671,372000,36,4080,0.07,Chennai,Personal,2025-03-13,0
CUST103707,27,Female,Salaried,713000,736,1627000,36,14946,0.25,Chennai,Personal,2026-07-31,0
CUST103708,56,Female,Self-Employed,968000,702,497000,48,18679,0.23,Coimbatore,Home,2025-12-27,0
CUST103709,29,Female,Salaried,740000,644,953000,24,21380,0.35,Chennai,Personal,2025-01-22,0
CUST103710,52,Female,Salaried,773000,573,122000,36,7690,0.12,Trichy,Personal,2025-06-12,0
CUST103711,31,Female,Business,899000,684,304000,120,12634,0.17,Salem,Business Expansion,2025-01-24,0
CUST103712,28,Male,Salaried,828000,852,909000,120,12996,0.19,Trichy,Home,2024-11-01,0
CUST103713,53,Male,Salaried,951000,678,966000,120,24444,0.31,Coimbatore,Business Expansion,2025-04-28,0
CUST103714,43,Female,Salaried,783000,623,1956000,12,11377,0.17,Trichy,Vehicle,2026-03-29,1
CUST103715,45,Female,Business,1649000,698,1072000,48,38702,0.28,Madurai,Home,2025-10-08,0
CUST103716,28,Female,Business,1656000,703,914000,60,13397,0.1,Pondicherry,Home,2025-11-03,0
CUST103717,42,Male,Salaried,1020000,702,1773000,60,14699,0.17,Madurai,Business Expansion,2025-12-27,0
CUST103718,24,Male,Salaried,1009000,773,1363000,24,8113,0.1,Trichy,Home,2024-12-02,0
CUST103719,60,Female,Business,1068000,684,1573000,12,29806,0.33,Chennai,Home,2026-07-26,0
CUST103720,23,Male,Salaried,737000,769,949000,120,6346,0.1,Coimbatore,Personal,2026-05-31,1
CUST103721,49,Male,Salaried,487000,670,1825000,48,7131,0.18,Coimbatore,Personal,2024-10-19,1
CUST103722,61,Female,Self-Employed,960000,761,1958000,120,5974,0.07,Chennai,Personal,2025-08-06,0
CUST103723,49,Female,Salaried,469000,758,1034000,12,12757,0.33,Coimbatore,Education,2024-11-03,0
CUST103724,54,Male,Self-Employed,602000,707,879000,48,11896,0.24,Madurai,Business Expansion,2025-02-05,0
CUST103725,54,Female,Business,1146000,721,657000,84,32349,0.34,Madurai,Business Expansion,2024-11-30,0
CUST103726,48,Female,Self-Employed,824000,832,637000,84,4304,0.06,Salem,Personal,2024-09-13,0
CUST103727,33,Female,Salaried,737000,746,51000,84,6294,0.1,Chennai,Education,2025-04-17,0
CUST103728,35,Female,Salaried,1043000,573,432000,48,14255,0.16,Chennai,Vehicle,2025-02-04,0
CUST103729,43,Male,Salaried,864000,672,739000,120,17021,0.24,Pondicherry,Business Expansion,2025-04-18,1
CUST103730,64,Male,Salaried,967000,626,1185000,60,11995,0.15,Salem,Personal,2026-02-08,0
CUST103731,46,Male,Salaried,596000,835,1958000,84,13090,0.26,Madurai,Home,2024-09-29,0
CUST103732,24,Male,Salaried,755000,762,253000,120,6262,0.1,Chennai,Business Expansion,2025-04-21,0
CUST103733,46,Male,Salaried,864000,832,1823000,24,16573,0.23,Madurai,Personal,2026-01-30,0
CUST103734,60,Male,Salaried,916000,581,75000,24,12930,0.17,Chennai,Education,2024-08-10,0
CUST103735,29,Male,Salaried,744000,749,1926000,12,12553,0.2,Pondicherry,Home,2024-11-11,0
CUST103736,25,Male,Self-Employed,613000,502,157000,48,11283,0.22,Trichy,Education,2024-11-19,1
CUST103737,52,Male,Self-Employed,1373000,481,1750000,120,7776,0.07,Chennai,Home,2026-01-15,1
CUST103738,40,Female,Salaried,479000,614,1640000,84,13061,0.33,Pondicherry,Personal,2025-12-14,0
CUST103739,31,Male,Self-Employed,819000,761,917000,48,19507,0.29,Trichy,Vehicle,2025-02-21,0
CUST103740,35,Female,Self-Employed,1096000,535,323000,36,16689,0.18,Salem,Vehicle,2024-11-05,1
CUST103741,52,Male,Salaried,759000,648,1865000,24,13550,0.21,Salem,Vehicle,2025-09-01,0
CUST103742,48,Male,Salaried,1038000,756,1615000,48,5169,0.06,Chennai,Personal,2026-05-11,0
CUST103743,42,Female,Salaried,894000,726,66000,12,14854,0.2,Chennai,Home,2026-02-18,0
CUST103744,61,Male,Salaried,903000,849,1537000,84,13386,0.18,Madurai,Personal,2026-02-13,0
CUST103745,37,Male,Salaried,1061000,650,347000,60,14354,0.16,Salem,Personal,2025-12-09,0
CUST103746,46,Male,Business,556000,610,642000,84,13650,0.29,Salem,Vehicle,2026-01-14,0
CUST103747,64,Male,Salaried,1075000,551,925000,60,9368,0.1,Madurai,Home,2025-07-30,1
CUST103748,27,Male,Self-Employed,329000,591,1469000,24,2820,0.1,Chennai,Personal,2025-04-14,1
CUST103749,62,Male,Salaried,554000,550,1100000,84,9533,0.21,Chennai,Education,2025-02-21,0
CUST103750,46,Male,Salaried,908000,488,232000,24,19381,0.26,Pondicherry,Home,2025-07-08,0
CUST103751,45,Female,Salaried,617000,826,1589000,36,2916,0.06,Madurai,Vehicle,2025-12-12,0
CUST103752,30,Female,Self-Employed,661000,629,724000,120,11774,0.21,Madurai,Home,2025-02-08,0
CUST103753,39,Male,Salaried,457000,883,498000,24,5316,0.14,Coimbatore,Home,2024-12-02,0
CUST103754,31,Male,Salaried,822000,574,1405000,48,18978,0.28,Trichy,Vehicle,2024-12-04,0
CUST103755,33,Male,Business,1144000,611,1998000,48,18176,0.19,Pondicherry,Personal,2025-02-09,0
CUST103756,28,Male,Salaried,984000,580,1657000,48,24618,0.3,Coimbatore,Personal,2025-03-26,0
CUST103757,60,Male,Salaried,906000,592,1529000,120,12766,0.17,Chennai,Business Expansion,2025-04-05,0
CUST103758,24,Female,Salaried,1035000,728,637000,48,25713,0.3,Trichy,Business Expansion,2025-03-13,0
CUST103759,51,Male,Self-Employed,1280000,675,469000,36,28261,0.26,Salem,Business Expansion,2025-02-05,0
CUST103760,48,Female,Salaried,1026000,728,289000,24,25519,0.3,Coimbatore,Vehicle,2025-03-10,0
CUST103761,31,Male,Salaried,464000,770,561000,24,11357,0.29,Chennai,Personal,2026-04-11,0
CUST103762,63,Female,Salaried,831000,749,1363000,24,13566,0.2,Chennai,Personal,2026-03-24,0
CUST103763,21,Female,Salaried,962000,559,853000,120,12860,0.16,Chennai,Vehicle,2024-10-29,0
CUST103764,58,Female,Self-Employed,1287000,577,488000,36,29981,0.28,Chennai,Personal,2025-09-07,1
CUST103765,44,Male,Self-Employed,875000,635,821000,36,11554,0.16,Madurai,Home,2024-09-26,0
CUST103766,51,Female,Salaried,438000,900,1070000,48,2803,0.08,Chennai,Home,2026-01-02,0
CUST103767,61,Female,Salaried,472000,719,572000,84,12101,0.31,Madurai,Personal,2025-11-01,0
CUST103768,46,Female,Salaried,642000,659,620000,36,9050,0.17,Chennai,Home,2025-09-06,0
CUST103769,25,Male,Self-Employed,935000,685,1332000,36,6995,0.09,Chennai,Home,2025-08-30,0
CUST103770,40,Female,Salaried,818000,595,763000,12,16628,0.24,Madurai,Vehicle,2025-01-05,1
CUST103771,61,Male,Salaried,624000,673,1341000,48,16480,0.32,Madurai,Home,2024-12-05,0
CUST103772,31,Female,Business,363000,735,162000,48,9325,0.31,Chennai,Vehicle,2025-12-30,0
CUST103773,53,Female,Salaried,701000,647,1658000,12,12637,0.22,Pondicherry,Business Expansion,2025-03-25,1
CUST103774,58,Male,Business,1584000,581,454000,24,10087,0.08,Chennai,Home,2025-06-29,0
CUST103775,47,Male,Salaried,499000,642,1991000,84,10769,0.26,Coimbatore,Home,2024-09-05,0
CUST103776,54,Male,Salaried,802000,621,1475000,120,15548,0.23,Madurai,Home,2026-04-17,0
CUST103777,35,Female,Salaried,553000,527,285000,12,5209,0.11,Pondicherry,Personal,2025-01-02,0
CUST103778,52,Male,Salaried,1007000,598,1079000,12,26866,0.32,Coimbatore,Vehicle,2026-01-26,1
CUST103779,41,Male,Salaried,733000,524,1674000,84,4642,0.08,Coimbatore,Personal,2024-11-26,0
CUST103780,25,Male,Salaried,875000,538,1187000,120,11806,0.16,Madurai,Personal,2025-06-18,1
CUST103781,26,Female,Business,672000,547,414000,84,4388,0.08,Coimbatore,Personal,2025-12-29,0
CUST103782,58,Male,Salaried,990000,735,896000,120,26695,0.32,Trichy,Business Expansion,2025-04-24,0
CUST103783,42,Female,Self-Employed,1269000,759,1394000,12,6410,0.06,Chennai,Home,2025-07-28,0
CUST103784,38,Male,Self-Employed,520000,486,1384000,36,7701,0.18,Pondicherry,Business Expansion,2025-11-28,1
CUST103785,34,Female,Self-Employed,1258000,767,1241000,12,32344,0.31,Chennai,Vehicle,2025-03-18,0
CUST103786,30,Female,Self-Employed,927000,523,899000,60,9688,0.13,Salem,Home,2025-09-25,0
CUST103787,33,Male,Salaried,725000,717,101000,12,4924,0.08,Coimbatore,Personal,2025-09-01,0
CUST103788,51,Male,Salaried,814000,673,1961000,24,5976,0.09,Pondicherry,Home,2026-07-14,0
CUST103789,50,Female,Salaried,922000,707,349000,24,13175,0.17,Coimbatore,Personal,2025-09-15,0
CUST103790,23,Male,Salaried,661000,545,912000,84,9836,0.18,Chennai,Home,2025-06-18,0
CUST103791,50,Male,Salaried,626000,486,1135000,120,13846,0.27,Chennai,Home,2025-05-30,0
CUST103792,26,Female,Salaried,762000,577,133000,24,7707,0.12,Pondicherry,Personal,2025-11-18,0
CUST103793,49,Female,Business,1216000,688,1821000,12,26402,0.26,Coimbatore,Vehicle,2026-01-06,0
CUST103794,28,Male,Business,1481000,826,1426000,48,43157,0.35,Coimbatore,Education,2025-10-25,0
CUST103795,64,Male,Salaried,1077000,557,1915000,24,27757,0.31,Chennai,Vehicle,2026-01-20,1
CUST103796,63,Male,Salaried,420000,641,1742000,12,8423,0.24,Salem,Personal,2026-07-20,0
CUST103797,64,Male,Salaried,585000,582,1576000,24,16183,0.33,Chennai,Education,2025-09-15,0
CUST103798,53,Female,Salaried,542000,648,1732000,36,15687,0.35,Chennai,Home,2025-12-12,0
CUST103799,37,Female,Salaried,1073000,476,1068000,36,19768,0.22,Salem,Home,2024-11-17,0
CUST103800,31,Female,Business,1188000,784,973000,12,13076,0.13,Salem,Personal,2025-01-10,1
CUST103801,33,Male,Salaried,972000,652,939000,24,26284,0.32,Chennai,Personal,2024-08-13,0
CUST103802,31,Male,Salaried,723000,732,1548000,24,18271,0.3,Pondicherry,Personal,2024-12-05,0
CUST103803,51,Male,Salaried,821000,629,1708000,60,5157,0.08,Chennai,Vehicle,2025-10-27,0
CUST103804,48,Male,Business,1794000,667,964000,120,49471,0.33,Chennai,Home,2025-01-18,0
CUST103805,64,Female,Business,1225000,751,552000,84,16319,0.16,Pondicherry,Personal,2025-02-25,0
CUST103806,26,Male,Self-Employed,471000,636,1872000,84,5755,0.15,Pondicherry,Personal,2025-07-05,0
CUST103807,61,Female,Salaried,1059000,665,743000,24,13500,0.15,Chennai,Business Expansion,2024-09-28,0
CUST103808,36,Female,Salaried,1067000,578,148000,48,12982,0.15,Chennai,Education,2025-12-20,0
CUST103809,24,Female,Salaried,690000,601,1775000,36,11776,0.2,Chennai,Vehicle,2025-04-25,0
CUST103810,55,Female,Salaried,592000,558,959000,24,11047,0.22,Pondicherry,Personal,2025-11-23,0
CUST103811,46,Female,Self-Employed,771000,558,1379000,120,11416,0.18,Salem,Vehicle,2026-05-31,1
CUST103812,32,Male,Salaried,485000,762,812000,48,7023,0.17,Chennai,Home,2025-12-30,0
CUST103813,31,Male,Salaried,647000,812,364000,84,14621,0.27,Pondicherry,Education,2025-10-22,1
CUST103814,57,Male,Self-Employed,651000,512,1783000,120,2761,0.05,Chennai,Business Expansion,2026-02-06,0
CUST103815,45,Male,Salaried,554000,685,1515000,12,15422,0.33,Trichy,Personal,2026-03-01,0
CUST103816,38,Female,Self-Employed,347000,596,296000,36,7643,0.26,Chennai,Business Expansion,2024-12-12,0
CUST103817,39,Female,Salaried,1069000,775,314000,12,23355,0.26,Madurai,Personal,2025-03-01,0
CUST103818,43,Male,Salaried,1049000,662,1642000,84,15436,0.18,Chennai,Home,2024-11-07,0
CUST103819,58,Male,Salaried,1019000,649,474000,84,28849,0.34,Salem,Vehicle,2025-04-28,0
CUST103820,38,Male,Business,1513000,582,844000,24,6316,0.05,Chennai,Personal,2026-05-20,1
CUST103821,46,Female,Salaried,720000,512,1131000,12,4376,0.07,Coimbatore,Education,2024-09-18,0
CUST103822,26,Female,Salaried,608000,718,1922000,84,14755,0.29,Pondicherry,Personal,2025-01-22,0
CUST103823,24,Female,Salaried,464000,681,1557000,120,10502,0.27,Coimbatore,Business Expansion,2025-12-27,1
CUST103824,64,Male,Self-Employed,627000,658,373000,36,6865,0.13,Chennai,Vehicle,2025-12-02,0
CUST103825,49,Male,Business,1643000,596,1259000,12,31275,0.23,Madurai,Business Expansion,2024-08-06,1
CUST103826,54,Female,Salaried,833000,636,841000,120,14550,0.21,Pondicherry,Home,2026-02-05,1
CUST103827,37,Female,Salaried,529000,721,1572000,12,9175,0.21,Coimbatore,Personal,2025-06-03,0
CUST103828,63,Male,Business,1054000,738,897000,12,20084,0.23,Chennai,Business Expansion,2025-11-10,0
CUST103829,63,Female,Self-Employed,1363000,518,111000,48,39540,0.35,Coimbatore,Vehicle,2026-01-10,1
CUST103830,36,Male,Self-Employed,1403000,567,642000,48,40476,0.35,Salem,Personal,2026-07-17,1
CUST103831,22,Female,Salaried,1000000,524,1012000,24,28708,0.34,Chennai,Personal,2026-07-29,1
CUST103832,54,Female,Salaried,564000,668,1319000,12,10086,0.21,Coimbatore,Education,2024-10-12,1
CUST103833,28,Female,Self-Employed,656000,704,1560000,48,7950,0.15,Trichy,Vehicle,2024-10-06,1
CUST103834,33,Male,Salaried,429000,624,1834000,36,7794,0.22,Chennai,Vehicle,2026-03-16,1
CUST103835,62,Male,Salaried,783000,590,918000,36,15451,0.24,Coimbatore,Business Expansion,2026-01-24,1
CUST103836,28,Female,Salaried,896000,619,1446000,84,10709,0.14,Salem,Personal,2024-08-27,0
CUST103837,50,Female,Salaried,941000,857,564000,12,18806,0.24,Chennai,Education,2026-03-23,0
CUST103838,52,Male,Business,964000,757,797000,24,19006,0.24,Pondicherry,Vehicle,2025-09-30,0
CUST103839,56,Female,Business,987000,715,100000,84,26405,0.32,Pondicherry,Personal,2026-02-27,0
CUST103840,50,Male,Salaried,1075000,678,666000,48,10864,0.12,Chennai,Home,2025-10-08,0
CUST103841,21,Female,Self-Employed,1289000,623,148000,84,27851,0.26,Chennai,Personal,2025-08-26,1
CUST103842,63,Female,Self-Employed,1353000,543,372000,48,20884,0.19,Salem,Vehicle,2025-06-25,1
CUST103843,59,Male,Business,1614000,554,641000,48,11967,0.09,Pondicherry,Vehicle,2026-05-18,0
CUST103844,37,Male,Self-Employed,653000,573,1514000,84,7882,0.14,Chennai,Business Expansion,2024-09-25,0
CUST103845,40,Male,Business,1307000,564,453000,24,7317,0.07,Chennai,Education,2025-04-24,0
CUST103846,44,Male,Business,1293000,595,1886000,60,15709,0.15,Madurai,Home,2025-08-28,0
CUST103847,42,Male,Salaried,563000,640,1975000,48,3317,0.07,Coimbatore,Vehicle,2026-01-29,0
CUST103848,49,Female,Self-Employed,1070000,622,1490000,120,29213,0.33,Madurai,Vehicle,2026-03-19,1
CUST103849,42,Female,Salaried,514000,594,1756000,12,3449,0.08,Salem,Home,2025-01-26,0
CUST103850,64,Male,Salaried,435000,694,204000,48,10701,0.3,Coimbatore,Personal,2026-03-06,0
CUST103851,29,Male,Salaried,698000,632,591000,48,18720,0.32,Pondicherry,Personal,2026-01-31,0
CUST103852,57,Male,Salaried,992000,669,1684000,60,15731,0.19,Trichy,Home,2024-11-09,0
CUST103853,30,Male,Self-Employed,802000,557,195000,84,4422,0.07,Chennai,Home,2025-11-11,0
CUST103854,56,Male,Salaried,1000000,712,975000,120,19061,0.23,Trichy,Business Expansion,2026-05-07,0
CUST103855,57,Female,Business,484000,601,1308000,12,4857,0.12,Madurai,Vehicle,2025-02-20,0
CUST103856,48,Female,Self-Employed,1310000,769,1547000,12,11243,0.1,Chennai,Vehicle,2025-05-04,0
CUST103857,48,Male,Self-Employed,632000,604,1472000,120,11588,0.22,Chennai,Vehicle,2025-11-11,1
CUST103858,62,Female,Salaried,1006000,641,913000,12,13154,0.16,Madurai,Home,2025-12-30,1
CUST103859,63,Female,Salaried,860000,703,1684000,48,19286,0.27,Madurai,Home,2024-08-23,0
CUST103860,41,Male,Salaried,606000,723,1533000,48,11482,0.23,Salem,Home,2026-06-28,0
CUST103861,44,Female,Salaried,879000,732,751000,36,21887,0.3,Pondicherry,Personal,2025-06-23,0
CUST103862,62,Female,Business,1493000,809,838000,60,8400,0.07,Chennai,Education,2026-02-28,0
CUST103863,60,Female,Self-Employed,609000,684,1981000,84,6114,0.12,Pondicherry,Vehicle,2026-05-21,0
CUST103864,22,Male,Salaried,612000,643,1506000,120,11224,0.22,Chennai,Home,2026-01-19,1
CUST103865,28,Female,Business,1326000,602,306000,12,34711,0.31,Chennai,Home,2025-08-15,0
CUST103866,47,Female,Salaried,638000,637,764000,12,15632,0.29,Chennai,Vehicle,2024-12-04,0
CUST103867,42,Male,Salaried,1019000,783,488000,36,21556,0.25,Madurai,Vehicle,2026-06-02,0
CUST103868,57,Male,Self-Employed,896000,500,586000,48,16592,0.22,Chennai,Vehicle,2025-10-16,1
CUST103869,47,Male,Salaried,1063000,576,224000,120,21210,0.24,Coimbatore,Home,2024-09-13,0
CUST103870,49,Female,Self-Employed,857000,605,762000,120,8147,0.11,Chennai,Personal,2026-05-23,0
CUST103871,23,Male,Self-Employed,757000,550,1880000,36,14418,0.23,Coimbatore,Personal,2026-06-25,1
CUST103872,64,Female,Self-Employed,1376000,588,540000,120,22718,0.2,Salem,Business Expansion,2025-07-25,0
CUST103873,33,Male,Salaried,939000,812,1356000,36,12937,0.17,Salem,Home,2025-02-15,0
CUST103874,30,Male,Salaried,771000,623,654000,48,20323,0.32,Trichy,Home,2026-05-15,0
CUST103875,56,Male,Salaried,1018000,687,611000,24,25350,0.3,Madurai,Vehicle,2026-07-25,0
CUST103876,29,Male,Business,1376000,500,268000,84,8373,0.07,Trichy,Home,2026-05-15,1
CUST103877,47,Male,Salaried,1063000,550,1070000,120,30624,0.35,Pondicherry,Vehicle,2025-06-04,1
CUST103878,54,Male,Salaried,704000,733,1229000,60,6981,0.12,Trichy,Home,2025-07-23,1
CUST103879,21,Male,Business,1385000,800,106000,24,13226,0.11,Chennai,Home,2024-10-28,0
CUST103880,52,Male,Self-Employed,1115000,644,1584000,24,30954,0.33,Coimbatore,Business Expansion,2025-01-21,0
CUST103881,45,Male,Business,1601000,622,792000,60,24474,0.18,Coimbatore,Personal,2026-06-19,1
CUST103882,49,Male,Business,1796000,694,387000,24,43644,0.29,Coimbatore,Home,2025-07-31,0
CUST103883,27,Female,Salaried,455000,416,768000,48,5174,0.14,Coimbatore,Home,2025-11-17,0
CUST103884,23,Female,Salaried,823000,670,1345000,24,21394,0.31,Pondicherry,Business Expansion,2025-03-24,1
CUST103885,40,Female,Salaried,847000,555,1800000,120,21153,0.3,Trichy,Vehicle,2025-03-13,1
CUST103886,40,Male,Salaried,460000,721,1039000,24,7890,0.21,Chennai,Education,2025-07-26,0
CUST103887,50,Male,Self-Employed,669000,427,1257000,84,14579,0.26,Chennai,Business Expansion,2025-09-28,1
CUST103888,55,Male,Salaried,422000,593,1364000,24,11928,0.34,Madurai,Business Expansion,2024-09-23,1
CUST103889,55,Male,Self-Employed,853000,621,973000,48,13194,0.19,Chennai,Personal,2026-05-29,0
CUST103890,59,Female,Salaried,733000,581,351000,36,12110,0.2,Chennai,Business Expansion,2025-07-01,1
CUST103891,47,Male,Salaried,929000,616,1062000,12,20657,0.27,Pondicherry,Personal,2026-03-28,0
CUST103892,46,Male,Self-Employed,1434000,706,1652000,60,19828,0.17,Coimbatore,Business Expansion,2024-11-03,0
CUST103893,34,Male,Salaried,723000,647,296000,60,20386,0.34,Pondicherry,Business Expansion,2025-06-11,0
CUST103894,37,Female,Self-Employed,949000,541,65000,48,4913,0.06,Pondicherry,Vehicle,2025-12-01,1
CUST103895,38,Female,Business,495000,734,1408000,12,7054,0.17,Pondicherry,Personal,2025-08-10,1
CUST103896,49,Male,Self-Employed,564000,647,260000,24,12415,0.26,Chennai,Vehicle,2024-08-18,1
CUST103897,40,Male,Salaried,600000,676,1659000,120,8940,0.18,Chennai,Personal,2026-05-26,1
CUST103898,47,Female,Business,656000,569,1446000,120,6985,0.13,Chennai,Personal,2026-04-29,0
CUST103899,38,Female,Salaried,515000,420,866000,84,7469,0.17,Chennai,Education,2026-06-18,1
CUST103900,24,Male,Self-Employed,565000,543,1479000,60,14805,0.31,Madurai,Personal,2025-03-09,0
CUST103901,21,Male,Salaried,564000,559,1603000,120,10062,0.21,Pondicherry,Home,2025-09-25,0
CUST103902,21,Female,Salaried,675000,594,1095000,24,8467,0.15,Salem,Vehicle,2024-09-06,0
CUST103903,46,Female,Business,1697000,574,667000,84,35560,0.25,Pondicherry,Vehicle,2025-06-25,0
CUST103904,40,Male,Salaried,896000,660,168000,48,17438,0.23,Coimbatore,Business Expansion,2026-06-01,0
CUST103905,43,Female,Business,620000,729,1601000,84,11270,0.22,Trichy,Vehicle,2024-12-21,0
CUST103906,30,Female,Salaried,498000,746,1257000,48,6944,0.17,Chennai,Home,2025-08-07,1
CUST103907,31,Female,Business,1076000,725,1588000,84,6425,0.07,Coimbatore,Home,2025-12-02,1
CUST103908,61,Female,Business,1637000,569,1565000,48,32224,0.24,Pondicherry,Home,2025-05-30,0
CUST103909,61,Female,Salaried,931000,655,555000,36,13649,0.18,Chennai,Home,2026-02-10,0
CUST103910,25,Male,Self-Employed,762000,765,1708000,48,11342,0.18,Madurai,Business Expansion,2025-02-21,0
CUST103911,21,Female,Self-Employed,623000,482,1828000,24,6241,0.12,Pondicherry,Personal,2025-04-28,1
CUST103912,37,Male,Business,1351000,771,486000,36,14053,0.12,Chennai,Personal,2025-01-29,0
CUST103913,42,Female,Salaried,857000,560,852000,24,20442,0.29,Salem,Business Expansion,2026-07-10,0
CUST103914,54,Male,Self-Employed,1299000,651,1178000,84,20979,0.19,Chennai,Personal,2026-04-23,0
CUST103915,61,Female,Salaried,555000,687,152000,48,3829,0.08,Pondicherry,Home,2026-02-25,0
CUST103916,49,Male,Salaried,949000,667,1281000,36,5041,0.06,Coimbatore,Vehicle,2025-05-08,1
CUST103917,24,Male,Salaried,561000,850,1734000,84,5489,0.12,Chennai,Home,2024-08-12,0
CUST103918,25,Male,Self-Employed,336000,597,754000,12,5494,0.2,Chennai,Vehicle,2025-04-22,1
CUST103919,31,Female,Business,1467000,502,874000,48,28750,0.24,Trichy,Business Expansion,2026-04-29,0
CUST103920,41,Female,Salaried,830000,682,1807000,120,6439,0.09,Pondicherry,Education,2025-05-20,0
CUST103921,55,Female,Self-Employed,446000,609,1120000,36,6695,0.18,Trichy,Home,2024-12-15,0
CUST103922,32,Male,Self-Employed,562000,674,353000,84,3361,0.07,Salem,Personal,2025-02-13,0
CUST103923,46,Male,Salaried,482000,729,216000,36,2462,0.06,Pondicherry,Vehicle,2026-06-26,0
CUST103924,39,Female,Business,1186000,646,543000,36,30539,0.31,Chennai,Personal,2025-10-29,0
CUST103925,27,Female,Salaried,697000,689,136000,60,14375,0.25,Trichy,Personal,2024-11-03,0
CUST103926,27,Female,Salaried,689000,662,1299000,36,16325,0.28,Coimbatore,Home,2025-03-24,0
CUST103927,46,Female,Salaried,491000,811,169000,12,4278,0.1,Coimbatore,Vehicle,2026-04-05,0
CUST103928,60,Female,Business,1020000,616,1999000,48,12465,0.15,Chennai,Business Expansion,2024-08-07,1
CUST103929,25,Male,Business,1333000,588,1321000,48,20343,0.18,Chennai,Education,2025-08-24,1
CUST103930,41,Female,Salaried,576000,729,1578000,48,11875,0.25,Trichy,Business Expansion,2024-12-03,0
CUST103931,34,Female,Salaried,991000,566,995000,36,17379,0.21,Chennai,Home,2025-02-25,0
CUST103932,24,Female,Salaried,979000,685,402000,48,17576,0.22,Trichy,Vehicle,2026-07-16,0
CUST103933,43,Female,Self-Employed,1304000,609,1217000,12,10549,0.1,Salem,Personal,2026-06-08,0
CUST103934,62,Male,Self-Employed,567000,615,1818000,120,9092,0.19,Chennai,Education,2025-05-19,0
CUST103935,40,Male,Business,1299000,869,399000,120,32165,0.3,Pondicherry,Education,2025-12-26,0
CUST103936,35,Male,Business,871000,761,1588000,60,14722,0.2,Trichy,Education,2025-12-19,0
CUST103937,49,Male,Business,1345000,741,1067000,12,12320,0.11,Chennai,Business Expansion,2026-05-03,0
CUST103938,28,Female,Salaried,587000,697,1822000,60,8512,0.17,Pondicherry,Personal,2026-07-19,0
CUST103939,61,Female,Salaried,721000,587,1390000,48,16609,0.28,Chennai,Vehicle,2025-12-14,1
CUST103940,39,Male,Self-Employed,1412000,648,819000,120,10648,0.09,Chennai,Education,2025-10-18,0
CUST103941,59,Male,Salaried,687000,702,1099000,84,12831,0.22,Chennai,Vehicle,2025-11-19,0
CUST103942,48,Female,Salaried,786000,667,1603000,24,22243,0.34,Madurai,Business Expansion,2025-10-23,0
CUST103943,47,Female,Salaried,1066000,658,371000,120,14576,0.16,Madurai,Education,2024-09-10,0
CUST103944,24,Male,Salaried,868000,614,345000,120,4563,0.06,Coimbatore,Vehicle,2025-08-14,0
CUST103945,35,Female,Self-Employed,1386000,649,180000,60,27712,0.24,Chennai,Home,2024-11-01,0
CUST103946,55,Male,Self-Employed,464000,577,66000,12,2479,0.06,Pondicherry,Home,2024-11-12,0
CUST103947,57,Male,Salaried,834000,713,1993000,12,7469,0.11,Pondicherry,Home,2025-07-31,0
CUST103948,21,Male,Self-Employed,701000,443,819000,84,3768,0.06,Madurai,Personal,2025-03-29,1
CUST103949,23,Male,Salaried,683000,772,1655000,120,5759,0.1,Chennai,Personal,2025-04-17,0
CUST103950,44,Male,Self-Employed,1076000,506,985000,120,27481,0.31,Chennai,Vehicle,2025-01-17,0
CUST103951,47,Female,Salaried,784000,553,971000,24,17669,0.27,Pondicherry,Personal,2025-04-15,0
CUST103952,60,Female,Business,1693000,686,234000,60,21523,0.15,Chennai,Education,2025-04-07,0
CUST103953,56,Male,Self-Employed,401000,673,1122000,60,10664,0.32,Chennai,Home,2024-08-30,0
CUST103954,54,Male,Self-Employed,760000,812,1898000,12,15805,0.25,Coimbatore,Business Expansion,2024-10-21,0
CUST103955,49,Male,Self-Employed,580000,651,873000,60,8908,0.18,Trichy,Home,2025-05-13,0
CUST103956,44,Female,Self-Employed,500000,621,125000,24,2937,0.07,Coimbatore,Vehicle,2025-07-21,0
CUST103957,44,Female,Salaried,501000,667,1862000,60,11239,0.27,Chennai,Vehicle,2025-04-14,0
CUST103958,62,Male,Self-Employed,444000,768,577000,60,6018,0.16,Trichy,Business Expansion,2025-06-10,1
CUST103959,24,Male,Salaried,577000,868,1079000,24,6772,0.14,Trichy,Personal,2026-01-17,0
CUST103960,23,Female,Salaried,730000,633,83000,48,8302,0.14,Trichy,Home,2025-03-20,0
CUST103961,54,Male,Salaried,531000,698,108000,60,2314,0.05,Chennai,Personal,2025-09-10,0
CUST103962,43,Male,Business,1604000,643,1140000,84,36463,0.27,Pondicherry,Home,2025-06-01,0
CUST103963,43,Female,Salaried,466000,641,304000,12,3634,0.09,Coimbatore,Personal,2025-08-10,0
CUST103964,25,Male,Salaried,576000,819,1882000,36,9897,0.21,Madurai,Personal,2025-04-10,0
CUST103965,51,Male,Business,826000,566,452000,12,3773,0.05,Madurai,Vehicle,2026-02-26,0
CUST103966,61,Male,Business,1670000,439,1230000,120,33172,0.24,Chennai,Business Expansion,2024-09-13,0
CUST103967,26,Male,Salaried,832000,678,81000,84,11152,0.16,Chennai,Education,2026-02-14,0
CUST103968,57,Female,Business,1683000,758,59000,12,33551,0.24,Chennai,Personal,2025-02-06,0
CUST103969,30,Female,Salaried,455000,669,1777000,48,2918,0.08,Coimbatore,Home,2026-07-20,0
CUST103970,60,Female,Self-Employed,469000,670,1448000,48,5076,0.13,Madurai,Business Expansion,2026-02-04,0
CUST103971,27,Female,Self-Employed,1435000,692,780000,12,9936,0.08,Trichy,Personal,2025-11-07,1
CUST103972,59,Female,Salaried,768000,659,1422000,60,15604,0.24,Chennai,Personal,2026-05-29,1
CUST103973,58,Female,Self-Employed,1074000,675,638000,120,7389,0.08,Salem,Vehicle,2025-11-23,1
CUST103974,41,Female,Salaried,977000,698,581000,12,19143,0.24,Chennai,Vehicle,2026-04-02,0
CUST103975,40,Male,Salaried,693000,473,1229000,84,5221,0.09,Coimbatore,Business Expansion,2024-09-26,1
CUST103976,23,Male,Self-Employed,458000,635,1100000,60,12709,0.33,Chennai,Education,2025-01-17,1
CUST103977,42,Female,Salaried,634000,508,1226000,24,9241,0.17,Trichy,Education,2025-11-09,0
CUST103978,24,Female,Business,565000,646,941000,120,4142,0.09,Trichy,Business Expansion,2026-02-23,0
CUST103979,48,Male,Salaried,844000,605,1358000,24,4398,0.06,Salem,Business Expansion,2026-02-27,0
CUST103980,32,Female,Salaried,438000,743,677000,120,5432,0.15,Coimbatore,Home,2025-11-25,0
CUST103981,58,Female,Self-Employed,1107000,646,1323000,48,29281,0.32,Chennai,Business Expansion,2025-09-27,0
CUST103982,56,Male,Salaried,563000,692,960000,36,4370,0.09,Trichy,Home,2025-09-07,0
CUST103983,61,Female,Salaried,836000,632,478000,36,20011,0.29,Trichy,Vehicle,2026-07-03,1
CUST103984,25,Male,Salaried,537000,744,1630000,84,7840,0.18,Salem,Home,2024-09-30,0
CUST103985,33,Female,Business,846000,506,1359000,48,20506,0.29,Chennai,Personal,2025-04-01,1
CUST103986,43,Male,Salaried,463000,569,1579000,24,12049,0.31,Trichy,Home,2025-09-19,0
CUST103987,50,Female,Salaried,700000,765,343000,48,20378,0.35,Chennai,Personal,2025-01-24,0
CUST103988,57,Male,Salaried,695000,610,493000,24,4080,0.07,Madurai,Personal,2026-06-02,0
CUST103989,45,Male,Salaried,425000,456,337000,60,10231,0.29,Chennai,Home,2026-02-05,0
CUST103990,47,Female,Salaried,641000,780,355000,84,3787,0.07,Trichy,Business Expansion,2024-08-20,0
CUST103991,34,Male,Business,1765000,746,1144000,120,21244,0.14,Madurai,Business Expansion,2024-11-20,0
CUST103992,56,Male,Business,669000,713,212000,24,13595,0.24,Chennai,Business Expansion,2026-07-25,0
CUST103993,59,Male,Salaried,586000,658,1554000,120,8994,0.18,Coimbatore,Business Expansion,2026-03-31,1
CUST103994,36,Female,Salaried,913000,799,637000,24,16706,0.22,Coimbatore,Business Expansion,2026-01-14,0
CUST103995,42,Female,Business,635000,763,1416000,24,17984,0.34,Chennai,Education,2024-08-16,1
CUST103996,41,Male,Salaried,903000,789,1590000,36,22243,0.3,Chennai,Vehicle,2025-12-20,1
CUST103997,41,Female,Salaried,653000,712,1180000,24,8657,0.16,Coimbatore,Vehicle,2024-09-26,0
CUST103998,28,Female,Business,1194000,661,680000,12,22883,0.23,Pondicherry,Business Expansion,2025-05-02,0
CUST103999,36,Female,Self-Employed,1332000,589,848000,60,7164,0.06,Coimbatore,Personal,2024-08-13,0
CUST104000,51,Male,Salaried,470000,535,658000,120,7279,0.19,Coimbatore,Home,2026-01-14,0
CUST104001,62,Female,Salaried,886000,695,742000,36,17167,0.23,Salem,Vehicle,2025-07-29,0
CUST104002,30,Male,Salaried,962000,702,1571000,120,21197,0.26,Chennai,Home,2025-06-28,0
CUST104003,52,Male,Salaried,513000,618,1074000,12,13699,0.32,Pondicherry,Personal,2025-10-07,0
CUST104004,54,Male,Self-Employed,512000,680,1671000,36,5756,0.13,Madurai,Home,2025-03-27,0
CUST104005,29,Male,Self-Employed,399000,595,525000,36,10661,0.32,Salem,Business Expansion,2025-09-14,0
CUST104006,37,Male,Self-Employed,1439000,703,1526000,12,29793,0.25,Coimbatore,Education,2026-01-29,0
CUST104007,31,Female,Salaried,903000,570,1013000,120,5515,0.07,Trichy,Home,2025-01-16,0
CUST104008,52,Male,Salaried,594000,555,114000,48,8122,0.16,Chennai,Home,2025-08-29,1
CUST104009,30,Male,Salaried,811000,628,960000,84,13042,0.19,Salem,Home,2025-06-28,0
CUST104010,42,Male,Business,1007000,724,1558000,84,13069,0.16,Coimbatore,Vehicle,2025-05-07,0
CUST104011,37,Male,Self-Employed,923000,520,664000,84,6521,0.08,Madurai,Personal,2025-02-17,0
CUST104012,24,Male,Salaried,767000,744,471000,48,13772,0.22,Chennai,Personal,2025-01-06,0
CUST104013,45,Male,Salaried,823000,502,1054000,24,6139,0.09,Salem,Home,2025-10-12,0
CUST104014,41,Male,Business,1507000,627,1609000,12,40752,0.32,Trichy,Personal,2025-06-10,0
CUST104015,57,Male,Salaried,523000,522,1224000,24,13492,0.31,Chennai,Personal,2024-11-06,1
CUST104016,58,Male,Salaried,629000,415,1888000,84,10093,0.19,Chennai,Vehicle,2024-08-11,0
CUST104017,21,Male,Salaried,877000,682,1464000,48,5139,0.07,Coimbatore,Home,2026-03-08,0
CUST104018,45,Female,Salaried,625000,633,1065000,12,11232,0.22,Chennai,Vehicle,2025-03-02,0
CUST104019,56,Female,Business,585000,524,1838000,12,11098,0.23,Coimbatore,Personal,2024-09-09,1
CUST104020,37,Female,Self-Employed,1426000,578,1488000,12,37613,0.32,Salem,Personal,2025-10-13,1
CUST104021,61,Male,Self-Employed,858000,664,56000,24,5023,0.07,Trichy,Personal,2025-10-05,0
CUST104022,44,Female,Business,1206000,616,1022000,36,25891,0.26,Salem,Vehicle,2025-10-19,0
CUST104023,22,Female,Business,1250000,632,1589000,36,22795,0.22,Coimbatore,Vehicle,2026-07-21,0
CUST104024,60,Male,Salaried,441000,614,1836000,84,3764,0.1,Trichy,Business Expansion,2026-03-09,0
CUST104025,35,Male,Salaried,823000,597,1767000,36,5933,0.09,Coimbatore,Home,2024-09-03,0
CUST104026,52,Male,Salaried,603000,596,1069000,120,12973,0.26,Coimbatore,Home,2024-10-01,0
CUST104027,59,Male,Salaried,463000,593,1539000,12,5862,0.15,Madurai,Home,2024-10-18,0
CUST104028,26,Male,Self-Employed,364000,557,153000,48,10616,0.35,Coimbatore,Personal,2025-01-20,0
CUST104029,21,Female,Business,555000,558,513000,24,14716,0.32,Salem,Home,2026-03-30,0
CUST104030,43,Male,Self-Employed,647000,590,1637000,24,11846,0.22,Madurai,Home,2025-12-30,1
CUST104031,59,Female,Salaried,655000,592,1667000,48,13237,0.24,Pondicherry,Personal,2025-06-03,0
CUST104032,37,Male,Salaried,913000,553,897000,36,7430,0.1,Trichy,Vehicle,2025-07-19,0
CUST104033,54,Male,Salaried,439000,718,1633000,84,11640,0.32,Coimbatore,Business Expansion,2024-09-27,0
CUST104034,61,Female,Business,1068000,760,400000,60,16703,0.19,Coimbatore,Personal,2024-12-01,0
CUST104035,49,Female,Salaried,997000,649,1802000,48,17148,0.21,Coimbatore,Personal,2026-03-28,0
CUST104036,29,Male,Salaried,788000,655,1907000,36,20483,0.31,Chennai,Business Expansion,2024-08-03,0
CUST104037,33,Male,Salaried,929000,587,415000,12,4015,0.05,Pondicherry,Personal,2024-08-23,0
CUST104038,26,Female,Business,477000,746,1966000,48,7882,0.2,Salem,Business Expansion,2025-04-23,0
CUST104039,26,Male,Self-Employed,409000,781,231000,36,8112,0.24,Chennai,Education,2024-09-17,1
CUST104040,40,Male,Business,1279000,635,292000,24,10423,0.1,Salem,Business Expansion,2025-04-10,0
CUST104041,23,Female,Self-Employed,1312000,578,269000,60,7706,0.07,Chennai,Personal,2026-01-30,0
CUST104042,37,Male,Salaried,731000,680,1281000,60,12821,0.21,Madurai,Vehicle,2024-10-27,0
CUST104043,32,Male,Salaried,798000,661,1712000,60,14248,0.21,Coimbatore,Vehicle,2025-06-06,0
CUST104044,21,Male,Salaried,471000,604,1255000,36,5851,0.15,Chennai,Personal,2026-01-14,1
CUST104045,37,Male,Self-Employed,699000,667,1941000,36,18329,0.31,Chennai,Business Expansion,2026-05-05,0
CUST104046,23,Female,Business,959000,734,478000,12,11214,0.14,Coimbatore,Personal,2025-02-13,0
CUST104047,46,Male,Salaried,847000,579,857000,60,14465,0.2,Chennai,Business Expansion,2025-08-22,0
CUST104048,35,Female,Salaried,759000,878,84000,120,6705,0.11,Chennai,Home,2025-04-08,1
CUST104049,56,Male,Self-Employed,972000,487,1865000,24,4321,0.05,Chennai,Home,2025-11-06,0
CUST104050,52,Male,Salaried,1035000,573,724000,84,15335,0.18,Chennai,Vehicle,2025-08-14,0
CUST104051,52,Male,Self-Employed,759000,646,911000,60,13161,0.21,Chennai,Personal,2026-07-11,0
CUST104052,24,Female,Salaried,607000,852,1494000,48,14133,0.28,Madurai,Home,2024-08-23,0
CUST104053,38,Female,Salaried,539000,599,1276000,48,8293,0.18,Pondicherry,Personal,2026-07-01,0
CUST104054,39,Male,Salaried,767000,554,1950000,24,8540,0.13,Chennai,Home,2025-01-14,0
CUST104055,63,Male,Self-Employed,1086000,674,1235000,36,20930,0.23,Chennai,Vehicle,2025-01-15,1
CUST104056,55,Male,Salaried,476000,627,1815000,84,6519,0.16,Trichy,Personal,2026-02-11,1
CUST104057,60,Female,Salaried,867000,709,1944000,120,8671,0.12,Chennai,Home,2025-03-01,0
CUST104058,34,Male,Business,1443000,643,457000,60,38853,0.32,Trichy,Personal,2024-09-06,0
CUST104059,53,Female,Salaried,491000,572,1422000,84,8633,0.21,Chennai,Home,2025-09-10,0
CUST104060,34,Female,Salaried,1044000,861,53000,48,9582,0.11,Chennai,Vehicle,2024-09-21,0
CUST104061,54,Male,Self-Employed,685000,359,410000,24,14343,0.25,Chennai,Home,2024-08-14,1
CUST104062,24,Male,Salaried,469000,813,1039000,120,11370,0.29,Chennai,Business Expansion,2026-01-12,0
CUST104063,44,Male,Salaried,433000,733,639000,120,10015,0.28,Pondicherry,Home,2024-11-22,1
CUST104064,49,Female,Business,786000,582,1737000,12,15055,0.23,Chennai,Personal,2025-01-25,0
CUST104065,39,Female,Self-Employed,766000,793,1431000,48,13142,0.21,Salem,Vehicle,2025-08-21,0
CUST104066,26,Male,Self-Employed,897000,501,1701000,48,21168,0.28,Coimbatore,Home,2024-11-27,0
CUST104067,53,Male,Self-Employed,611000,715,1939000,60,13362,0.26,Salem,Home,2025-06-26,1
CUST104068,60,Male,Salaried,799000,462,1109000,36,14744,0.22,Chennai,Personal,2026-03-04,1
CUST104069,39,Female,Salaried,991000,546,384000,48,20424,0.25,Chennai,Home,2024-09-01,1
CUST104070,21,Male,Salaried,991000,546,1364000,48,8306,0.1,Madurai,Personal,2025-06-09,1
CUST104071,25,Male,Business,1633000,582,334000,120,7617,0.06,Chennai,Vehicle,2025-04-03,0
CUST104072,47,Male,Salaried,626000,651,1109000,60,17180,0.33,Pondicherry,Home,2025-06-13,0
CUST104073,36,Male,Salaried,1005000,575,1397000,36,27686,0.33,Coimbatore,Personal,2026-05-20,1
CUST104074,26,Male,Business,1004000,466,1536000,84,23961,0.29,Trichy,Education,2025-05-23,1
CUST104075,60,Male,Self-Employed,377000,666,444000,12,5079,0.16,Chennai,Business Expansion,2024-10-07,1
CUST104076,33,Male,Business,1334000,654,616000,84,10585,0.1,Trichy,Home,2024-09-25,1
CUST104077,55,Female,Self-Employed,423000,661,1122000,120,5541,0.16,Madurai,Home,2026-05-19,1
CUST104078,39,Male,Salaried,935000,665,512000,12,20871,0.27,Pondicherry,Personal,2024-09-21,1
CUST104079,32,Male,Business,409000,735,1386000,12,5131,0.15,Chennai,Home,2026-04-29,0
CUST104080,36,Female,Salaried,635000,643,404000,12,15280,0.29,Salem,Home,2025-10-21,0
CUST104081,63,Male,Salaried,453000,741,392000,36,9509,0.25,Salem,Home,2025-09-21,0
CUST104082,30,Female,Self-Employed,1119000,555,104000,12,22286,0.24,Pondicherry,Home,2025-09-15,0
CUST104083,45,Male,Self-Employed,1349000,560,1385000,60,36993,0.33,Madurai,Personal,2024-12-06,1
CUST104084,40,Male,Business,1170000,773,891000,60,31007,0.32,Coimbatore,Personal,2025-10-19,0
CUST104085,51,Male,Business,1792000,772,309000,60,39349,0.26,Chennai,Home,2024-08-25,0
CUST104086,24,Male,Business,1065000,701,926000,120,9742,0.11,Salem,Personal,2024-09-30,0
CUST104087,64,Female,Salaried,863000,569,970000,12,23853,0.33,Salem,Personal,2025-07-02,0
CUST104088,43,Male,Self-Employed,672000,537,1715000,60,6615,0.12,Chennai,Vehicle,2025-08-23,0
CUST104089,22,Male,Self-Employed,625000,744,1047000,120,8425,0.16,Coimbatore,Education,2026-05-02,0
CUST104090,42,Male,Business,367000,764,964000,60,9114,0.3,Pondicherry,Education,2026-06-02,0
CUST104091,57,Male,Salaried,504000,644,1161000,24,4729,0.11,Chennai,Personal,2026-05-26,0
CUST104092,28,Male,Salaried,505000,860,953000,12,10166,0.24,Chennai,Business Expansion,2025-06-11,0
CUST104093,27,Male,Business,1718000,691,1393000,60,26822,0.19,Salem,Home,2026-03-27,0
CUST104094,34,Male,Salaried,718000,550,1463000,84,14193,0.24,Pondicherry,Personal,2025-02-19,0
CUST104095,23,Female,Self-Employed,568000,600,1925000,36,15970,0.34,Salem,Vehicle,2025-02-16,1
CUST104096,36,Male,Salaried,611000,650,319000,60,14893,0.29,Chennai,Vehicle,2026-07-06,0
CUST104097,39,Female,Salaried,453000,657,1945000,24,5237,0.14,Chennai,Home,2026-04-28,1
CUST104098,38,Female,Self-Employed,343000,737,1015000,36,1920,0.07,Madurai,Home,2024-11-24,0
CUST104099,36,Male,Salaried,721000,563,1533000,36,20435,0.34,Madurai,Personal,2026-06-13,1
CUST104100,28,Female,Self-Employed,907000,505,1434000,84,17047,0.23,Chennai,Vehicle,2025-12-14,0
CUST104101,53,Female,Salaried,430000,704,1199000,120,3652,0.1,Pondicherry,Education,2026-05-01,1
CUST104102,32,Male,Salaried,1015000,604,888000,120,20142,0.24,Salem,Home,2025-09-13,1
CUST104103,31,Female,Salaried,513000,868,234000,84,2678,0.06,Chennai,Education,2026-02-16,0
CUST104104,25,Male,Self-Employed,1165000,709,414000,120,10315,0.11,Chennai,Home,2025-08-28,0
CUST104105,47,Male,Salaried,947000,602,1615000,84,18923,0.24,Chennai,Education,2025-01-17,0
CUST104106,32,Female,Self-Employed,1434000,734,769000,120,20403,0.17,Madurai,Business Expansion,2025-04-01,0
CUST104107,37,Male,Self-Employed,1008000,690,1081000,48,12392,0.15,Chennai,Home,2024-09-30,1
CUST104108,26,Male,Self-Employed,1317000,682,703000,24,27069,0.25,Coimbatore,Home,2024-09-28,0
CUST104109,53,Male,Self-Employed,662000,613,1889000,120,17097,0.31,Coimbatore,Home,2024-10-14,0
CUST104110,25,Female,Salaried,678000,687,1797000,24,14327,0.25,Pondicherry,Education,2025-12-18,0
CUST104111,48,Female,Salaried,1024000,460,1869000,60,16130,0.19,Chennai,Personal,2025-08-05,0
CUST104112,34,Male,Self-Employed,515000,743,951000,120,10628,0.25,Madurai,Vehicle,2025-03-01,0
CUST104113,25,Female,Salaried,1032000,340,1487000,24,22247,0.26,Trichy,Home,2024-12-04,0
CUST104114,53,Male,Business,722000,610,1205000,36,16997,0.28,Madurai,Education,2024-12-30,1
CUST104115,61,Male,Business,895000,506,1429000,36,10599,0.14,Salem,Home,2026-02-28,0
CUST104116,39,Female,Salaried,804000,604,1067000,60,5650,0.08,Madurai,Home,2026-07-21,1
CUST104117,42,Female,Self-Employed,518000,618,372000,36,10988,0.25,Salem,Personal,2024-11-24,0
CUST104118,25,Male,Business,1566000,542,955000,120,11265,0.09,Chennai,Personal,2026-03-23,0
CUST104119,22,Male,Salaried,437000,400,151000,60,6868,0.19,Madurai,Home,2026-01-04,0
CUST104120,50,Female,Self-Employed,1405000,643,844000,84,13957,0.12,Madurai,Vehicle,2025-11-23,0
CUST104121,59,Female,Salaried,772000,837,1539000,48,9625,0.15,Salem,Home,2026-02-13,0
CUST104122,24,Female,Salaried,855000,618,1502000,24,13622,0.19,Chennai,Personal,2026-04-01,0
CUST104123,53,Male,Business,1723000,736,124000,24,45781,0.32,Chennai,Personal,2026-02-26,0
CUST104124,33,Female,Self-Employed,1156000,760,1173000,24,24480,0.25,Madurai,Home,2026-03-21,0
CUST104125,40,Female,Self-Employed,596000,453,793000,48,5040,0.1,Chennai,Personal,2025-02-09,0
CUST104126,27,Male,Business,1257000,608,1876000,24,32874,0.31,Trichy,Vehicle,2025-07-21,1
CUST104127,35,Female,Self-Employed,1296000,510,285000,84,21617,0.2,Salem,Home,2024-09-27,1
CUST104128,43,Female,Self-Employed,1215000,552,1342000,48,11266,0.11,Salem,Personal,2025-12-06,0
CUST104129,34,Female,Self-Employed,1405000,778,937000,48,24380,0.21,Chennai,Vehicle,2025-02-20,0
CUST104130,43,Female,Self-Employed,1173000,645,1640000,60,10486,0.11,Chennai,Home,2025-12-17,1
CUST104131,39,Female,Business,896000,720,1327000,84,11961,0.16,Madurai,Vehicle,2025-05-29,0
CUST104132,49,Female,Business,1407000,646,776000,12,34196,0.29,Madurai,Home,2025-07-11,0
CUST104133,40,Male,Self-Employed,522000,516,860000,120,10769,0.25,Trichy,Home,2025-05-11,0
CUST104134,49,Female,Self-Employed,1213000,686,378000,12,19547,0.19,Trichy,Business Expansion,2024-11-28,0
CUST104135,44,Female,Salaried,611000,762,885000,60,6004,0.12,Madurai,Home,2025-11-08,0
CUST104136,38,Female,Business,706000,678,1372000,60,7921,0.13,Chennai,Personal,2025-02-24,0
CUST104137,30,Male,Self-Employed,1256000,669,1881000,60,35949,0.34,Pondicherry,Vehicle,2025-12-06,0
CUST104138,61,Male,Self-Employed,1144000,513,419000,24,14574,0.15,Chennai,Home,2026-04-15,1
CUST104139,28,Male,Salaried,889000,713,1744000,120,17397,0.23,Chennai,Personal,2026-04-28,0
CUST104140,46,Female,Business,1486000,771,308000,120,24757,0.2,Pondicherry,Education,2026-06-12,0
CUST104141,49,Female,Salaried,1004000,686,277000,36,4763,0.06,Madurai,Vehicle,2024-11-21,0
CUST104142,30,Male,Salaried,620000,488,426000,60,17225,0.33,Trichy,Home,2026-02-23,1
CUST104143,37,Male,Self-Employed,838000,772,194000,48,5333,0.08,Coimbatore,Vehicle,2025-06-14,0
CUST104144,22,Male,Self-Employed,586000,539,129000,12,12091,0.25,Chennai,Home,2026-01-05,0
CUST104145,26,Male,Salaried,1026000,684,1112000,24,25077,0.29,Coimbatore,Home,2026-01-14,0
CUST104146,25,Female,Self-Employed,1153000,710,755000,84,26386,0.27,Madurai,Business Expansion,2025-03-06,0
CUST104147,48,Male,Salaried,986000,747,758000,36,24056,0.29,Chennai,Home,2024-12-13,0
CUST104148,61,Male,Salaried,1073000,487,146000,12,24313,0.27,Trichy,Home,2025-07-17,1
CUST104149,25,Male,Salaried,1033000,660,295000,12,15811,0.18,Pondicherry,Personal,2026-02-25,1
CUST104150,38,Male,Business,1251000,654,382000,12,33243,0.32,Coimbatore,Education,2026-04-23,0
CUST104151,46,Female,Salaried,684000,779,1661000,48,18452,0.32,Pondicherry,Home,2026-06-29,0
CUST104152,40,Male,Salaried,678000,691,1476000,48,10231,0.18,Pondicherry,Home,2026-05-06,0
CUST104153,61,Female,Self-Employed,1319000,755,814000,48,21481,0.2,Pondicherry,Personal,2025-02-16,0
CUST104154,47,Male,Salaried,807000,698,327000,36,13160,0.2,Trichy,Personal,2025-03-31,0
CUST104155,32,Male,Self-Employed,1025000,618,1081000,120,11417,0.13,Coimbatore,Personal,2024-12-20,0
CUST104156,27,Male,Business,1567000,667,1437000,12,11031,0.08,Madurai,Education,2025-04-06,0
CUST104157,23,Female,Business,1346000,787,1525000,60,14423,0.13,Trichy,Home,2026-05-25,0
CUST104158,30,Male,Salaried,1035000,533,1784000,36,26153,0.3,Chennai,Home,2025-12-10,0
CUST104159,54,Female,Salaried,642000,731,301000,48,11391,0.21,Trichy,Home,2024-10-29,0
CUST104160,45,Female,Self-Employed,305000,568,945000,48,7753,0.31,Madurai,Vehicle,2026-03-17,0
CUST104161,55,Male,Salaried,968000,574,67000,48,22066,0.27,Chennai,Personal,2024-08-21,1
CUST104162,36,Female,Salaried,1002000,742,439000,120,12907,0.15,Madurai,Business Expansion,2024-10-02,0
CUST104163,22,Female,Salaried,1055000,570,1315000,84,9283,0.11,Chennai,Education,2025-05-30,0
CUST104164,44,Male,Salaried,476000,683,1326000,24,8733,0.22,Chennai,Home,2025-06-21,0
CUST104165,30,Male,Business,1350000,605,1077000,84,37210,0.33,Pondicherry,Education,2026-07-31,1
CUST104166,58,Female,Self-Employed,1043000,412,1446000,12,26233,0.3,Madurai,Home,2025-04-17,1
CUST104167,42,Male,Salaried,688000,692,1498000,60,16004,0.28,Madurai,Personal,2026-05-06,0
CUST104168,46,Female,Salaried,535000,661,798000,12,12449,0.28,Chennai,Business Expansion,2025-01-19,1
CUST104169,63,Male,Business,989000,478,1252000,36,17169,0.21,Madurai,Vehicle,2026-04-18,1
CUST104170,59,Male,Salaried,962000,587,61000,24,8085,0.1,Chennai,Business Expansion,2025-10-19,0
CUST104171,47,Female,Self-Employed,1427000,462,1953000,36,16132,0.14,Trichy,Personal,2025-02-07,1
CUST104172,49,Female,Salaried,811000,715,1366000,120,15095,0.22,Pondicherry,Education,2024-10-22,0
CUST104173,58,Male,Business,1044000,774,819000,120,12606,0.14,Pondicherry,Business Expansion,2025-01-01,0
CUST104174,40,Female,Self-Employed,841000,701,308000,48,19936,0.28,Chennai,Personal,2025-10-08,0
CUST104175,47,Male,Salaried,537000,739,478000,48,7247,0.16,Madurai,Education,2025-09-21,0
CUST104176,61,Male,Salaried,1019000,603,646000,60,7147,0.08,Pondicherry,Education,2026-06-28,1
CUST104177,40,Female,Self-Employed,1305000,674,344000,12,30968,0.28,Chennai,Personal,2025-03-27,0
CUST104178,64,Male,Business,456000,649,1406000,36,9858,0.26,Chennai,Vehicle,2024-11-10,1
CUST104179,39,Male,Salaried,568000,666,1185000,84,5961,0.13,Pondicherry,Business Expansion,2025-01-09,1
CUST104180,40,Male,Self-Employed,751000,711,255000,48,21549,0.34,Pondicherry,Business Expansion,2026-04-30,0
CUST104181,55,Female,Salaried,458000,755,271000,60,6524,0.17,Coimbatore,Home,2026-05-04,1
CUST104182,22,Male,Business,1684000,614,1603000,60,35664,0.25,Chennai,Vehicle,2025-05-26,0
CUST104183,50,Female,Self-Employed,706000,498,1086000,36,19011,0.32,Madurai,Education,2025-06-24,1
CUST104184,54,Female,Salaried,981000,633,1343000,12,7913,0.1,Coimbatore,Home,2025-10-07,0
CUST104185,42,Male,Salaried,792000,630,1626000,24,20704,0.31,Madurai,Business Expansion,2026-01-15,0
CUST104186,23,Female,Salaried,936000,675,89000,120,20371,0.26,Coimbatore,Personal,2026-05-14,0
CUST104187,26,Female,Self-Employed,518000,699,554000,60,4328,0.1,Madurai,Home,2026-01-30,0
CUST104188,35,Male,Salaried,1050000,477,650000,120,21818,0.25,Trichy,Home,2025-12-21,0
CUST104189,47,Male,Salaried,646000,589,662000,36,16816,0.31,Pondicherry,Business Expansion,2025-09-30,0
CUST104190,30,Male,Business,1417000,563,1804000,48,34209,0.29,Trichy,Personal,2025-07-25,0
CUST104191,29,Female,Salaried,709000,762,1288000,24,16435,0.28,Chennai,Personal,2024-12-22,0
CUST104192,53,Female,Self-Employed,504000,606,1377000,24,4132,0.1,Coimbatore,Personal,2026-02-12,0
CUST104193,52,Male,Salaried,756000,603,571000,12,6752,0.11,Chennai,Personal,2025-12-31,0
CUST104194,26,Male,Salaried,971000,698,1802000,36,17341,0.21,Coimbatore,Home,2024-12-02,0
CUST104195,61,Male,Salaried,693000,596,1194000,12,12938,0.22,Salem,Vehicle,2025-01-20,0
CUST104196,56,Male,Self-Employed,887000,623,1383000,60,24620,0.33,Trichy,Vehicle,2026-01-03,0
CUST104197,22,Male,Salaried,751000,813,1748000,60,11928,0.19,Chennai,Home,2026-05-30,0
CUST104198,49,Female,Business,701000,810,1737000,84,8222,0.14,Chennai,Personal,2026-07-05,0
CUST104199,24,Male,Salaried,688000,613,354000,120,6147,0.11,Chennai,Vehicle,2025-09-22,0
CUST104200,21,Female,Salaried,766000,633,1499000,36,4229,0.07,Chennai,Home,2025-01-07,0
CUST104201,39,Male,Business,720000,594,1532000,48,4235,0.07,Madurai,Business Expansion,2024-11-27,0
CUST104202,46,Female,Salaried,781000,476,645000,84,14464,0.22,Coimbatore,Personal,2024-10-28,0
CUST104203,45,Male,Salaried,897000,743,251000,84,7690,0.1,Chennai,Home,2026-06-23,0
CUST104204,30,Female,Salaried,957000,867,611000,60,24362,0.31,Chennai,Personal,2025-06-26,0
CUST104205,35,Male,Self-Employed,926000,585,1734000,60,17666,0.23,Trichy,Personal,2025-10-24,1
CUST104206,42,Male,Business,1497000,576,461000,48,38605,0.31,Madurai,Home,2024-12-10,0
CUST104207,41,Male,Salaried,450000,625,269000,84,6683,0.18,Pondicherry,Home,2026-01-19,1
CUST104208,42,Female,Salaried,756000,657,1228000,24,14410,0.23,Chennai,Home,2026-03-15,1
CUST104209,56,Male,Self-Employed,914000,522,1682000,120,15814,0.21,Pondicherry,Personal,2024-10-02,1
CUST104210,54,Male,Business,793000,608,373000,36,22865,0.35,Madurai,Personal,2024-11-16,1
CUST104211,50,Female,Salaried,754000,741,660000,120,18161,0.29,Chennai,Business Expansion,2026-06-27,0
CUST104212,45,Female,Business,894000,661,389000,24,17032,0.23,Chennai,Vehicle,2026-05-25,0
CUST104213,48,Male,Salaried,530000,764,1463000,12,10245,0.23,Coimbatore,Business Expansion,2026-03-19,0
CUST104214,21,Female,Salaried,771000,682,1259000,48,8008,0.12,Coimbatore,Vehicle,2025-08-22,1
CUST104215,24,Male,Salaried,715000,551,183000,36,16112,0.27,Chennai,Personal,2025-08-19,0
CUST104216,27,Female,Salaried,1046000,598,877000,48,30059,0.34,Pondicherry,Vehicle,2025-06-17,1
CUST104217,29,Female,Salaried,772000,672,898000,48,5714,0.09,Chennai,Personal,2025-06-03,1
CUST104218,56,Male,Business,684000,548,196000,24,13747,0.24,Madurai,Personal,2025-05-08,0
CUST104219,39,Female,Salaried,510000,537,1186000,24,8727,0.21,Coimbatore,Personal,2025-02-24,0
CUST104220,21,Male,Salaried,596000,542,1602000,12,15154,0.31,Madurai,Business Expansion,2025-12-30,0
CUST104221,30,Male,Salaried,592000,696,482000,36,2467,0.05,Pondicherry,Vehicle,2025-02-08,1
CUST104222,56,Female,Self-Employed,708000,592,436000,48,5367,0.09,Salem,Personal,2026-05-08,0
CUST104223,29,Female,Business,1227000,756,1439000,120,6249,0.06,Chennai,Home,2026-03-11,0
CUST104224,62,Male,Salaried,917000,569,1107000,84,7556,0.1,Coimbatore,Personal,2026-04-14,1
CUST104225,52,Male,Salaried,508000,428,111000,120,11107,0.26,Pondicherry,Home,2025-01-13,0
CUST104226,52,Male,Salaried,522000,638,493000,12,3997,0.09,Coimbatore,Education,2024-09-30,0
CUST104227,26,Female,Salaried,996000,798,245000,48,19646,0.24,Trichy,Personal,2026-05-04,0
CUST104228,58,Female,Salaried,512000,653,136000,120,13246,0.31,Salem,Home,2024-08-03,0
CUST104229,37,Female,Salaried,420000,526,940000,12,2113,0.06,Trichy,Home,2026-05-09,0
CUST104230,30,Male,Self-Employed,978000,478,1708000,48,4729,0.06,Chennai,Home,2025-07-12,0
CUST104231,47,Female,Self-Employed,546000,732,1327000,24,15786,0.35,Pondicherry,Home,2025-11-03,1
CUST104232,55,Female,Salaried,1051000,577,1200000,60,22069,0.25,Salem,Business Expansion,2025-10-08,1
CUST104233,41,Female,Salaried,561000,788,1923000,12,4310,0.09,Trichy,Business Expansion,2026-07-06,0
CUST104234,45,Male,Self-Employed,889000,683,1235000,12,10520,0.14,Coimbatore,Education,2025-07-19,0
CUST104235,48,Male,Self-Employed,1418000,555,974000,60,40826,0.35,Salem,Vehicle,2024-10-01,0
CUST104236,35,Female,Salaried,808000,755,1389000,24,7956,0.12,Salem,Vehicle,2025-06-06,0
CUST104237,24,Female,Business,399000,566,221000,12,9171,0.28,Salem,Education,2025-04-02,0
CUST104238,49,Male,Salaried,955000,519,448000,24,9737,0.12,Coimbatore,Education,2025-12-21,0
CUST104239,29,Female,Salaried,974000,571,862000,120,13761,0.17,Pondicherry,Business Expansion,2024-09-22,1
CUST104240,47,Male,Salaried,908000,719,380000,120,23775,0.31,Trichy,Business Expansion,2026-01-03,0
CUST104241,46,Female,Business,1067000,752,1432000,120,5204,0.06,Chennai,Vehicle,2026-05-03,0
CUST104242,39,Male,Salaried,588000,614,301000,120,6966,0.14,Madurai,Home,2025-09-03,0
CUST104243,48,Male,Business,909000,481,1082000,84,14858,0.2,Trichy,Personal,2024-11-16,0
CUST104244,37,Male,Salaried,477000,509,812000,48,9446,0.24,Pondicherry,Vehicle,2025-08-29,0
CUST104245,63,Male,Salaried,903000,553,1312000,84,4400,0.06,Pondicherry,Personal,2025-08-10,0
CUST104246,61,Male,Self-Employed,1134000,508,84000,120,16367,0.17,Chennai,Business Expansion,2026-02-13,0
CUST104247,62,Female,Salaried,745000,673,827000,48,9516,0.15,Madurai,Business Expansion,2025-09-19,0
CUST104248,40,Male,Salaried,734000,824,1689000,60,3551,0.06,Coimbatore,Vehicle,2025-12-12,1
CUST104249,60,Male,Salaried,732000,721,983000,120,9553,0.16,Pondicherry,Home,2026-07-25,0
CUST104250,59,Male,Business,1422000,548,1456000,36,39046,0.33,Chennai,Personal,2024-10-08,0
CUST104251,43,Male,Salaried,960000,587,718000,120,10591,0.13,Trichy,Home,2025-11-19,1
CUST104252,52,Male,Salaried,797000,605,1759000,24,14988,0.23,Madurai,Personal,2024-11-06,0
CUST104253,53,Male,Salaried,792000,685,759000,120,9202,0.14,Salem,Vehicle,2026-04-07,0
CUST104254,25,Female,Self-Employed,966000,766,1796000,36,6600,0.08,Coimbatore,Home,2024-08-16,0
CUST104255,63,Male,Salaried,655000,607,779000,36,7473,0.14,Trichy,Home,2024-10-18,0
CUST104256,54,Female,Salaried,790000,788,1274000,24,12589,0.19,Salem,Personal,2025-05-25,0
CUST104257,60,Male,Salaried,633000,839,1306000,120,7324,0.14,Trichy,Business Expansion,2025-09-14,0
CUST104258,31,Male,Self-Employed,1176000,593,677000,36,23250,0.24,Chennai,Home,2026-06-01,1
CUST104259,23,Male,Salaried,1067000,616,1569000,12,29762,0.33,Chennai,Business Expansion,2025-04-15,1
CUST104260,53,Female,Salaried,630000,617,1886000,120,3716,0.07,Pondicherry,Personal,2025-02-27,0
CUST104261,31,Female,Self-Employed,524000,630,126000,48,11576,0.27,Coimbatore,Home,2025-01-31,0
CUST104262,36,Female,Business,1332000,617,1291000,84,5591,0.05,Trichy,Vehicle,2025-02-11,0
CUST104263,38,Male,Self-Employed,1393000,704,423000,60,5839,0.05,Trichy,Education,2024-09-09,0
CUST104264,50,Female,Salaried,972000,510,102000,120,7279,0.09,Salem,Personal,2026-07-04,0
CUST104265,30,Male,Self-Employed,532000,576,1669000,24,8599,0.19,Coimbatore,Vehicle,2025-10-27,1
CUST104266,38,Male,Business,964000,679,307000,60,5173,0.06,Trichy,Business Expansion,2025-06-11,0
CUST104267,58,Female,Salaried,980000,728,181000,84,21776,0.27,Chennai,Business Expansion,2024-09-30,0
CUST104268,39,Male,Salaried,918000,847,1784000,48,4497,0.06,Coimbatore,Home,2026-06-23,0
CUST104269,56,Female,Salaried,635000,533,1860000,60,10510,0.2,Chennai,Vehicle,2025-11-22,0
CUST104270,33,Male,Business,1044000,591,1940000,24,21996,0.25,Pondicherry,Education,2024-09-05,0
CUST104271,23,Female,Salaried,921000,446,1468000,60,9307,0.12,Pondicherry,Vehicle,2025-03-16,0
CUST104272,30,Female,Salaried,761000,550,644000,36,14191,0.22,Chennai,Business Expansion,2026-01-25,1
CUST104273,58,Male,Salaried,975000,490,977000,36,10443,0.13,Coimbatore,Personal,2024-12-01,0
CUST104274,21,Male,Business,744000,603,298000,48,7082,0.11,Trichy,Personal,2025-04-20,0
CUST104275,47,Male,Salaried,684000,629,447000,120,16844,0.3,Trichy,Vehicle,2024-12-01,0
CUST104276,28,Female,Self-Employed,1066000,667,118000,36,13313,0.15,Trichy,Personal,2025-03-06,0
CUST104277,62,Male,Business,1222000,623,970000,60,29958,0.29,Salem,Business Expansion,2025-07-12,1
CUST104278,37,Female,Salaried,1011000,692,703000,12,9694,0.12,Pondicherry,Education,2025-05-03,0
CUST104279,29,Female,Self-Employed,798000,635,1496000,60,10424,0.16,Coimbatore,Business Expansion,2024-11-06,0
CUST104280,26,Male,Salaried,596000,557,701000,12,4012,0.08,Coimbatore,Education,2025-11-10,0
CUST104281,63,Male,Business,709000,498,1965000,60,11754,0.2,Madurai,Personal,2025-11-28,0
CUST104282,45,Female,Self-Employed,1257000,677,994000,12,17229,0.16,Pondicherry,Business Expansion,2024-08-06,0
CUST104283,59,Male,Business,1494000,798,389000,120,6447,0.05,Coimbatore,Personal,2024-12-01,0
CUST104284,48,Male,Salaried,1060000,878,423000,12,16735,0.19,Trichy,Home,2024-10-25,0
CUST104285,53,Male,Salaried,510000,734,934000,24,3073,0.07,Chennai,Vehicle,2025-12-16,0
CUST104286,57,Male,Salaried,1051000,781,1347000,24,26370,0.3,Salem,Personal,2024-10-20,1
CUST104287,29,Female,Salaried,557000,691,306000,84,9195,0.2,Pondicherry,Education,2025-07-28,0
CUST104288,38,Male,Business,1358000,677,1948000,60,29085,0.26,Coimbatore,Personal,2025-09-30,0
CUST104289,41,Female,Salaried,1038000,659,565000,36,25633,0.3,Coimbatore,Education,2026-07-04,0
CUST104290,22,Male,Salaried,815000,640,1341000,24,4438,0.07,Chennai,Home,2024-09-10,1
CUST104291,63,Female,Salaried,574000,704,1995000,12,7230,0.15,Pondicherry,Business Expansion,2026-07-31,0
CUST104292,58,Male,Salaried,552000,603,1430000,60,2646,0.06,Pondicherry,Business Expansion,2025-07-14,0
CUST104293,60,Male,Salaried,947000,636,896000,36,5120,0.06,Trichy,Vehicle,2024-11-22,0
CUST104294,56,Male,Salaried,881000,543,357000,60,4504,0.06,Chennai,Personal,2025-02-16,0
CUST104295,63,Female,Business,1374000,692,1940000,12,22141,0.19,Chennai,Business Expansion,2024-12-13,0
CUST104296,57,Female,Salaried,577000,563,651000,24,8905,0.19,Coimbatore,Personal,2025-02-15,1
CUST104297,35,Male,Self-Employed,606000,628,1600000,24,3452,0.07,Chennai,Vehicle,2025-01-04,1
CUST104298,48,Male,Salaried,590000,695,1721000,48,6328,0.13,Coimbatore,Vehicle,2025-06-19,0
CUST104299,38,Male,Self-Employed,1098000,677,781000,48,11286,0.12,Chennai,Home,2025-12-24,0
CUST104300,54,Male,Salaried,1028000,719,1871000,84,11906,0.14,Coimbatore,Home,2025-06-02,0
CUST104301,42,Female,Business,1033000,630,1767000,84,20851,0.24,Trichy,Personal,2024-09-13,0
CUST104302,31,Female,Self-Employed,610000,668,540000,84,13171,0.26,Pondicherry,Education,2026-07-18,0
CUST104303,33,Male,Salaried,441000,606,688000,60,5575,0.15,Coimbatore,Personal,2025-06-19,0
CUST104304,24,Female,Salaried,1030000,472,687000,60,24588,0.29,Trichy,Business Expansion,2025-03-10,0
CUST104305,42,Male,Salaried,958000,697,756000,36,13999,0.18,Chennai,Vehicle,2025-04-16,0
CUST104306,27,Female,Self-Employed,882000,651,247000,84,15193,0.21,Madurai,Education,2026-03-25,0
CUST104307,63,Male,Self-Employed,985000,716,1424000,24,7688,0.09,Salem,Personal,2025-10-24,0
CUST104308,44,Male,Salaried,545000,647,1291000,84,5444,0.12,Chennai,Home,2026-04-07,0
CUST104309,24,Male,Salaried,570000,505,1081000,24,12742,0.27,Chennai,Business Expansion,2025-07-24,1
CUST104310,48,Male,Business,1282000,641,1304000,84,36655,0.34,Chennai,Vehicle,2026-07-18,0
CUST104311,35,Female,Business,1134000,729,1776000,48,24701,0.26,Madurai,Personal,2025-04-20,0
CUST104312,21,Female,Self-Employed,1134000,667,1166000,12,6261,0.07,Trichy,Personal,2024-08-27,0
CUST104313,23,Male,Salaried,982000,636,706000,12,7599,0.09,Chennai,Home,2024-08-07,0
CUST104314,34,Female,Business,1650000,500,65000,84,25263,0.18,Chennai,Personal,2025-04-21,0
CUST104315,58,Male,Self-Employed,1261000,532,1698000,48,28348,0.27,Pondicherry,Vehicle,2025-07-22,0
CUST104316,21,Female,Salaried,996000,692,1886000,60,8281,0.1,Coimbatore,Vehicle,2026-02-05,1
CUST104317,58,Male,Salaried,609000,500,1269000,84,13968,0.28,Coimbatore,Personal,2025-03-09,0
CUST104318,58,Male,Self-Employed,388000,596,955000,120,7008,0.22,Salem,Personal,2025-01-01,0
CUST104319,41,Male,Salaried,690000,653,513000,84,16235,0.28,Coimbatore,Home,2026-02-24,0
CUST104320,49,Female,Salaried,662000,753,964000,120,11987,0.22,Pondicherry,Vehicle,2025-05-03,0
CUST104321,25,Female,Business,1746000,705,867000,120,33575,0.23,Salem,Vehicle,2025-03-09,0
CUST104322,30,Male,Self-Employed,726000,711,1278000,24,7539,0.12,Chennai,Home,2026-03-14,0
CUST104323,48,Male,Business,990000,677,877000,24,21949,0.27,Madurai,Home,2024-10-26,0
CUST104324,41,Male,Salaried,649000,573,629000,84,16398,0.3,Madurai,Home,2026-03-14,0
CUST104325,27,Female,Business,1005000,594,1200000,24,26078,0.31,Pondicherry,Education,2024-09-20,1
CUST104326,23,Female,Salaried,720000,566,209000,12,3530,0.06,Coimbatore,Vehicle,2025-03-28,1
CUST104327,40,Male,Self-Employed,420000,678,1574000,60,8308,0.24,Pondicherry,Personal,2025-08-07,0
CUST104328,39,Male,Salaried,939000,587,1539000,120,27141,0.35,Salem,Personal,2024-12-06,0
CUST104329,55,Female,Salaried,722000,614,897000,84,13602,0.23,Pondicherry,Education,2025-03-17,0
CUST104330,24,Male,Salaried,846000,652,1930000,12,7147,0.1,Salem,Vehicle,2025-07-13,0
CUST104331,25,Male,Self-Employed,972000,772,547000,60,25375,0.31,Trichy,Home,2025-02-11,1
CUST104332,21,Male,Salaried,810000,709,1521000,48,8727,0.13,Salem,Personal,2024-11-09,0
CUST104333,24,Male,Salaried,437000,580,513000,60,2312,0.06,Chennai,Business Expansion,2025-06-01,0
CUST104334,32,Male,Salaried,922000,663,391000,120,13765,0.18,Trichy,Personal,2024-08-04,0
CUST104335,47,Female,Salaried,733000,798,557000,12,4891,0.08,Trichy,Personal,2026-07-13,0
CUST104336,62,Male,Self-Employed,308000,680,1737000,24,2170,0.08,Coimbatore,Education,2025-01-09,0
CUST104337,43,Female,Business,662000,506,1357000,12,10425,0.19,Chennai,Education,2025-03-28,0
CUST104338,45,Male,Salaried,670000,567,200000,48,13054,0.23,Madurai,Education,2025-08-28,0
CUST104339,41,Female,Self-Employed,859000,535,1071000,24,23022,0.32,Chennai,Home,2025-02-02,0
CUST104340,44,Male,Business,613000,779,624000,12,13362,0.26,Coimbatore,Home,2024-10-20,0
CUST104341,45,Female,Self-Employed,916000,738,935000,24,23112,0.3,Coimbatore,Personal,2026-03-09,1
CUST104342,52,Male,Self-Employed,836000,568,944000,120,12089,0.17,Salem,Business Expansion,2026-06-27,0
CUST104343,52,Male,Salaried,814000,591,745000,48,9875,0.15,Chennai,Vehicle,2026-07-27,0
CUST104344,25,Male,Salaried,433000,654,262000,60,8221,0.23,Pondicherry,Business Expansion,2024-10-20,1
CUST104345,56,Female,Salaried,581000,656,634000,60,12522,0.26,Chennai,Education,2026-07-02,1
CUST104346,62,Male,Salaried,548000,563,1395000,120,10068,0.22,Madurai,Business Expansion,2025-02-17,0
CUST104347,62,Female,Business,1388000,627,845000,120,14962,0.13,Madurai,Home,2026-07-04,0
CUST104348,59,Female,Salaried,916000,519,715000,36,12283,0.16,Madurai,Home,2026-06-13,0
CUST104349,36,Male,Salaried,484000,764,237000,24,7441,0.18,Pondicherry,Personal,2025-03-10,0
CUST104350,53,Female,Business,1546000,491,1645000,84,6988,0.05,Pondicherry,Personal,2024-08-17,0
CUST104351,41,Male,Salaried,1017000,490,817000,48,26607,0.31,Pondicherry,Home,2026-07-12,1
CUST104352,29,Male,Business,1657000,689,1036000,12,28089,0.2,Coimbatore,Business Expansion,2025-03-26,0
CUST104353,26,Male,Self-Employed,1188000,513,232000,84,27255,0.28,Trichy,Home,2025-07-12,0
CUST104354,55,Female,Salaried,607000,604,433000,12,5137,0.1,Madurai,Vehicle,2025-04-02,0
CUST104355,59,Male,Self-Employed,1064000,630,74000,36,19240,0.22,Chennai,Business Expansion,2025-10-24,1
CUST104356,42,Female,Self-Employed,586000,685,966000,12,16009,0.33,Pondicherry,Home,2025-05-31,0
CUST104357,61,Male,Salaried,793000,630,1610000,120,7552,0.11,Pondicherry,Home,2024-11-21,0
CUST104358,25,Male,Salaried,1069000,810,1387000,48,13697,0.15,Coimbatore,Home,2025-10-28,0
CUST104359,62,Female,Salaried,933000,649,87000,48,12945,0.17,Salem,Home,2025-09-21,1
CUST104360,43,Male,Self-Employed,595000,732,351000,120,8180,0.16,Pondicherry,Vehicle,2025-04-14,1
CUST104361,37,Male,Salaried,1072000,675,1442000,60,20563,0.23,Coimbatore,Vehicle,2024-09-24,0
CUST104362,32,Female,Self-Employed,1091000,816,149000,24,15285,0.17,Coimbatore,Vehicle,2025-10-13,0
CUST104363,43,Male,Salaried,1001000,745,1461000,24,21039,0.25,Salem,Personal,2024-12-16,1
CUST104364,36,Male,Salaried,916000,653,708000,12,14913,0.2,Trichy,Personal,2025-08-07,0
CUST104365,23,Male,Salaried,488000,706,495000,24,3956,0.1,Coimbatore,Vehicle,2026-03-30,1
CUST104366,50,Male,Salaried,875000,626,1865000,120,24395,0.33,Trichy,Home,2024-12-03,0
CUST104367,42,Female,Salaried,442000,625,519000,36,4488,0.12,Madurai,Home,2024-08-24,0
CUST104368,29,Female,Salaried,1065000,532,104000,24,19413,0.22,Madurai,Business Expansion,2025-10-30,1
CUST104369,49,Male,Salaried,935000,577,1569000,84,5314,0.07,Trichy,Personal,2024-10-31,0
CUST104370,57,Male,Business,689000,835,1994000,120,18694,0.33,Madurai,Business Expansion,2025-12-09,1
CUST104371,43,Male,Salaried,780000,541,633000,12,21345,0.33,Trichy,Home,2025-07-30,1
CUST104372,33,Female,Self-Employed,831000,566,804000,24,11035,0.16,Salem,Home,2026-02-14,1
CUST104373,52,Male,Business,1346000,641,176000,84,9679,0.09,Salem,Personal,2026-07-13,0
CUST104374,43,Male,Business,369000,644,1394000,48,8640,0.28,Trichy,Business Expansion,2025-01-04,0
CUST104375,37,Female,Business,1409000,684,1839000,48,15108,0.13,Salem,Business Expansion,2026-05-21,0
CUST104376,60,Female,Salaried,1021000,607,1141000,60,22137,0.26,Pondicherry,Home,2024-11-01,0
CUST104377,41,Male,Self-Employed,648000,665,1469000,120,17525,0.32,Chennai,Education,2025-08-14,1
CUST104378,22,Male,Business,378000,752,202000,60,7152,0.23,Salem,Personal,2026-07-20,0
CUST104379,57,Male,Business,1471000,763,1222000,60,37801,0.31,Chennai,Home,2025-11-22,0
CUST104380,26,Male,Self-Employed,931000,600,1476000,60,9107,0.12,Coimbatore,Home,2024-08-05,1
CUST104381,64,Female,Salaried,951000,705,275000,24,25607,0.32,Trichy,Personal,2025-10-07,0
CUST104382,38,Female,Business,1483000,546,887000,120,14582,0.12,Madurai,Personal,2024-10-31,1
CUST104383,50,Female,Salaried,503000,585,741000,120,4935,0.12,Madurai,Home,2025-06-07,1
CUST104384,42,Male,Salaried,645000,544,1383000,84,16875,0.31,Pondicherry,Education,2024-09-15,0
CUST104385,53,Male,Salaried,814000,645,468000,12,14683,0.22,Chennai,Vehicle,2024-12-21,0
CUST104386,50,Male,Salaried,1063000,572,564000,24,25674,0.29,Salem,Business Expansion,2025-10-30,1
CUST104387,37,Male,Salaried,529000,513,338000,12,12817,0.29,Coimbatore,Vehicle,2025-03-12,0
CUST104388,63,Female,Salaried,504000,615,250000,12,10251,0.24,Salem,Vehicle,2025-01-14,0
CUST104389,52,Male,Business,1383000,494,1592000,12,12299,0.11,Coimbatore,Personal,2025-09-10,1
CUST104390,62,Male,Salaried,658000,769,922000,12,14126,0.26,Madurai,Vehicle,2025-06-14,0
CUST104391,34,Male,Salaried,423000,599,716000,48,2435,0.07,Coimbatore,Education,2025-02-13,1
CUST104392,30,Male,Business,1543000,738,818000,84,14169,0.11,Trichy,Vehicle,2026-06-02,0
CUST104393,56,Male,Salaried,976000,605,217000,12,19753,0.24,Chennai,Personal,2026-05-25,0
CUST104394,54,Female,Salaried,866000,542,963000,24,23262,0.32,Coimbatore,Home,2026-07-29,1
CUST104395,29,Male,Salaried,641000,755,1748000,12,15037,0.28,Chennai,Education,2025-05-26,0
CUST104396,62,Female,Salaried,965000,657,1410000,48,12041,0.15,Madurai,Home,2024-09-07,0
CUST104397,48,Male,Salaried,612000,819,1368000,24,15152,0.3,Salem,Business Expansion,2026-05-17,0
CUST104398,31,Male,Self-Employed,564000,583,429000,120,15979,0.34,Chennai,Personal,2024-08-11,1
CUST104399,34,Female,Business,905000,609,1084000,84,11281,0.15,Trichy,Personal,2025-05-08,0
CUST104400,59,Male,Self-Employed,1232000,715,406000,36,10887,0.11,Pondicherry,Vehicle,2025-09-14,0
CUST104401,39,Female,Salaried,971000,741,862000,24,8840,0.11,Chennai,Home,2025-12-15,0
CUST104402,35,Male,Salaried,580000,663,180000,120,8221,0.17,Chennai,Personal,2026-02-02,0
CUST104403,48,Male,Salaried,949000,900,254000,48,5195,0.07,Chennai,Home,2024-09-25,0
CUST104404,44,Female,Salaried,565000,624,1509000,84,9243,0.2,Chennai,Vehicle,2025-07-22,0
CUST104405,28,Female,Salaried,569000,535,365000,48,12787,0.27,Chennai,Home,2024-11-20,1
CUST104406,63,Female,Business,1623000,559,653000,60,28285,0.21,Coimbatore,Home,2025-07-30,1
CUST104407,29,Female,Salaried,448000,625,1387000,36,12731,0.34,Coimbatore,Business Expansion,2024-12-26,0
CUST104408,53,Male,Salaried,750000,786,535000,12,11781,0.19,Pondicherry,Personal,2025-12-11,0
CUST104409,53,Female,Salaried,967000,633,160000,120,4349,0.05,Pondicherry,Home,2025-06-04,1
CUST104410,39,Female,Salaried,603000,790,1363000,48,9599,0.19,Pondicherry,Vehicle,2026-01-28,1
CUST104411,23,Male,Self-Employed,1105000,664,296000,60,30292,0.33,Madurai,Personal,2025-05-28,0
CUST104412,30,Male,Business,1057000,747,461000,60,6937,0.08,Coimbatore,Personal,2025-06-28,0
CUST104413,60,Female,Salaried,857000,684,622000,84,8347,0.12,Coimbatore,Education,2026-04-04,0
CUST104414,62,Male,Salaried,743000,684,499000,12,16387,0.26,Coimbatore,Vehicle,2024-09-28,0
CUST104415,21,Male,Business,803000,717,938000,120,9249,0.14,Madurai,Home,2025-06-19,0
CUST104416,49,Female,Self-Employed,1232000,573,1695000,120,28702,0.28,Salem,Vehicle,2025-10-11,1
CUST104417,54,Male,Business,515000,599,1494000,120,7544,0.18,Chennai,Home,2025-12-18,1
CUST104418,33,Male,Salaried,545000,681,1473000,84,13117,0.29,Coimbatore,Home,2025-09-05,0
CUST104419,21,Female,Salaried,525000,824,1529000,24,9426,0.22,Trichy,Education,2025-10-29,0
CUST104420,54,Male,Salaried,461000,511,793000,36,2871,0.07,Pondicherry,Personal,2025-08-13,1
CUST104421,49,Female,Salaried,1001000,467,174000,12,13833,0.17,Chennai,Business Expansion,2026-02-08,1
CUST104422,33,Male,Self-Employed,807000,601,1788000,84,10085,0.15,Chennai,Home,2025-05-30,0
CUST104423,49,Male,Salaried,987000,742,990000,12,24101,0.29,Pondicherry,Home,2025-02-22,1
CUST104424,59,Male,Salaried,735000,654,1856000,24,14544,0.24,Chennai,Personal,2026-04-16,0
CUST104425,44,Female,Salaried,1040000,544,309000,24,24545,0.28,Madurai,Personal,2025-09-14,0
CUST104426,46,Male,Business,1434000,657,584000,48,19316,0.16,Pondicherry,Vehicle,2024-12-02,0
CUST104427,37,Male,Salaried,816000,494,1785000,24,17511,0.26,Salem,Vehicle,2026-06-02,0
CUST104428,27,Male,Salaried,597000,706,129000,24,3461,0.07,Chennai,Vehicle,2025-11-07,0
CUST104429,33,Male,Self-Employed,1007000,597,321000,36,5120,0.06,Coimbatore,Vehicle,2025-06-12,0
CUST104430,25,Male,Salaried,432000,642,1929000,84,4904,0.14,Chennai,Vehicle,2025-12-26,0
CUST104431,46,Male,Salaried,499000,688,1638000,84,11731,0.28,Madurai,Business Expansion,2025-01-21,1
CUST104432,23,Male,Salaried,1036000,668,1851000,120,18149,0.21,Trichy,Personal,2025-03-06,0
CUST104433,27,Male,Business,1079000,601,1491000,120,15523,0.17,Salem,Business Expansion,2026-06-25,0
CUST104434,59,Female,Self-Employed,938000,718,451000,36,24934,0.32,Madurai,Personal,2026-06-30,1
CUST104435,21,Female,Self-Employed,1424000,696,1126000,36,23639,0.2,Madurai,Vehicle,2026-03-29,0
CUST104436,37,Male,Business,1067000,490,321000,12,20807,0.23,Coimbatore,Business Expansion,2024-09-10,0
CUST104437,63,Male,Business,675000,629,945000,120,19448,0.35,Chennai,Home,2024-09-20,0
CUST104438,45,Female,Self-Employed,1283000,527,277000,36,22101,0.21,Coimbatore,Personal,2025-12-30,0
CUST104439,23,Female,Salaried,716000,535,1765000,36,17008,0.29,Chennai,Education,2025-07-10,0
CUST104440,35,Male,Self-Employed,541000,673,420000,60,7851,0.17,Pondicherry,Personal,2026-06-09,0
CUST104441,49,Female,Salaried,838000,612,1898000,36,4252,0.06,Madurai,Business Expansion,2026-07-07,0
CUST104442,63,Male,Business,1052000,637,761000,12,26329,0.3,Chennai,Home,2026-05-21,1
CUST104443,52,Male,Self-Employed,1156000,564,241000,84,32109,0.33,Madurai,Vehicle,2026-06-09,0
CUST104444,46,Male,Salaried,732000,683,1029000,60,10999,0.18,Chennai,Business Expansion,2025-10-11,0
CUST104445,36,Female,Salaried,815000,711,1096000,120,13657,0.2,Chennai,Personal,2025-08-11,0
CUST104446,45,Male,Salaried,852000,845,1625000,12,12584,0.18,Pondicherry,Personal,2025-03-22,0
CUST104447,48,Female,Salaried,817000,633,1983000,12,23765,0.35,Salem,Home,2026-02-13,0
CUST104448,29,Male,Salaried,840000,519,1409000,60,22470,0.32,Chennai,Home,2025-06-30,1
CUST104449,21,Male,Salaried,665000,604,1303000,60,3454,0.06,Pondicherry,Personal,2026-06-05,0
CUST104450,49,Male,Salaried,717000,726,1603000,60,16951,0.28,Coimbatore,Business Expansion,2024-09-30,0
CUST104451,42,Female,Self-Employed,991000,555,537000,60,19014,0.23,Coimbatore,Education,2025-12-14,1
CUST104452,36,Male,Salaried,626000,516,783000,12,3001,0.06,Trichy,Vehicle,2025-04-04,0
CUST104453,61,Male,Salaried,989000,582,1237000,60,15116,0.18,Chennai,Business Expansion,2025-07-24,0
CUST104454,64,Male,Salaried,528000,601,1496000,24,4176,0.09,Chennai,Vehicle,2025-08-28,0
CUST104455,61,Female,Business,1136000,552,1433000,84,29527,0.31,Chennai,Vehicle,2026-06-23,0
CUST104456,27,Male,Salaried,742000,669,1242000,120,3327,0.05,Chennai,Business Expansion,2025-07-04,0
CUST104457,34,Male,Salaried,470000,642,1586000,36,12217,0.31,Chennai,Personal,2024-10-07,0
CUST104458,49,Male,Self-Employed,1401000,696,898000,120,38790,0.33,Coimbatore,Personal,2025-01-08,0
CUST104459,39,Female,Salaried,584000,609,397000,120,3498,0.07,Coimbatore,Home,2026-04-04,0
CUST104460,39,Female,Salaried,1038000,700,815000,120,23004,0.27,Trichy,Business Expansion,2025-09-23,0
CUST104461,22,Female,Salaried,459000,605,1272000,36,8211,0.21,Coimbatore,Home,2025-04-26,0
CUST104462,61,Male,Self-Employed,826000,523,1285000,84,23147,0.34,Chennai,Home,2026-03-14,1
CUST104463,35,Male,Self-Employed,1043000,576,731000,24,25157,0.29,Chennai,Personal,2025-02-05,1
CUST104464,23,Female,Self-Employed,768000,479,1225000,84,16532,0.26,Pondicherry,Education,2024-11-05,0
CUST104465,31,Male,Salaried,676000,810,1958000,12,18457,0.33,Chennai,Business Expansion,2025-05-31,0
CUST104466,50,Male,Self-Employed,621000,637,626000,12,5076,0.1,Pondicherry,Personal,2025-01-13,0
CUST104467,60,Male,Salaried,437000,578,579000,36,5928,0.16,Coimbatore,Vehicle,2026-02-17,0
CUST104468,38,Female,Salaried,425000,616,1163000,48,10727,0.3,Salem,Education,2025-01-06,0
CUST104469,22,Male,Salaried,455000,429,1087000,84,3051,0.08,Coimbatore,Personal,2024-09-18,0
CUST104470,52,Male,Self-Employed,713000,754,68000,120,19645,0.33,Chennai,Personal,2025-11-08,0
CUST104471,28,Female,Salaried,1013000,770,1155000,24,23091,0.27,Madurai,Vehicle,2026-05-24,0
CUST104472,42,Male,Self-Employed,928000,634,1834000,24,14059,0.18,Madurai,Personal,2025-03-12,0
CUST104473,26,Male,Business,531000,678,670000,36,6709,0.15,Trichy,Education,2025-02-09,0
CUST104474,32,Female,Salaried,523000,535,1592000,120,4109,0.09,Coimbatore,Business Expansion,2024-09-17,0
CUST104475,60,Female,Salaried,507000,542,1905000,60,3299,0.08,Chennai,Vehicle,2026-03-27,1
CUST104476,56,Female,Salaried,1037000,497,51000,84,15302,0.18,Madurai,Vehicle,2024-11-13,0
CUST104477,35,Female,Salaried,431000,635,1336000,48,10880,0.3,Salem,Education,2025-05-08,0
CUST104478,48,Male,Salaried,837000,745,1613000,12,14616,0.21,Salem,Home,2024-08-21,0
CUST104479,38,Female,Business,486000,615,1933000,12,7506,0.19,Madurai,Home,2025-11-28,1
CUST104480,22,Male,Salaried,512000,681,1563000,12,6217,0.15,Chennai,Home,2026-05-03,0
CUST104481,33,Female,Self-Employed,1401000,713,386000,12,11334,0.1,Chennai,Vehicle,2025-09-20,1
CUST104482,35,Female,Salaried,830000,503,335000,24,24002,0.35,Pondicherry,Business Expansion,2026-03-08,0
CUST104483,40,Female,Business,1280000,816,303000,24,6156,0.06,Pondicherry,Vehicle,2025-01-21,0
CUST104484,49,Female,Business,884000,754,646000,60,10574,0.14,Salem,Vehicle,2025-04-18,1
CUST104485,62,Female,Self-Employed,659000,671,1558000,24,15421,0.28,Madurai,Personal,2025-01-15,0
CUST104486,49,Male,Business,527000,733,1274000,60,9054,0.21,Pondicherry,Home,2024-12-23,0
CUST104487,23,Female,Salaried,664000,737,1365000,120,7976,0.14,Pondicherry,Home,2026-02-16,0
CUST104488,39,Male,Salaried,832000,676,1957000,60,24115,0.35,Madurai,Vehicle,2025-03-09,0
CUST104489,23,Male,Self-Employed,894000,753,1351000,120,17563,0.24,Pondicherry,Business Expansion,2026-04-12,0
CUST104490,34,Male,Self-Employed,344000,584,1408000,12,3971,0.14,Chennai,Business Expansion,2025-07-05,0
CUST104491,60,Male,Business,1058000,691,1663000,12,26836,0.3,Trichy,Home,2026-03-11,0
CUST104492,24,Female,Salaried,712000,768,1484000,24,5639,0.1,Salem,Home,2026-05-10,0
CUST104493,31,Female,Salaried,724000,407,1283000,120,11407,0.19,Chennai,Business Expansion,2024-11-15,0
CUST104494,51,Male,Salaried,1053000,689,687000,24,26489,0.3,Trichy,Home,2026-02-06,0
CUST104495,63,Male,Business,1294000,715,1083000,60,37213,0.35,Coimbatore,Personal,2024-12-21,1
CUST104496,52,Male,Business,437000,496,1313000,36,6005,0.16,Pondicherry,Home,2025-01-09,0
CUST104497,47,Female,Self-Employed,921000,650,1863000,12,7017,0.09,Trichy,Vehicle,2026-03-25,0
CUST104498,50,Male,Salaried,762000,578,968000,120,13975,0.22,Salem,Personal,2025-07-19,0
CUST104499,63,Female,Self-Employed,866000,660,869000,48,24045,0.33,Trichy,Home,2025-03-16,1
CUST104500,22,Female,Self-Employed,1135000,616,1243000,36,23615,0.25,Coimbatore,Vehicle,2025-05-04,0
CUST104501,29,Male,Salaried,917000,564,730000,12,17625,0.23,Chennai,Personal,2026-05-21,0
CUST104502,48,Female,Self-Employed,1310000,724,865000,12,15587,0.14,Pondicherry,Home,2024-11-04,0
CUST104503,51,Female,Salaried,805000,612,886000,24,15556,0.23,Coimbatore,Vehicle,2025-12-11,0
CUST104504,54,Female,Salaried,553000,674,996000,48,14534,0.32,Trichy,Business Expansion,2024-08-01,0
CUST104505,35,Male,Salaried,949000,768,522000,84,12863,0.16,Chennai,Home,2025-01-26,0
CUST104506,45,Male,Self-Employed,767000,542,1842000,48,7837,0.12,Pondicherry,Home,2025-01-08,1
CUST104507,56,Female,Business,1378000,650,521000,12,22310,0.19,Coimbatore,Home,2026-01-20,0
CUST104508,28,Male,Self-Employed,1395000,580,1938000,84,18932,0.16,Salem,Personal,2025-06-06,1
CUST104509,29,Female,Self-Employed,1116000,600,1835000,84,17760,0.19,Trichy,Business Expansion,2024-09-14,0
CUST104510,57,Male,Salaried,701000,844,745000,60,4598,0.08,Chennai,Home,2026-05-29,0
CUST104511,59,Male,Self-Employed,1263000,666,278000,48,15878,0.15,Madurai,Personal,2024-08-28,1
CUST104512,52,Male,Salaried,513000,678,1912000,36,12737,0.3,Salem,Home,2025-02-28,0
CUST104513,37,Male,Self-Employed,1079000,672,1481000,60,15294,0.17,Pondicherry,Personal,2026-01-02,0
CUST104514,55,Male,Salaried,711000,688,1472000,24,20166,0.34,Coimbatore,Home,2024-08-05,0
CUST104515,57,Male,Self-Employed,408000,460,1276000,12,8930,0.26,Salem,Education,2026-01-05,1
CUST104516,39,Male,Self-Employed,1283000,831,1757000,12,17086,0.16,Chennai,Vehicle,2025-07-07,0
CUST104517,64,Female,Self-Employed,1193000,493,1666000,36,12476,0.13,Coimbatore,Personal,2025-02-16,1
CUST104518,49,Female,Self-Employed,476000,780,98000,36,10139,0.26,Trichy,Business Expansion,2026-05-28,0
CUST104519,27,Male,Salaried,610000,705,776000,84,7153,0.14,Chennai,Home,2026-04-26,0
CUST104520,48,Male,Business,1748000,666,1762000,24,47788,0.33,Madurai,Home,2025-02-04,0
CUST104521,29,Male,Salaried,666000,622,1013000,24,4711,0.08,Trichy,Education,2025-05-29,0
CUST104522,48,Male,Business,1487000,884,1168000,84,7264,0.06,Trichy,Personal,2024-12-18,0
CUST104523,26,Female,Self-Employed,339000,679,167000,84,3285,0.12,Chennai,Education,2024-08-13,0
CUST104524,49,Male,Salaried,576000,651,659000,48,11135,0.23,Madurai,Vehicle,2026-07-15,1
CUST104525,37,Male,Business,795000,601,1147000,60,19907,0.3,Madurai,Education,2025-08-07,0
CUST104526,36,Female,Self-Employed,548000,566,86000,12,4614,0.1,Madurai,Business Expansion,2025-07-15,0
CUST104527,43,Male,Business,1787000,654,1403000,48,33568,0.23,Pondicherry,Home,2025-04-21,0
CUST104528,51,Female,Self-Employed,953000,541,1499000,24,7405,0.09,Chennai,Business Expansion,2025-09-30,1
CUST104529,23,Male,Salaried,928000,711,236000,36,16932,0.22,Pondicherry,Home,2024-11-10,0
CUST104530,41,Female,Salaried,602000,591,1457000,48,2781,0.06,Pondicherry,Vehicle,2026-07-06,0
CUST104531,46,Male,Salaried,630000,740,508000,36,11410,0.22,Trichy,Personal,2025-08-28,0
CUST104532,56,Male,Business,1206000,738,1040000,84,20756,0.21,Madurai,Vehicle,2026-05-06,0
CUST104533,62,Male,Self-Employed,390000,620,827000,60,2042,0.06,Coimbatore,Business Expansion,2025-07-19,0
CUST104534,57,Male,Salaried,437000,702,1820000,120,9352,0.26,Coimbatore,Business Expansion,2025-06-07,1
CUST104535,42,Male,Self-Employed,413000,681,919000,36,7629,0.22,Trichy,Business Expansion,2025-12-13,0
CUST104536,62,Male,Self-Employed,998000,493,1382000,120,19704,0.24,Madurai,Business Expansion,2025-03-01,0
CUST104537,32,Female,Salaried,448000,805,1499000,120,7800,0.21,Coimbatore,Personal,2025-08-14,0
CUST104538,62,Male,Salaried,954000,626,1465000,12,21194,0.27,Madurai,Business Expansion,2024-09-24,1
CUST104539,33,Female,Salaried,733000,712,1404000,60,12674,0.21,Pondicherry,Vehicle,2024-11-04,0
CUST104540,31,Male,Salaried,523000,715,901000,36,14237,0.33,Chennai,Business Expansion,2025-06-09,0
CUST104541,36,Female,Salaried,799000,425,457000,48,22175,0.33,Salem,Education,2025-02-01,0
CUST104542,28,Male,Salaried,678000,590,1068000,12,15142,0.27,Chennai,Home,2025-09-27,0
CUST104543,60,Male,Business,992000,725,1380000,12,26745,0.32,Madurai,Personal,2026-05-30,1
CUST104544,60,Male,Salaried,665000,655,120000,24,18118,0.33,Madurai,Business Expansion,2026-05-28,1
CUST104545,22,Male,Salaried,896000,712,1517000,24,9602,0.13,Chennai,Home,2025-12-18,0
CUST104546,50,Male,Salaried,605000,658,198000,48,17554,0.35,Salem,Personal,2026-04-05,0
CUST104547,50,Male,Salaried,672000,760,1949000,84,7292,0.13,Coimbatore,Business Expansion,2025-07-20,0
CUST104548,32,Female,Salaried,914000,660,1510000,24,4231,0.06,Chennai,Home,2024-10-12,0
CUST104549,30,Female,Salaried,696000,778,1335000,36,19642,0.34,Trichy,Education,2024-08-22,0
CUST104550,64,Male,Self-Employed,765000,536,1872000,84,7466,0.12,Trichy,Education,2025-02-17,1
CUST104551,31,Female,Self-Employed,971000,613,1725000,24,18225,0.23,Salem,Personal,2025-01-20,1
CUST104552,35,Female,Salaried,504000,596,1430000,12,14330,0.34,Coimbatore,Business Expansion,2026-05-17,1
CUST104553,36,Female,Self-Employed,944000,659,958000,48,5100,0.06,Chennai,Home,2025-10-23,0
CUST104554,37,Male,Salaried,801000,624,1378000,36,8730,0.13,Chennai,Business Expansion,2025-07-18,0
CUST104555,46,Male,Salaried,866000,629,1616000,12,16789,0.23,Trichy,Personal,2025-12-08,0
CUST104556,22,Male,Self-Employed,1412000,561,826000,12,32801,0.28,Madurai,Business Expansion,2024-12-24,0
CUST104557,32,Female,Business,1256000,608,204000,60,30584,0.29,Salem,Home,2025-04-24,0
CUST104558,46,Male,Self-Employed,899000,624,1189000,24,23610,0.32,Trichy,Vehicle,2025-08-23,0
CUST104559,43,Male,Salaried,973000,468,998000,120,8151,0.1,Salem,Business Expansion,2024-09-03,0
CUST104560,38,Male,Business,661000,442,770000,84,8869,0.16,Salem,Home,2025-05-31,0
CUST104561,52,Male,Salaried,480000,655,1700000,36,10571,0.26,Coimbatore,Business Expansion,2024-10-22,0
CUST104562,58,Female,Salaried,529000,400,1124000,48,11664,0.26,Chennai,Education,2026-02-11,1
CUST104563,23,Male,Salaried,715000,632,1145000,48,8485,0.14,Chennai,Vehicle,2025-05-23,0
CUST104564,58,Female,Self-Employed,1335000,591,1996000,48,15715,0.14,Coimbatore,Business Expansion,2026-06-30,1
CUST104565,23,Female,Business,930000,698,1713000,60,11329,0.15,Madurai,Personal,2025-11-27,1
CUST104566,50,Male,Salaried,899000,589,985000,36,23795,0.32,Chennai,Vehicle,2025-05-24,0
CUST104567,21,Male,Salaried,903000,791,810000,12,24294,0.32,Coimbatore,Home,2025-09-10,0
CUST104568,50,Female,Self-Employed,532000,701,1903000,84,2413,0.05,Coimbatore,Personal,2025-08-02,1
CUST104569,52,Male,Business,739000,513,875000,60,9083,0.15,Chennai,Vehicle,2025-06-16,1
CUST104570,48,Male,Salaried,969000,624,192000,84,13534,0.17,Coimbatore,Vehicle,2025-02-20,0
CUST104571,41,Male,Business,1478000,787,1240000,84,42457,0.34,Chennai,Home,2024-09-18,0
CUST104572,33,Male,Salaried,795000,587,1143000,24,22077,0.33,Coimbatore,Home,2026-04-22,0
CUST104573,47,Male,Self-Employed,331000,620,1041000,12,6578,0.24,Chennai,Business Expansion,2026-06-26,0
CUST104574,56,Male,Salaried,427000,776,1071000,48,2268,0.06,Pondicherry,Home,2026-03-27,0
CUST104575,27,Male,Salaried,608000,601,1569000,24,5439,0.11,Chennai,Personal,2025-04-28,1
CUST104576,42,Male,Self-Employed,1396000,726,1593000,36,20970,0.18,Pondicherry,Home,2026-05-06,0
CUST104577,30,Female,Business,571000,568,1236000,36,16069,0.34,Madurai,Personal,2026-05-10,0
CUST104578,59,Male,Salaried,628000,390,1648000,120,4103,0.08,Coimbatore,Education,2025-11-22,0
CUST104579,35,Female,Salaried,843000,760,1360000,120,20190,0.29,Madurai,Business Expansion,2026-05-01,1
CUST104580,35,Male,Salaried,662000,689,1307000,84,5922,0.11,Coimbatore,Home,2025-07-12,0
CUST104581,24,Female,Salaried,1066000,695,1803000,120,17975,0.2,Chennai,Personal,2025-02-28,0
CUST104582,52,Male,Self-Employed,544000,526,1417000,60,12697,0.28,Pondicherry,Education,2025-03-12,1
CUST104583,43,Female,Salaried,1000000,558,1956000,36,21479,0.26,Salem,Business Expansion,2026-01-04,0
CUST104584,26,Male,Self-Employed,1105000,728,1326000,120,26034,0.28,Salem,Home,2024-10-19,0
CUST104585,44,Female,Salaried,793000,671,755000,48,19433,0.29,Trichy,Business Expansion,2024-11-20,0
CUST104586,40,Male,Business,1034000,639,1882000,60,12211,0.14,Coimbatore,Home,2025-05-05,0
CUST104587,57,Male,Salaried,523000,669,306000,60,6938,0.16,Coimbatore,Personal,2025-09-03,0
CUST104588,40,Male,Salaried,535000,785,891000,48,13139,0.29,Trichy,Home,2025-12-25,0
CUST104589,32,Female,Salaried,636000,715,1579000,36,3264,0.06,Pondicherry,Education,2026-02-21,0
CUST104590,53,Female,Business,901000,607,1827000,24,15342,0.2,Coimbatore,Business Expansion,2025-06-28,1
CUST104591,48,Male,Salaried,889000,523,1544000,60,24160,0.33,Salem,Home,2025-01-14,0
CUST104592,28,Female,Salaried,796000,702,1362000,24,20928,0.32,Coimbatore,Vehicle,2025-10-18,0
CUST104593,21,Female,Business,1602000,566,669000,24,38887,0.29,Madurai,Home,2026-06-24,1
CUST104594,57,Female,Business,1345000,543,598000,120,6328,0.06,Salem,Home,2025-09-12,0
CUST104595,42,Female,Business,1309000,768,1965000,24,34503,0.32,Salem,Personal,2025-10-13,0
CUST104596,26,Female,Salaried,483000,728,1898000,84,13020,0.32,Trichy,Vehicle,2025-12-27,0
CUST104597,41,Male,Salaried,975000,684,1578000,24,20239,0.25,Coimbatore,Home,2026-07-09,0
CUST104598,52,Female,Self-Employed,1426000,513,1596000,48,16597,0.14,Chennai,Personal,2025-09-11,0
CUST104599,55,Male,Salaried,821000,811,1157000,120,13476,0.2,Chennai,Personal,2025-08-17,0
CUST104600,35,Female,Salaried,850000,742,1803000,12,19747,0.28,Trichy,Vehicle,2024-09-28,0
CUST104601,25,Male,Salaried,701000,622,1823000,36,17169,0.29,Madurai,Home,2026-02-20,0
CUST104602,26,Male,Business,1495000,603,608000,12,19061,0.15,Madurai,Home,2026-07-13,0
CUST104603,45,Male,Salaried,750000,657,394000,84,9238,0.15,Coimbatore,Personal,2025-09-30,0
CUST104604,60,Female,Self-Employed,1261000,581,428000,12,28462,0.27,Madurai,Personal,2026-04-12,0
CUST104605,49,Female,Salaried,846000,849,181000,60,18041,0.26,Madurai,Vehicle,2024-12-18,0
CUST104606,27,Male,Self-Employed,1389000,590,1284000,12,23608,0.2,Salem,Education,2025-02-17,1
CUST104607,60,Female,Self-Employed,571000,528,766000,12,8378,0.18,Chennai,Home,2026-03-10,0
CUST104608,33,Female,Salaried,954000,792,1668000,48,19648,0.25,Pondicherry,Vehicle,2025-03-25,0
CUST104609,58,Female,Salaried,603000,598,126000,24,3001,0.06,Coimbatore,Home,2025-11-22,0
CUST104610,38,Male,Self-Employed,635000,695,1213000,12,3847,0.07,Trichy,Home,2025-12-26,1
CUST104611,22,Female,Salaried,571000,710,1201000,12,10559,0.22,Salem,Personal,2026-02-17,0
CUST104612,28,Male,Self-Employed,600000,619,1139000,84,5654,0.11,Coimbatore,Vehicle,2026-01-01,1
CUST104613,31,Female,Self-Employed,611000,537,982000,60,14380,0.28,Chennai,Business Expansion,2025-09-16,0
CUST104614,53,Male,Self-Employed,691000,620,803000,36,16221,0.28,Chennai,Vehicle,2026-02-01,0
CUST104615,58,Male,Salaried,820000,544,1736000,60,17970,0.26,Chennai,Home,2026-07-03,0
CUST104616,47,Female,Salaried,600000,647,1640000,36,16054,0.32,Trichy,Vehicle,2025-01-03,0
CUST104617,40,Male,Self-Employed,736000,694,196000,36,5658,0.09,Chennai,Business Expansion,2024-08-12,0
CUST104618,32,Male,Salaried,880000,804,116000,36,9369,0.13,Chennai,Personal,2025-01-19,0
CUST104619,63,Female,Business,1195000,552,521000,48,12516,0.13,Trichy,Education,2026-01-09,0
CUST104620,51,Male,Business,1210000,627,200000,48,28708,0.28,Madurai,Home,2025-08-09,1
CUST104621,47,Male,Salaried,527000,602,53000,24,9064,0.21,Coimbatore,Business Expansion,2025-06-07,0
CUST104622,52,Male,Salaried,456000,674,1091000,36,4780,0.13,Madurai,Personal,2024-11-03,0
CUST104623,30,Male,Salaried,866000,513,573000,48,6561,0.09,Trichy,Vehicle,2025-04-02,0
CUST104624,23,Male,Business,1195000,566,305000,120,31658,0.32,Chennai,Vehicle,2025-07-04,1
CUST104625,47,Male,Salaried,559000,497,1582000,48,12001,0.26,Madurai,Personal,2024-10-03,1
CUST104626,55,Female,Salaried,612000,520,1108000,84,10636,0.21,Pondicherry,Education,2026-07-22,0
CUST104627,51,Male,Self-Employed,847000,565,972000,84,23973,0.34,Coimbatore,Home,2026-07-28,0
CUST104628,35,Male,Salaried,539000,800,604000,120,13694,0.3,Pondicherry,Home,2026-01-29,0
CUST104629,36,Male,Salaried,675000,681,639000,84,5818,0.1,Pondicherry,Business Expansion,2025-11-09,0
CUST104630,33,Male,Salaried,701000,655,1580000,12,11825,0.2,Pondicherry,Home,2024-08-11,0
CUST104631,55,Female,Self-Employed,606000,746,1936000,120,9889,0.2,Trichy,Personal,2025-06-09,0
CUST104632,31,Female,Salaried,832000,684,372000,36,21027,0.3,Trichy,Vehicle,2024-10-20,0
CUST104633,41,Male,Salaried,950000,692,502000,60,7499,0.09,Pondicherry,Business Expansion,2026-03-05,0
CUST104634,31,Male,Business,520000,607,1905000,84,8039,0.19,Trichy,Education,2025-08-05,0
CUST104635,50,Male,Salaried,844000,592,910000,12,16947,0.24,Coimbatore,Business Expansion,2025-01-12,0
CUST104636,55,Female,Self-Employed,723000,506,408000,48,20097,0.33,Chennai,Business Expansion,2024-10-02,0
CUST104637,42,Female,Salaried,597000,595,101000,48,15909,0.32,Coimbatore,Education,2024-10-19,1
CUST104638,58,Male,Salaried,569000,624,578000,48,9964,0.21,Chennai,Vehicle,2024-08-29,0
CUST104639,51,Male,Salaried,494000,681,772000,48,9551,0.23,Coimbatore,Personal,2025-12-13,1
CUST104640,34,Female,Self-Employed,446000,621,1812000,60,11362,0.31,Madurai,Business Expansion,2026-06-13,0
CUST104641,44,Female,Salaried,1062000,617,82000,24,24188,0.27,Salem,Home,2026-05-30,0
CUST104642,52,Female,Salaried,804000,567,1401000,24,21024,0.31,Salem,Home,2025-10-25,0
CUST104643,56,Male,Salaried,1047000,685,485000,36,27813,0.32,Pondicherry,Business Expansion,2026-04-10,0
CUST104644,52,Male,Salaried,576000,605,1046000,120,14389,0.3,Salem,Education,2025-05-01,0
CUST104645,35,Male,Salaried,490000,681,1492000,120,2156,0.05,Salem,Personal,2025-09-05,0
CUST104646,63,Female,Self-Employed,1104000,452,1989000,84,13181,0.14,Pondicherry,Home,2025-03-29,1
CUST104647,55,Female,Salaried,585000,680,898000,48,8338,0.17,Chennai,Personal,2025-06-26,1
CUST104648,23,Male,Self-Employed,619000,692,862000,36,13069,0.25,Coimbatore,Personal,2025-03-17,0
CUST104649,36,Male,Salaried,709000,705,126000,60,8393,0.14,Madurai,Personal,2026-05-27,0
CUST104650,25,Male,Salaried,791000,632,629000,36,9694,0.15,Chennai,Vehicle,2025-07-22,0
CUST104651,41,Male,Business,1600000,732,1123000,24,22674,0.17,Pondicherry,Home,2025-12-08,0
CUST104652,30,Male,Salaried,722000,535,491000,24,20252,0.34,Chennai,Personal,2025-05-31,1
CUST104653,39,Female,Salaried,730000,641,719000,120,11019,0.18,Coimbatore,Business Expansion,2025-07-09,0
CUST104654,45,Male,Self-Employed,622000,607,1271000,84,4779,0.09,Chennai,Vehicle,2025-01-25,0
CUST104655,24,Male,Business,495000,743,1843000,24,2141,0.05,Madurai,Home,2024-08-19,1
CUST104656,49,Female,Salaried,660000,468,512000,36,6654,0.12,Madurai,Personal,2025-06-27,1
CUST104657,39,Male,Business,1573000,554,426000,120,43472,0.33,Trichy,Home,2024-09-10,0
CUST104658,63,Male,Self-Employed,1302000,782,595000,48,36510,0.34,Coimbatore,Education,2025-04-18,1
CUST104659,22,Male,Salaried,756000,431,485000,12,13148,0.21,Madurai,Home,2025-04-19,1
CUST104660,30,Female,Self-Employed,430000,698,1070000,24,8740,0.24,Trichy,Education,2025-08-22,1
CUST104661,63,Female,Salaried,531000,586,773000,36,12778,0.29,Pondicherry,Business Expansion,2025-05-28,0
CUST104662,45,Male,Salaried,847000,672,1345000,12,4712,0.07,Coimbatore,Vehicle,2025-03-18,0
CUST104663,40,Male,Salaried,917000,777,941000,24,12401,0.16,Chennai,Personal,2026-03-10,0
CUST104664,39,Male,Self-Employed,1260000,651,988000,24,25480,0.24,Chennai,Business Expansion,2026-07-02,0
CUST104665,43,Female,Salaried,476000,779,1649000,60,12672,0.32,Pondicherry,Home,2024-11-20,1
CUST104666,44,Female,Salaried,531000,605,204000,24,11861,0.27,Coimbatore,Home,2025-07-29,1
CUST104667,31,Female,Self-Employed,307000,592,1394000,120,3965,0.15,Chennai,Home,2025-01-23,1
CUST104668,54,Male,Self-Employed,1024000,695,318000,12,27562,0.32,Chennai,Vehicle,2025-09-12,1
CUST104669,48,Female,Business,1350000,610,1625000,12,28055,0.25,Pondicherry,Personal,2025-08-01,1
CUST104670,25,Female,Salaried,945000,703,209000,48,23551,0.3,Madurai,Education,2026-02-11,0
CUST104671,25,Female,Salaried,630000,756,372000,120,8696,0.17,Madurai,Home,2025-09-14,0
CUST104672,41,Male,Salaried,967000,728,1087000,12,4081,0.05,Madurai,Business Expansion,2025-01-24,0
CUST104673,32,Male,Self-Employed,494000,482,1449000,36,4110,0.1,Chennai,Home,2025-11-17,1
CUST104674,24,Male,Salaried,982000,619,169000,36,26853,0.33,Coimbatore,Personal,2026-07-29,0
CUST104675,62,Male,Business,600000,675,1387000,84,2996,0.06,Coimbatore,Home,2025-10-13,0
CUST104676,40,Male,Salaried,939000,628,397000,84,17904,0.23,Coimbatore,Education,2024-09-18,0
CUST104677,58,Female,Business,1738000,657,95000,84,25018,0.17,Pondicherry,Home,2026-04-02,0
CUST104678,45,Female,Self-Employed,420000,651,1419000,24,6260,0.18,Madurai,Vehicle,2025-05-09,0
CUST104679,34,Female,Business,1219000,602,518000,48,17294,0.17,Trichy,Home,2025-11-10,0
CUST104680,31,Male,Salaried,748000,632,1455000,24,4377,0.07,Chennai,Business Expansion,2025-11-12,0
CUST104681,52,Male,Self-Employed,429000,518,671000,48,3099,0.09,Chennai,Personal,2025-02-27,1
CUST104682,31,Female,Salaried,861000,606,1444000,120,4942,0.07,Chennai,Home,2024-12-05,0
CUST104683,38,Male,Salaried,971000,512,1532000,60,5354,0.07,Trichy,Vehicle,2025-06-13,0
CUST104684,47,Male,Salaried,1068000,660,268000,48,6735,0.08,Coimbatore,Home,2025-05-23,0
CUST104685,38,Female,Self-Employed,650000,607,1053000,60,14028,0.26,Coimbatore,Personal,2026-04-06,1
CUST104686,43,Female,Salaried,420000,567,1194000,84,2949,0.08,Trichy,Home,2024-08-19,0
CUST104687,31,Male,Business,1799000,810,1010000,120,19256,0.13,Salem,Vehicle,2026-07-23,0
CUST104688,41,Female,Salaried,1048000,627,1362000,120,21578,0.25,Chennai,Personal,2026-05-16,0
CUST104689,64,Female,Salaried,743000,675,561000,120,5181,0.08,Chennai,Home,2025-05-18,0
CUST104690,25,Female,Salaried,1068000,592,1631000,60,28753,0.32,Chennai,Vehicle,2024-12-25,0
CUST104691,43,Female,Self-Employed,1158000,587,1411000,120,18648,0.19,Trichy,Home,2024-10-28,1
CUST104692,61,Male,Salaried,777000,679,430000,24,21944,0.34,Chennai,Vehicle,2025-03-28,0
CUST104693,45,Female,Business,760000,620,1579000,36,6824,0.11,Madurai,Vehicle,2025-10-08,0
CUST104694,61,Male,Salaried,612000,650,615000,48,3018,0.06,Madurai,Education,2026-05-14,0
CUST104695,30,Male,Business,615000,722,1907000,24,11638,0.23,Chennai,Home,2024-11-04,0
CUST104696,42,Female,Salaried,576000,603,1461000,60,7133,0.15,Chennai,Vehicle,2025-01-29,0
CUST104697,39,Male,Salaried,451000,530,615000,60,8332,0.22,Coimbatore,Personal,2025-02-09,0
CUST104698,21,Female,Self-Employed,1432000,487,1955000,120,22923,0.19,Chennai,Personal,2024-12-16,1
CUST104699,27,Female,Business,1407000,779,1077000,12,21942,0.19,Chennai,Personal,2025-08-05,0
CUST104700,24,Female,Salaried,650000,733,1986000,12,16539,0.31,Madurai,Home,2026-03-11,0
CUST104701,21,Female,Business,1449000,709,801000,48,12986,0.11,Trichy,Personal,2025-12-06,0
CUST104702,35,Male,Salaried,913000,610,1665000,36,15208,0.2,Chennai,Vehicle,2025-04-02,0
CUST104703,60,Male,Self-Employed,1129000,505,250000,12,16445,0.17,Madurai,Personal,2025-09-09,0
CUST104704,32,Male,Salaried,470000,624,1275000,84,9875,0.25,Chennai,Home,2024-12-26,0
CUST104705,42,Male,Salaried,479000,641,305000,120,2596,0.07,Trichy,Home,2025-08-05,0
CUST104706,42,Male,Salaried,582000,548,248000,84,10128,0.21,Pondicherry,Personal,2026-05-19,1
CUST104707,37,Male,Business,1622000,517,122000,60,26163,0.19,Pondicherry,Personal,2024-11-24,1
CUST104708,49,Female,Business,1350000,494,1000000,120,38483,0.34,Coimbatore,Home,2025-05-29,1
CUST104709,34,Female,Salaried,1053000,709,737000,24,24284,0.28,Madurai,Personal,2026-01-04,0
CUST104710,40,Female,Business,1041000,541,268000,36,8370,0.1,Pondicherry,Vehicle,2024-11-29,0
CUST104711,53,Female,Salaried,1002000,677,1809000,48,16930,0.2,Chennai,Home,2026-05-22,0
CUST104712,63,Male,Self-Employed,1032000,589,1506000,24,24520,0.29,Madurai,Business Expansion,2025-03-15,0
CUST104713,35,Male,Salaried,488000,703,456000,48,8433,0.21,Pondicherry,Education,2024-10-18,1
CUST104714,32,Male,Self-Employed,848000,655,844000,24,11095,0.16,Coimbatore,Home,2025-07-12,0
CUST104715,60,Female,Salaried,726000,629,842000,120,9861,0.16,Coimbatore,Home,2024-12-18,0
CUST104716,40,Male,Salaried,711000,661,1166000,24,9485,0.16,Trichy,Personal,2026-01-18,0
CUST104717,50,Female,Self-Employed,527000,615,1737000,36,2458,0.06,Chennai,Home,2025-05-16,0
CUST104718,58,Male,Business,1160000,594,1153000,48,26020,0.27,Coimbatore,Business Expansion,2025-06-25,0
CUST104719,23,Male,Self-Employed,1068000,713,257000,12,20760,0.23,Chennai,Personal,2025-10-04,0
CUST104720,48,Male,Business,406000,611,141000,24,4418,0.13,Chennai,Home,2024-11-08,0
CUST104721,46,Male,Business,1640000,642,581000,84,32664,0.24,Chennai,Home,2026-03-24,0
CUST104722,50,Male,Salaried,625000,522,1126000,24,7428,0.14,Coimbatore,Home,2024-08-07,1
CUST104723,33,Female,Salaried,950000,674,132000,84,9738,0.12,Chennai,Home,2025-01-18,0
CUST104724,33,Female,Self-Employed,403000,570,1147000,12,9146,0.27,Madurai,Personal,2025-04-20,0
CUST104725,22,Male,Business,832000,607,459000,36,20296,0.29,Coimbatore,Home,2025-08-07,0
CUST104726,57,Female,Business,1284000,574,493000,36,25435,0.24,Chennai,Vehicle,2026-01-26,0
CUST104727,58,Male,Self-Employed,843000,613,179000,36,20038,0.29,Chennai,Home,2026-07-26,0
CUST104728,22,Female,Self-Employed,727000,444,820000,60,9675,0.16,Chennai,Business Expansion,2025-12-10,1
CUST104729,56,Male,Self-Employed,1096000,686,1944000,60,6534,0.07,Coimbatore,Home,2024-09-28,0
CUST104730,46,Female,Salaried,785000,646,233000,36,15141,0.23,Chennai,Home,2025-07-01,0
CUST104731,31,Male,Salaried,675000,607,627000,36,7132,0.13,Trichy,Home,2024-08-30,0
CUST104732,28,Male,Self-Employed,949000,485,714000,12,22399,0.28,Coimbatore,Vehicle,2025-04-17,0
CUST104733,64,Male,Business,1481000,688,414000,60,19429,0.16,Coimbatore,Personal,2026-01-28,1
CUST104734,60,Male,Business,1783000,592,245000,84,37324,0.25,Trichy,Home,2024-12-15,1
CUST104735,63,Male,Salaried,956000,767,1088000,120,17196,0.22,Madurai,Home,2025-06-12,1
CUST104736,42,Male,Self-Employed,767000,668,259000,120,18871,0.3,Madurai,Education,2025-11-03,0
CUST104737,40,Female,Business,1418000,788,184000,48,35413,0.3,Pondicherry,Business Expansion,2025-09-12,0
CUST104738,28,Female,Self-Employed,988000,637,1457000,36,5803,0.07,Chennai,Personal,2026-04-19,0
CUST104739,49,Female,Salaried,943000,747,1548000,36,10886,0.14,Salem,Personal,2025-01-30,1
CUST104740,60,Female,Self-Employed,1281000,666,643000,36,33227,0.31,Salem,Personal,2025-04-04,1
CUST104741,46,Female,Self-Employed,1336000,584,1656000,24,19059,0.17,Chennai,Home,2024-08-29,0
CUST104742,50,Male,Self-Employed,371000,641,553000,60,6321,0.2,Pondicherry,Business Expansion,2025-06-06,1
CUST104743,37,Male,Self-Employed,1238000,549,526000,48,10832,0.1,Pondicherry,Vehicle,2025-01-26,0
CUST104744,40,Female,Business,580000,836,1370000,24,10430,0.22,Salem,Personal,2025-12-18,0
CUST104745,36,Female,Salaried,459000,640,1455000,24,4948,0.13,Trichy,Business Expansion,2025-08-12,0
CUST104746,63,Male,Salaried,1021000,652,493000,120,25420,0.3,Trichy,Personal,2025-05-05,0
CUST104747,27,Male,Self-Employed,1308000,660,733000,48,11998,0.11,Chennai,Home,2025-11-26,0
CUST104748,36,Male,Salaried,824000,552,172000,48,10846,0.16,Coimbatore,Home,2025-05-03,0
CUST104749,47,Female,Business,691000,768,1362000,48,4521,0.08,Chennai,Personal,2025-05-20,0
CUST104750,43,Male,Salaried,422000,557,1283000,48,7961,0.23,Coimbatore,Home,2024-12-06,0
CUST104751,44,Female,Salaried,1057000,537,543000,84,29295,0.33,Salem,Vehicle,2025-06-03,0
CUST104752,29,Female,Business,1568000,635,1992000,48,13321,0.1,Chennai,Home,2024-10-12,0
CUST104753,55,Female,Salaried,690000,534,1649000,84,3215,0.06,Trichy,Home,2025-08-08,0
CUST104754,40,Male,Business,891000,790,439000,36,13122,0.18,Chennai,Business Expansion,2026-07-27,0
CUST104755,57,Male,Self-Employed,848000,604,112000,84,19399,0.27,Chennai,Education,2025-10-08,0
CUST104756,62,Male,Salaried,651000,360,1967000,84,18582,0.34,Madurai,Vehicle,2026-07-21,0
CUST104757,37,Male,Business,556000,667,1482000,48,3029,0.07,Chennai,Vehicle,2024-10-01,0
CUST104758,51,Female,Salaried,946000,699,569000,48,22529,0.29,Salem,Business Expansion,2024-09-13,1
CUST104759,28,Male,Salaried,658000,612,294000,60,8806,0.16,Chennai,Vehicle,2025-08-05,1
CUST104760,35,Male,Salaried,698000,527,214000,36,5590,0.1,Chennai,Home,2026-01-05,0
CUST104761,51,Male,Salaried,720000,640,1166000,120,6461,0.11,Chennai,Personal,2026-06-25,0
CUST104762,50,Female,Business,1401000,606,1004000,24,38196,0.33,Coimbatore,Personal,2026-06-26,0
CUST104763,40,Male,Self-Employed,336000,537,333000,36,8198,0.29,Chennai,Personal,2024-09-30,0
CUST104764,59,Female,Salaried,892000,554,1894000,12,10668,0.14,Madurai,Home,2025-11-26,0
CUST104765,32,Male,Self-Employed,1439000,639,1961000,48,39819,0.33,Madurai,Vehicle,2025-01-27,0
CUST104766,37,Male,Self-Employed,751000,706,760000,24,5105,0.08,Chennai,Home,2026-04-27,0
CUST104767,62,Male,Business,1758000,691,1197000,12,21500,0.15,Chennai,Home,2024-08-22,0
CUST104768,50,Male,Salaried,565000,494,1640000,84,11576,0.25,Pondicherry,Home,2025-12-28,0
CUST104769,49,Female,Business,1408000,705,981000,24,41046,0.35,Coimbatore,Home,2026-07-17,1
CUST104770,39,Male,Salaried,566000,719,1263000,36,8947,0.19,Coimbatore,Business Expansion,2026-06-29,1
CUST104771,31,Male,Self-Employed,1266000,750,704000,120,30934,0.29,Trichy,Vehicle,2026-06-14,0
CUST104772,54,Female,Business,804000,564,1895000,84,21758,0.32,Trichy,Business Expansion,2026-02-24,0
CUST104773,27,Female,Salaried,821000,644,1390000,12,3618,0.05,Pondicherry,Personal,2025-07-15,0
CUST104774,64,Female,Salaried,597000,701,1682000,84,6799,0.14,Pondicherry,Personal,2026-02-16,0
CUST104775,54,Male,Salaried,1048000,602,871000,84,6996,0.08,Chennai,Vehicle,2026-06-04,1
CUST104776,40,Male,Salaried,860000,699,246000,84,20268,0.28,Chennai,Personal,2025-03-12,0
CUST104777,58,Female,Salaried,865000,647,334000,48,15866,0.22,Coimbatore,Personal,2026-01-19,0
CUST104778,44,Female,Self-Employed,914000,548,1666000,48,5991,0.08,Pondicherry,Personal,2025-06-02,0
CUST104779,30,Female,Salaried,956000,581,1182000,12,14038,0.18,Chennai,Education,2025-05-30,1
CUST104780,52,Male,Salaried,895000,762,1868000,36,15229,0.2,Madurai,Business Expansion,2026-04-26,0
CUST104781,35,Female,Salaried,647000,560,1282000,120,13981,0.26,Trichy,Home,2026-06-29,1
CUST104782,57,Female,Salaried,429000,544,164000,12,10147,0.28,Madurai,Home,2025-07-22,0
CUST104783,40,Male,Salaried,547000,680,1013000,36,3480,0.08,Chennai,Vehicle,2026-03-01,0
CUST104784,23,Female,Self-Employed,1244000,622,802000,24,20349,0.2,Coimbatore,Home,2026-07-20,0
CUST104785,57,Female,Salaried,492000,531,1981000,120,4031,0.1,Chennai,Home,2025-04-26,0
CUST104786,60,Male,Business,1329000,603,943000,36,30564,0.28,Chennai,Home,2024-08-15,0
CUST104787,28,Male,Salaried,736000,576,555000,12,15167,0.25,Chennai,Personal,2025-12-31,0
CUST104788,60,Female,Business,1563000,592,840000,12,34763,0.27,Trichy,Personal,2025-04-10,1
CUST104789,64,Male,Salaried,908000,877,1891000,24,5485,0.07,Pondicherry,Personal,2024-10-24,0
CUST104790,43,Male,Self-Employed,1096000,597,380000,84,18549,0.2,Trichy,Education,2026-02-05,1
CUST104791,60,Male,Self-Employed,713000,545,1045000,120,17954,0.3,Trichy,Personal,2026-07-31,0
CUST104792,31,Male,Business,1629000,831,1277000,12,35838,0.26,Coimbatore,Home,2025-01-10,1
CUST104793,28,Female,Self-Employed,523000,704,1786000,60,13446,0.31,Chennai,Vehicle,2025-03-25,0
CUST104794,49,Male,Business,1719000,715,1929000,84,16019,0.11,Chennai,Home,2024-10-21,0
CUST104795,50,Male,Self-Employed,368000,550,716000,120,4172,0.14,Coimbatore,Education,2026-03-13,1
CUST104796,30,Female,Self-Employed,1167000,732,1388000,120,17736,0.18,Pondicherry,Home,2025-09-06,0
CUST104797,59,Male,Business,451000,723,314000,12,7778,0.21,Salem,Education,2024-12-26,0
CUST104798,48,Male,Self-Employed,702000,638,1362000,60,7350,0.13,Coimbatore,Personal,2025-10-11,1
CUST104799,56,Female,Salaried,813000,495,631000,12,11136,0.16,Coimbatore,Business Expansion,2026-04-13,0
CUST104800,33,Male,Salaried,1036000,648,740000,12,22111,0.26,Coimbatore,Vehicle,2026-02-11,1
CUST104801,52,Male,Business,1324000,805,530000,24,26878,0.24,Coimbatore,Education,2025-01-02,0
CUST104802,56,Female,Salaried,867000,669,1753000,84,6007,0.08,Madurai,Vehicle,2026-03-11,0
CUST104803,57,Female,Self-Employed,339000,591,1079000,60,9766,0.35,Trichy,Vehicle,2024-12-07,0
CUST104804,46,Female,Salaried,766000,629,693000,120,13968,0.22,Pondicherry,Vehicle,2024-11-27,0
CUST104805,42,Female,Salaried,906000,635,820000,24,14727,0.2,Trichy,Business Expansion,2025-04-27,0
CUST104806,24,Female,Self-Employed,676000,553,1214000,60,19163,0.34,Coimbatore,Business Expansion,2025-09-20,1
CUST104807,51,Female,Self-Employed,948000,621,331000,60,7275,0.09,Salem,Home,2024-08-10,0
CUST104808,38,Female,Salaried,536000,779,339000,120,9518,0.21,Trichy,Home,2025-09-14,1
CUST104809,58,Male,Salaried,523000,769,254000,120,12705,0.29,Coimbatore,Home,2025-03-11,0
CUST104810,44,Male,Salaried,954000,582,1766000,48,13488,0.17,Coimbatore,Personal,2026-02-28,0
CUST104811,43,Female,Self-Employed,353000,739,1632000,60,7968,0.27,Pondicherry,Business Expansion,2025-01-25,1
CUST104812,42,Female,Salaried,898000,718,953000,24,23927,0.32,Coimbatore,Home,2025-01-24,0
CUST104813,22,Male,Self-Employed,618000,682,381000,24,6617,0.13,Madurai,Personal,2026-01-26,0
CUST104814,51,Male,Self-Employed,1186000,663,1721000,36,12100,0.12,Chennai,Vehicle,2026-02-28,1
CUST104815,31,Male,Business,1795000,566,452000,84,23664,0.16,Pondicherry,Business Expansion,2024-08-26,1
CUST104816,48,Male,Salaried,916000,613,1306000,84,13398,0.18,Madurai,Vehicle,2025-02-13,1
CUST104817,52,Female,Salaried,616000,724,1787000,84,4276,0.08,Madurai,Home,2025-09-14,0
CUST104818,25,Female,Salaried,692000,541,81000,12,6884,0.12,Pondicherry,Education,2024-10-04,0
CUST104819,58,Female,Salaried,469000,556,1862000,48,12192,0.31,Salem,Home,2025-11-21,0
CUST104820,30,Female,Salaried,1051000,677,241000,12,19266,0.22,Pondicherry,Business Expansion,2025-08-31,0
CUST104821,60,Male,Business,1636000,578,456000,24,17770,0.13,Chennai,Home,2025-11-27,1
CUST104822,44,Male,Salaried,1044000,724,652000,48,28977,0.33,Coimbatore,Home,2026-05-26,1
CUST104823,55,Male,Salaried,1041000,582,1930000,60,24488,0.28,Coimbatore,Business Expansion,2025-01-30,1
CUST104824,64,Female,Salaried,1056000,671,1656000,120,13968,0.16,Chennai,Business Expansion,2026-03-24,0
CUST104825,43,Male,Business,1518000,679,1371000,84,35373,0.28,Salem,Personal,2025-04-21,0
CUST104826,37,Male,Salaried,597000,606,84000,24,11383,0.23,Pondicherry,Vehicle,2026-07-02,0
CUST104827,21,Female,Salaried,635000,628,1971000,120,13501,0.26,Coimbatore,Personal,2024-08-27,0
CUST104828,51,Male,Salaried,606000,588,1293000,24,7394,0.15,Chennai,Home,2025-04-08,0
CUST104829,51,Female,Self-Employed,568000,623,1784000,24,5341,0.11,Chennai,Vehicle,2025-12-21,1
CUST104830,62,Female,Business,1585000,563,1691000,24,16652,0.13,Coimbatore,Business Expansion,2026-07-04,0
CUST104831,62,Male,Salaried,1012000,629,381000,48,6335,0.08,Chennai,Business Expansion,2024-12-06,0
CUST104832,54,Male,Salaried,977000,717,1069000,120,15575,0.19,Madurai,Personal,2025-09-20,0
CUST104833,29,Female,Salaried,985000,547,1125000,12,14107,0.17,Madurai,Vehicle,2025-09-23,0
CUST104834,42,Male,Self-Employed,1260000,581,66000,12,5329,0.05,Pondicherry,Personal,2026-05-18,0
CUST104835,33,Male,Salaried,819000,696,903000,84,20946,0.31,Chennai,Personal,2025-09-24,0
CUST104836,45,Female,Business,766000,463,58000,60,16249,0.25,Coimbatore,Personal,2026-06-01,0
CUST104837,38,Female,Salaried,1062000,817,229000,24,16285,0.18,Pondicherry,Education,2025-03-17,0
CUST104838,32,Male,Salaried,898000,744,52000,120,25451,0.34,Coimbatore,Home,2026-01-26,0
CUST104839,60,Female,Salaried,679000,511,1351000,120,18794,0.33,Chennai,Home,2024-10-18,1
CUST104840,37,Female,Business,1315000,460,743000,84,8605,0.08,Chennai,Vehicle,2024-09-25,0
CUST104841,35,Male,Self-Employed,1290000,627,1877000,24,25213,0.23,Pondicherry,Home,2024-09-23,1
CUST104842,62,Female,Business,1518000,549,216000,84,37331,0.3,Trichy,Business Expansion,2025-09-18,0
CUST104843,35,Male,Salaried,997000,736,1324000,12,8464,0.1,Pondicherry,Home,2025-11-16,0
CUST104844,35,Male,Salaried,592000,685,1347000,120,4360,0.09,Chennai,Business Expansion,2026-01-14,0
CUST104845,59,Female,Self-Employed,632000,636,1666000,84,6737,0.13,Pondicherry,Personal,2025-02-18,1
CUST104846,33,Female,Salaried,506000,598,76000,60,5646,0.13,Trichy,Home,2025-03-11,0
CUST104847,37,Male,Self-Employed,1251000,769,167000,84,35392,0.34,Chennai,Business Expansion,2024-12-07,0
CUST104848,52,Female,Salaried,935000,717,788000,36,22139,0.28,Salem,Vehicle,2025-06-26,0
CUST104849,29,Female,Salaried,1032000,704,401000,48,5841,0.07,Madurai,Home,2026-05-20,0
CUST104850,60,Female,Salaried,1029000,758,244000,120,24519,0.29,Salem,Home,2025-10-15,0
CUST104851,40,Male,Self-Employed,364000,533,702000,120,3060,0.1,Pondicherry,Personal,2024-12-06,0
CUST104852,46,Female,Salaried,955000,765,1346000,84,12508,0.16,Coimbatore,Personal,2024-12-19,0
CUST104853,47,Male,Business,1139000,626,366000,120,13815,0.15,Madurai,Personal,2025-11-13,0
CUST104854,41,Male,Salaried,960000,680,1475000,84,10537,0.13,Coimbatore,Personal,2026-03-05,0
CUST104855,38,Female,Business,1777000,635,804000,12,21120,0.14,Trichy,Personal,2025-01-08,0
CUST104856,33,Female,Salaried,837000,480,1602000,48,19269,0.28,Madurai,Personal,2025-10-23,1
CUST104857,36,Female,Salaried,774000,736,1769000,12,8382,0.13,Pondicherry,Personal,2025-12-28,0
CUST104858,29,Male,Business,1179000,485,1121000,60,28513,0.29,Chennai,Home,2025-08-24,1
CUST104859,32,Male,Salaried,1072000,563,1089000,24,6905,0.08,Trichy,Vehicle,2026-01-06,0
CUST104860,64,Female,Self-Employed,598000,584,1543000,36,11389,0.23,Coimbatore,Vehicle,2025-05-16,0
CUST104861,58,Male,Self-Employed,569000,449,1994000,48,14647,0.31,Chennai,Home,2025-12-02,1
CUST104862,39,Male,Salaried,889000,550,1778000,36,5466,0.07,Pondicherry,Home,2024-08-27,0
CUST104863,27,Male,Self-Employed,919000,647,1356000,24,18415,0.24,Chennai,Home,2025-08-04,0
CUST104864,55,Female,Business,757000,618,63000,12,12836,0.2,Chennai,Vehicle,2024-08-13,0
CUST104865,38,Female,Salaried,507000,626,1421000,60,6319,0.15,Chennai,Vehicle,2025-08-01,1
CUST104866,36,Female,Self-Employed,722000,542,416000,24,4825,0.08,Coimbatore,Personal,2024-12-01,0
CUST104867,59,Female,Self-Employed,708000,629,277000,36,14923,0.25,Coimbatore,Education,2026-07-16,1
CUST104868,24,Female,Salaried,965000,620,1701000,120,11484,0.14,Trichy,Personal,2025-04-11,0
CUST104869,45,Male,Salaried,825000,502,1446000,36,10427,0.15,Trichy,Vehicle,2026-07-16,1
CUST104870,52,Male,Salaried,607000,631,1052000,36,13418,0.27,Coimbatore,Home,2026-06-07,0
CUST104871,60,Female,Self-Employed,496000,513,1891000,12,13789,0.33,Coimbatore,Home,2025-07-27,1
CUST104872,33,Male,Business,970000,730,785000,120,12132,0.15,Chennai,Home,2025-02-02,1
CUST104873,37,Male,Self-Employed,379000,589,1614000,84,8654,0.27,Trichy,Vehicle,2025-06-16,1
CUST104874,57,Male,Salaried,481000,876,1613000,36,13507,0.34,Coimbatore,Personal,2025-10-08,0
CUST104875,26,Male,Salaried,750000,737,1478000,12,4959,0.08,Chennai,Vehicle,2026-04-26,0
CUST104876,39,Male,Business,1716000,638,1481000,120,29852,0.21,Chennai,Vehicle,2026-06-22,0
CUST104877,33,Female,Salaried,1020000,702,607000,36,4534,0.05,Coimbatore,Home,2026-05-06,0
CUST104878,46,Female,Business,858000,461,1133000,48,21275,0.3,Trichy,Vehicle,2025-05-27,0
CUST104879,34,Female,Self-Employed,1397000,711,916000,84,15840,0.14,Chennai,Home,2026-01-12,0
CUST104880,51,Female,Salaried,808000,576,709000,120,10088,0.15,Chennai,Personal,2024-08-18,1
CUST104881,24,Male,Salaried,830000,658,1125000,120,17719,0.26,Chennai,Vehicle,2025-11-19,0
CUST104882,59,Male,Salaried,457000,584,1223000,48,10920,0.29,Salem,Vehicle,2024-08-06,0
CUST104883,28,Female,Self-Employed,883000,569,1909000,84,12508,0.17,Trichy,Home,2025-02-03,0
CUST104884,45,Female,Business,621000,633,705000,24,12919,0.25,Chennai,Home,2026-07-04,1
CUST104885,33,Male,Self-Employed,888000,631,1734000,24,24931,0.34,Chennai,Personal,2024-09-12,1
CUST104886,52,Female,Salaried,918000,647,221000,84,24179,0.32,Pondicherry,Home,2025-04-07,1
CUST104887,58,Male,Salaried,727000,649,367000,60,15775,0.26,Chennai,Education,2025-02-13,0
CUST104888,58,Male,Self-Employed,1389000,478,1734000,36,38535,0.33,Salem,Personal,2025-02-19,1
CUST104889,48,Female,Salaried,547000,859,665000,36,14257,0.31,Chennai,Education,2025-02-05,0
CUST104890,50,Male,Self-Employed,348000,645,538000,12,7792,0.27,Chennai,Education,2025-11-16,0
CUST104891,23,Male,Salaried,451000,689,700000,84,12221,0.33,Trichy,Personal,2025-04-30,0
CUST104892,48,Male,Salaried,814000,619,1705000,120,20025,0.3,Madurai,Home,2026-06-21,0
CUST104893,23,Male,Salaried,834000,571,1622000,24,13946,0.2,Salem,Business Expansion,2024-10-29,0
CUST104894,54,Female,Salaried,981000,663,733000,84,16405,0.2,Pondicherry,Home,2025-04-27,0
CUST104895,36,Female,Self-Employed,804000,651,173000,48,3526,0.05,Coimbatore,Personal,2026-02-02,0
CUST104896,42,Female,Salaried,488000,767,1351000,12,2402,0.06,Trichy,Home,2024-11-28,0
CUST104897,52,Female,Business,455000,836,1285000,48,10384,0.27,Pondicherry,Personal,2026-02-18,0
CUST104898,58,Male,Self-Employed,1427000,757,755000,12,25737,0.22,Madurai,Home,2025-03-28,0
CUST104899,28,Male,Salaried,862000,491,1500000,24,19990,0.28,Chennai,Home,2025-04-22,0
CUST104900,28,Male,Salaried,778000,608,508000,36,21712,0.33,Chennai,Vehicle,2025-02-07,1
CUST104901,26,Male,Self-Employed,460000,655,1606000,84,7120,0.19,Chennai,Education,2025-05-10,0
CUST104902,34,Male,Salaried,972000,613,1826000,36,6199,0.08,Pondicherry,Home,2026-06-06,0
CUST104903,52,Female,Business,1605000,646,1730000,24,31828,0.24,Coimbatore,Personal,2025-11-07,0
CUST104904,55,Female,Self-Employed,922000,431,1365000,84,6140,0.08,Chennai,Personal,2026-07-27,1
CUST104905,30,Male,Salaried,429000,732,1215000,120,8450,0.24,Pondicherry,Home,2024-10-29,0
CUST104906,23,Female,Self-Employed,678000,456,726000,48,11770,0.21,Chennai,Vehicle,2025-07-25,1
CUST104907,32,Male,Salaried,673000,508,1461000,60,14787,0.26,Madurai,Vehicle,2025-08-15,0
CUST104908,51,Female,Salaried,1018000,558,695000,60,13173,0.16,Pondicherry,Home,2025-01-14,0
CUST104909,49,Female,Business,858000,641,227000,24,6660,0.09,Coimbatore,Business Expansion,2026-06-23,0
CUST104910,25,Male,Salaried,564000,503,1158000,120,5680,0.12,Chennai,Vehicle,2026-04-08,0
CUST104911,45,Male,Self-Employed,451000,529,1278000,12,9587,0.26,Madurai,Home,2026-02-21,0
CUST104912,61,Female,Business,602000,753,1623000,36,9704,0.19,Trichy,Vehicle,2025-02-20,0
CUST104913,51,Female,Salaried,606000,639,1408000,48,10718,0.21,Madurai,Personal,2024-12-04,1
CUST104914,41,Female,Salaried,1054000,689,1462000,60,12902,0.15,Chennai,Vehicle,2025-11-08,0
CUST104915,40,Female,Salaried,625000,538,1239000,36,15677,0.3,Chennai,Personal,2025-07-11,1
CUST104916,59,Female,Salaried,807000,645,585000,24,23526,0.35,Trichy,Home,2026-05-31,0
CUST104917,42,Male,Salaried,995000,637,1603000,36,11911,0.14,Coimbatore,Business Expansion,2025-09-30,0
CUST104918,24,Male,Business,733000,578,1934000,84,16223,0.27,Pondicherry,Vehicle,2026-01-22,1
CUST104919,33,Male,Business,1410000,645,1745000,60,11906,0.1,Trichy,Vehicle,2025-02-27,1
CUST104920,62,Male,Self-Employed,663000,454,1912000,120,15068,0.27,Madurai,Home,2025-04-23,0
CUST104921,40,Male,Salaried,851000,689,1295000,48,12712,0.18,Salem,Vehicle,2025-04-24,0
CUST104922,33,Female,Business,1060000,614,1687000,12,20457,0.23,Chennai,Personal,2025-04-11,0
CUST104923,37,Male,Salaried,629000,626,907000,12,6356,0.12,Chennai,Business Expansion,2025-02-04,0
CUST104924,56,Male,Salaried,950000,726,377000,84,24185,0.31,Madurai,Vehicle,2024-08-30,0
CUST104925,53,Female,Salaried,561000,688,650000,120,4768,0.1,Chennai,Personal,2025-06-01,0
CUST104926,21,Male,Salaried,932000,621,719000,84,25519,0.33,Trichy,Home,2025-10-27,0
CUST104927,35,Male,Business,1522000,549,1673000,36,8672,0.07,Salem,Business Expansion,2026-07-01,0
CUST104928,33,Female,Self-Employed,462000,744,1487000,12,5251,0.14,Pondicherry,Vehicle,2026-06-30,0
CUST104929,37,Female,Self-Employed,432000,504,1206000,60,7879,0.22,Madurai,Education,2026-05-07,0
CUST104930,44,Male,Self-Employed,319000,681,821000,120,8175,0.31,Pondicherry,Personal,2024-08-30,0
CUST104931,28,Male,Self-Employed,1228000,481,1252000,48,22831,0.22,Chennai,Vehicle,2025-01-08,0
CUST104932,47,Female,Salaried,892000,732,1978000,12,8536,0.11,Coimbatore,Vehicle,2026-05-12,0
CUST104933,43,Male,Salaried,766000,740,872000,12,19642,0.31,Coimbatore,Vehicle,2025-09-27,0
CUST104934,28,Male,Business,725000,477,338000,24,13826,0.23,Coimbatore,Vehicle,2025-07-13,0
CUST104935,28,Female,Salaried,1028000,690,1700000,12,10254,0.12,Chennai,Home,2026-03-01,0
CUST104936,46,Male,Business,1500000,682,1422000,12,27319,0.22,Pondicherry,Personal,2025-03-10,0
CUST104937,33,Male,Salaried,1053000,713,1360000,60,22164,0.25,Pondicherry,Personal,2025-02-04,0
CUST104938,59,Male,Salaried,1075000,682,1437000,120,22768,0.25,Trichy,Personal,2025-09-29,0
CUST104939,57,Female,Salaried,477000,563,1156000,12,10621,0.27,Chennai,Personal,2026-01-31,1
CUST104940,48,Female,Business,813000,630,286000,24,21593,0.32,Coimbatore,Personal,2025-12-24,0
CUST104941,45,Male,Salaried,765000,799,487000,24,18962,0.3,Salem,Personal,2025-02-22,0
CUST104942,36,Male,Self-Employed,851000,525,1312000,84,16474,0.23,Madurai,Home,2025-08-06,1
CUST104943,22,Male,Salaried,925000,679,494000,24,4597,0.06,Madurai,Vehicle,2025-11-17,0
CUST104944,38,Male,Self-Employed,439000,728,1139000,12,10055,0.27,Salem,Home,2025-08-27,0
CUST104945,37,Male,Salaried,924000,560,1733000,84,26371,0.34,Madurai,Personal,2025-11-22,0
CUST104946,50,Female,Salaried,1067000,522,765000,36,12596,0.14,Madurai,Vehicle,2025-12-22,1
CUST104947,59,Male,Salaried,541000,536,163000,36,10462,0.23,Coimbatore,Home,2024-09-26,0
CUST104948,33,Male,Salaried,769000,685,1926000,60,17981,0.28,Coimbatore,Vehicle,2024-10-06,0
CUST104949,52,Male,Salaried,1054000,535,238000,120,21231,0.24,Trichy,Personal,2024-08-28,0
CUST104950,49,Male,Self-Employed,709000,612,1877000,36,19306,0.33,Coimbatore,Business Expansion,2026-05-16,1
CUST104951,50,Male,Salaried,469000,773,1669000,60,7504,0.19,Madurai,Personal,2026-05-13,0
CUST104952,38,Male,Salaried,828000,645,925000,60,14459,0.21,Chennai,Home,2025-03-20,0
CUST104953,33,Female,Salaried,866000,579,325000,84,4436,0.06,Chennai,Personal,2024-11-15,1
CUST104954,63,Female,Salaried,566000,661,990000,24,15096,0.32,Coimbatore,Home,2024-12-15,0
CUST104955,41,Male,Salaried,561000,643,1685000,48,6016,0.13,Chennai,Business Expansion,2025-08-13,0
CUST104956,50,Male,Salaried,845000,690,1375000,60,24189,0.34,Pondicherry,Vehicle,2026-06-07,0
CUST104957,41,Male,Salaried,839000,795,934000,120,7735,0.11,Coimbatore,Business Expansion,2026-05-21,0
CUST104958,37,Male,Salaried,605000,685,835000,12,6354,0.13,Madurai,Personal,2025-08-26,0
CUST104959,60,Female,Self-Employed,301000,808,759000,24,4900,0.2,Chennai,Business Expansion,2026-06-22,0
CUST104960,39,Male,Self-Employed,956000,665,1938000,12,19769,0.25,Chennai,Personal,2026-03-22,0
CUST104961,35,Female,Salaried,429000,580,963000,12,6513,0.18,Coimbatore,Home,2024-10-15,0
CUST104962,29,Female,Salaried,433000,855,1060000,36,5612,0.16,Salem,Home,2025-10-29,0
CUST104963,30,Female,Salaried,642000,638,1009000,12,11343,0.21,Coimbatore,Vehicle,2025-07-11,1
CUST104964,64,Female,Salaried,875000,555,1619000,84,24608,0.34,Pondicherry,Business Expansion,2026-03-13,0
CUST104965,51,Male,Salaried,434000,859,1664000,60,12245,0.34,Chennai,Home,2026-02-21,0
CUST104966,43,Female,Self-Employed,1065000,559,1716000,120,13171,0.15,Chennai,Business Expansion,2026-07-16,0
CUST104967,50,Female,Salaried,693000,580,633000,12,14671,0.25,Pondicherry,Business Expansion,2025-11-02,0
CUST104968,53,Female,Business,1552000,600,804000,120,34476,0.27,Madurai,Personal,2025-07-29,0
CUST104969,29,Male,Salaried,599000,664,1724000,12,12280,0.25,Madurai,Vehicle,2026-02-25,0
CUST104970,21,Female,Self-Employed,660000,708,1759000,36,4614,0.08,Chennai,Home,2024-12-21,1
CUST104971,64,Male,Self-Employed,628000,386,529000,12,11086,0.21,Chennai,Business Expansion,2026-03-02,0
CUST104972,55,Female,Salaried,1062000,733,1499000,60,24689,0.28,Madurai,Vehicle,2026-04-30,0
CUST104973,31,Male,Salaried,876000,600,66000,60,8047,0.11,Pondicherry,Personal,2024-12-23,0
CUST104974,54,Female,Self-Employed,1237000,587,96000,12,15922,0.15,Chennai,Business Expansion,2025-08-04,0
CUST104975,36,Male,Business,686000,804,79000,60,6353,0.11,Salem,Home,2025-10-02,0
CUST104976,29,Male,Salaried,432000,669,441000,84,11378,0.32,Chennai,Business Expansion,2026-07-16,0
CUST104977,52,Male,Salaried,459000,690,1113000,84,11764,0.31,Madurai,Home,2025-04-10,0
CUST104978,35,Male,Salaried,621000,645,1784000,60,5214,0.1,Chennai,Business Expansion,2026-04-14,0
CUST104979,32,Male,Salaried,942000,718,965000,36,21835,0.28,Coimbatore,Vehicle,2024-12-26,0
CUST104980,53,Male,Business,704000,795,1917000,120,9339,0.16,Chennai,Vehicle,2024-12-05,1
CUST104981,34,Female,Self-Employed,1181000,402,1926000,24,25180,0.26,Chennai,Personal,2025-07-18,0
CUST104982,28,Female,Salaried,836000,747,1741000,84,13794,0.2,Salem,Business Expansion,2024-11-29,1
CUST104983,28,Female,Salaried,624000,789,333000,24,9962,0.19,Trichy,Personal,2025-08-09,0
CUST104984,47,Male,Salaried,606000,695,108000,48,15876,0.31,Trichy,Home,2025-07-07,0
CUST104985,32,Male,Business,1235000,589,1007000,120,24812,0.24,Chennai,Personal,2024-08-31,1
CUST104986,21,Male,Business,737000,546,1921000,24,7414,0.12,Salem,Business Expansion,2025-07-11,1
CUST104987,63,Female,Salaried,960000,862,1057000,84,6658,0.08,Coimbatore,Personal,2026-02-04,0
CUST104988,60,Female,Salaried,646000,568,1403000,84,17766,0.33,Pondicherry,Personal,2025-02-20,0
CUST104989,62,Male,Business,1457000,786,1799000,12,11657,0.1,Chennai,Business Expansion,2025-08-07,0
CUST104990,31,Male,Salaried,687000,685,1336000,60,15470,0.27,Chennai,Business Expansion,2025-09-16,0
CUST104991,59,Female,Salaried,800000,834,1397000,24,13250,0.2,Salem,Home,2026-02-12,0
CUST104992,63,Female,Salaried,1002000,621,1097000,36,7683,0.09,Coimbatore,Personal,2026-03-25,1
CUST104993,51,Female,Salaried,927000,505,1427000,48,21861,0.28,Pondicherry,Home,2025-03-16,0
CUST104994,37,Female,Salaried,856000,650,1882000,12,22922,0.32,Coimbatore,Business Expansion,2024-09-01,0
CUST104995,53,Male,Business,422000,516,800000,24,3040,0.09,Madurai,Business Expansion,2026-06-22,1
CUST104996,52,Male,Self-Employed,1034000,865,1127000,60,6042,0.07,Pondicherry,Business Expansion,2025-07-12,0
CUST104997,49,Male,Salaried,780000,706,1855000,36,19822,0.3,Madurai,Vehicle,2025-02-13,0
CUST104998,41,Male,Salaried,801000,720,1757000,84,13369,0.2,Trichy,Personal,2025-05-21,1
CUST104999,41,Male,Self-Employed,753000,695,1378000,24,15835,0.25,Chennai,Personal,2026-03-12,1
CUST105000,60,Male,Salaried,909000,587,368000,60,13820,0.18,Chennai,Personal,2024-11-30,0
CUST105001,43,Male,Salaried,620000,638,770000,24,8975,0.17,Chennai,Home,2026-04-28,0
CUST105002,26,Male,Salaried,807000,659,1118000,12,9408,0.14,Madurai,Education,2025-08-10,0
CUST105003,42,Male,Self-Employed,1355000,799,1913000,48,24715,0.22,Pondicherry,Personal,2026-02-08,0
CUST105004,58,Male,Salaried,689000,545,411000,120,5623,0.1,Coimbatore,Education,2024-08-16,0
CUST105005,57,Male,Salaried,643000,584,811000,60,14208,0.27,Madurai,Business Expansion,2025-10-12,0
CUST105006,28,Female,Salaried,626000,617,1534000,48,11206,0.21,Pondicherry,Business Expansion,2025-07-15,0
CUST105007,61,Female,Salaried,831000,589,56000,48,21069,0.3,Chennai,Vehicle,2025-02-26,0
CUST105008,55,Male,Business,1552000,518,1332000,84,42202,0.33,Pondicherry,Home,2025-01-07,1
CUST105009,31,Male,Self-Employed,1344000,381,137000,120,35859,0.32,Salem,Personal,2025-05-12,1
CUST105010,44,Male,Salaried,1030000,485,992000,36,19773,0.23,Chennai,Vehicle,2024-09-21,0
CUST105011,41,Female,Salaried,458000,748,1262000,120,5557,0.15,Chennai,Home,2024-10-20,0
CUST105012,22,Male,Self-Employed,511000,624,504000,60,6692,0.16,Chennai,Home,2025-08-16,0
CUST105013,60,Male,Salaried,485000,725,591000,36,9932,0.25,Pondicherry,Vehicle,2025-07-18,0
CUST105014,39,Female,Self-Employed,728000,572,1590000,84,15991,0.26,Chennai,Business Expansion,2025-05-12,1
CUST105015,59,Male,Salaried,501000,641,1433000,120,4107,0.1,Trichy,Business Expansion,2025-12-03,0
CUST105016,48,Male,Salaried,689000,795,1030000,48,20060,0.35,Coimbatore,Home,2025-08-22,0
CUST105017,37,Male,Business,1779000,789,418000,120,12193,0.08,Pondicherry,Education,2025-10-09,0
CUST105018,26,Male,Salaried,744000,734,1273000,12,14391,0.23,Pondicherry,Vehicle,2026-03-03,0
CUST105019,39,Male,Salaried,997000,668,1080000,12,17389,0.21,Salem,Vehicle,2024-09-13,0
CUST105020,58,Female,Self-Employed,1416000,671,728000,24,26820,0.23,Chennai,Personal,2025-12-20,1
CUST105021,48,Male,Business,1717000,683,435000,24,30066,0.21,Chennai,Vehicle,2026-05-24,0
CUST105022,22,Female,Self-Employed,903000,609,732000,60,5069,0.07,Chennai,Vehicle,2025-01-17,1
CUST105023,58,Male,Self-Employed,1253000,588,445000,120,36418,0.35,Coimbatore,Vehicle,2024-10-14,0
CUST105024,57,Male,Salaried,836000,751,589000,12,23992,0.34,Coimbatore,Personal,2024-08-08,1
CUST105025,24,Male,Salaried,752000,533,669000,48,12991,0.21,Salem,Business Expansion,2025-11-18,1
CUST105026,42,Male,Salaried,984000,783,1220000,12,9225,0.11,Pondicherry,Education,2025-01-19,0
CUST105027,46,Male,Self-Employed,1290000,600,1357000,60,11274,0.1,Chennai,Business Expansion,2025-10-11,0
CUST105028,63,Male,Salaried,644000,531,1172000,24,3601,0.07,Pondicherry,Home,2026-04-29,0
CUST105029,56,Female,Salaried,541000,600,637000,84,10529,0.23,Chennai,Personal,2026-07-27,0
CUST105030,33,Male,Business,768000,571,1677000,24,12382,0.19,Chennai,Personal,2025-10-25,1
CUST105031,52,Male,Salaried,474000,598,1580000,84,6908,0.17,Pondicherry,Vehicle,2026-05-13,0
CUST105032,37,Male,Salaried,514000,596,1547000,36,8890,0.21,Salem,Business Expansion,2026-05-29,0
CUST105033,61,Male,Salaried,979000,592,1815000,84,25442,0.31,Chennai,Home,2026-05-09,1
CUST105034,56,Male,Salaried,507000,622,759000,24,3008,0.07,Pondicherry,Education,2025-12-08,0
CUST105035,39,Male,Salaried,541000,644,1220000,120,9612,0.21,Pondicherry,Vehicle,2025-11-02,0
CUST105036,55,Male,Salaried,640000,718,625000,48,13882,0.26,Chennai,Home,2025-02-01,0
CUST105037,60,Male,Salaried,1020000,627,908000,120,29002,0.34,Chennai,Personal,2026-07-30,0
CUST105038,48,Female,Salaried,506000,679,934000,60,11465,0.27,Trichy,Home,2025-01-14,0
CUST105039,21,Male,Salaried,545000,650,954000,120,9738,0.21,Pondicherry,Vehicle,2025-06-03,0
CUST105040,62,Male,Salaried,1040000,698,552000,120,24269,0.28,Coimbatore,Home,2025-05-04,0
CUST105041,38,Female,Salaried,954000,654,986000,24,27754,0.35,Chennai,Vehicle,2024-10-29,0
CUST105042,60,Female,Salaried,767000,591,99000,24,20237,0.32,Trichy,Vehicle,2025-03-07,0
CUST105043,53,Female,Salaried,719000,567,1595000,84,4597,0.08,Trichy,Personal,2025-10-15,0
CUST105044,32,Male,Business,797000,668,274000,48,14774,0.22,Madurai,Home,2026-06-22,0
CUST105045,28,Female,Business,495000,764,131000,24,11795,0.29,Chennai,Vehicle,2026-04-13,0
CUST105046,44,Female,Salaried,639000,629,231000,120,13395,0.25,Pondicherry,Personal,2026-04-21,0
CUST105047,36,Male,Salaried,449000,586,571000,48,6551,0.18,Trichy,Education,2025-09-02,0
CUST105048,24,Female,Salaried,527000,626,952000,24,6444,0.15,Pondicherry,Personal,2025-11-14,0
CUST105049,58,Male,Self-Employed,1300000,574,1433000,48,25794,0.24,Salem,Home,2025-09-14,1
CUST105050,64,Female,Business,615000,589,977000,24,8902,0.17,Pondicherry,Vehicle,2026-04-10,0
CUST105051,47,Female,Salaried,761000,520,284000,60,10628,0.17,Salem,Business Expansion,2025-05-11,0
CUST105052,29,Female,Self-Employed,952000,603,871000,36,23881,0.3,Salem,Home,2025-03-19,0
CUST105053,36,Female,Business,1326000,671,1399000,36,15988,0.14,Madurai,Personal,2026-05-21,0
CUST105054,32,Male,Salaried,425000,552,1540000,120,8623,0.24,Trichy,Vehicle,2024-08-21,1
CUST105055,51,Male,Salaried,601000,570,1520000,12,15627,0.31,Trichy,Home,2025-05-03,0
CUST105056,44,Female,Salaried,830000,564,1818000,36,16360,0.24,Madurai,Home,2025-11-22,0
CUST105057,34,Female,Salaried,451000,525,796000,120,7435,0.2,Chennai,Vehicle,2025-07-13,0
CUST105058,45,Female,Salaried,1037000,563,595000,48,5236,0.06,Coimbatore,Vehicle,2025-01-19,0
CUST105059,54,Female,Self-Employed,1155000,607,92000,48,24492,0.25,Chennai,Business Expansion,2026-01-25,1
CUST105060,23,Female,Salaried,838000,529,431000,84,24389,0.35,Coimbatore,Personal,2024-08-09,0
CUST105061,44,Female,Salaried,951000,637,1206000,36,23182,0.29,Chennai,Personal,2026-01-26,1
CUST105062,62,Male,Business,1256000,586,452000,84,25155,0.24,Salem,Vehicle,2025-02-18,0
CUST105063,29,Male,Salaried,591000,566,1698000,48,9394,0.19,Coimbatore,Business Expansion,2025-01-27,1
CUST105064,46,Female,Salaried,628000,683,1443000,60,6138,0.12,Chennai,Vehicle,2026-07-10,0
CUST105065,40,Male,Salaried,536000,592,103000,48,11507,0.26,Madurai,Personal,2026-07-18,0
CUST105066,60,Male,Salaried,464000,607,703000,84,3990,0.1,Chennai,Personal,2026-01-21,0
CUST105067,30,Male,Salaried,456000,766,1979000,60,12012,0.32,Pondicherry,Business Expansion,2025-12-27,0
CUST105068,39,Female,Business,1481000,567,610000,60,19277,0.16,Coimbatore,Personal,2025-08-18,0
CUST105069,23,Female,Salaried,754000,790,828000,60,10677,0.17,Coimbatore,Home,2025-08-29,0
CUST105070,44,Female,Self-Employed,1374000,593,208000,24,13146,0.11,Pondicherry,Home,2026-03-04,0
CUST105071,25,Male,Salaried,898000,547,1011000,12,14554,0.19,Madurai,Business Expansion,2026-07-07,0
CUST105072,23,Female,Business,940000,600,187000,84,19907,0.25,Pondicherry,Education,2025-04-03,1
CUST105073,47,Female,Self-Employed,1050000,631,582000,48,12322,0.14,Coimbatore,Personal,2025-09-29,0
CUST105074,36,Male,Business,655000,762,946000,24,14221,0.26,Coimbatore,Personal,2025-05-31,0
CUST105075,35,Male,Salaried,986000,721,303000,84,19405,0.24,Madurai,Home,2024-11-24,0
CUST105076,55,Male,Business,1491000,655,1375000,12,20093,0.16,Chennai,Home,2024-11-25,0
CUST105077,32,Female,Business,499000,763,784000,24,5981,0.14,Chennai,Personal,2025-10-06,0
CUST105078,61,Female,Self-Employed,1426000,455,764000,48,36648,0.31,Chennai,Home,2024-12-03,0
CUST105079,64,Male,Salaried,659000,672,1692000,84,2942,0.05,Pondicherry,Vehicle,2024-09-02,0
CUST105080,46,Female,Salaried,500000,677,1147000,60,11032,0.26,Trichy,Personal,2025-11-16,1
CUST105081,54,Male,Salaried,621000,678,581000,24,9065,0.18,Chennai,Business Expansion,2026-03-27,0
CUST105082,43,Male,Salaried,607000,505,326000,12,13420,0.27,Chennai,Vehicle,2025-10-09,1
CUST105083,51,Male,Self-Employed,1141000,533,470000,12,19230,0.2,Salem,Home,2026-07-05,0
CUST105084,40,Male,Self-Employed,418000,610,1046000,12,2618,0.08,Chennai,Home,2024-08-23,1
CUST105085,32,Male,Salaried,932000,750,1983000,84,26765,0.34,Madurai,Business Expansion,2024-10-21,0
CUST105086,43,Male,Salaried,423000,822,106000,24,2672,0.08,Madurai,Business Expansion,2025-02-19,1
CUST105087,24,Male,Salaried,809000,590,618000,120,6575,0.1,Trichy,Personal,2026-02-06,0
CUST105088,43,Male,Salaried,516000,532,118000,120,7572,0.18,Chennai,Home,2024-11-15,0
CUST105089,21,Female,Salaried,654000,723,1271000,120,18169,0.33,Salem,Business Expansion,2024-10-13,0
CUST105090,45,Male,Self-Employed,812000,860,1225000,12,9332,0.14,Coimbatore,Home,2025-07-22,0
CUST105091,22,Male,Salaried,936000,749,769000,36,17206,0.22,Chennai,Home,2025-02-17,0
CUST105092,50,Female,Self-Employed,1013000,557,237000,84,17426,0.21,Coimbatore,Education,2025-07-28,0
CUST105093,23,Male,Salaried,687000,900,1736000,12,8532,0.15,Coimbatore,Business Expansion,2026-03-12,0
CUST105094,41,Female,Business,1793000,711,1120000,12,38683,0.26,Chennai,Vehicle,2025-11-14,1
CUST105095,45,Female,Salaried,942000,578,983000,24,15734,0.2,Salem,Home,2025-08-20,1
CUST105096,40,Male,Salaried,514000,824,1573000,120,9572,0.22,Chennai,Personal,2024-08-19,0
CUST105097,42,Female,Salaried,1027000,571,1793000,120,9674,0.11,Pondicherry,Vehicle,2026-05-07,0
CUST105098,41,Female,Salaried,955000,594,292000,48,26100,0.33,Coimbatore,Business Expansion,2026-06-26,1
CUST105099,53,Female,Salaried,572000,715,229000,24,3964,0.08,Chennai,Personal,2026-02-25,0
CUST105100,58,Female,Self-Employed,852000,622,1214000,24,18252,0.26,Chennai,Education,2026-05-07,0
CUST105101,35,Male,Salaried,801000,653,1572000,36,21077,0.32,Madurai,Home,2024-11-29,1
CUST105102,35,Female,Salaried,1042000,653,1822000,48,6530,0.08,Trichy,Home,2024-12-13,0
CUST105103,45,Male,Self-Employed,749000,725,57000,24,3659,0.06,Pondicherry,Personal,2025-04-12,0
CUST105104,41,Male,Salaried,578000,440,151000,36,7222,0.15,Trichy,Vehicle,2025-07-30,0
CUST105105,44,Male,Salaried,950000,675,209000,24,22719,0.29,Madurai,Vehicle,2025-06-30,0
CUST105106,25,Male,Business,1437000,623,519000,36,31758,0.27,Chennai,Vehicle,2026-01-27,0
CUST105107,26,Male,Salaried,1025000,582,1730000,84,25338,0.3,Salem,Home,2024-08-06,1
CUST105108,63,Female,Self-Employed,657000,557,54000,60,9266,0.17,Salem,Business Expansion,2026-03-17,1
CUST105109,64,Female,Self-Employed,1223000,387,889000,12,35480,0.35,Coimbatore,Home,2024-12-12,0
CUST105110,43,Male,Business,1672000,578,1452000,12,22269,0.16,Chennai,Home,2026-02-14,1
CUST105111,24,Female,Self-Employed,1272000,741,430000,24,30911,0.29,Trichy,Vehicle,2025-03-10,0
CUST105112,47,Female,Salaried,1056000,724,995000,120,13661,0.16,Pondicherry,Home,2025-04-25,0
CUST105113,38,Male,Salaried,973000,632,655000,36,9367,0.12,Madurai,Personal,2026-07-16,0
CUST105114,41,Male,Business,1271000,522,957000,120,15993,0.15,Coimbatore,Personal,2026-04-26,0
CUST105115,48,Female,Salaried,946000,723,1802000,60,8498,0.11,Pondicherry,Home,2024-12-10,0
CUST105116,55,Female,Self-Employed,1022000,742,1757000,12,7557,0.09,Chennai,Home,2024-09-21,1
CUST105117,42,Female,Business,502000,743,1022000,120,6659,0.16,Coimbatore,Personal,2025-04-12,1
CUST105118,60,Female,Self-Employed,686000,537,1909000,24,5375,0.09,Chennai,Personal,2025-06-05,0
CUST105119,43,Male,Salaried,1007000,572,1004000,84,16841,0.2,Chennai,Personal,2025-07-15,0
CUST105120,23,Male,Salaried,703000,799,699000,120,3551,0.06,Salem,Vehicle,2025-04-27,0
CUST105121,60,Female,Salaried,552000,541,353000,120,8252,0.18,Madurai,Home,2025-09-09,0
CUST105122,30,Male,Salaried,815000,693,1229000,24,22915,0.34,Pondicherry,Vehicle,2026-04-09,0
CUST105123,45,Female,Business,531000,490,822000,36,6976,0.16,Madurai,Vehicle,2025-01-06,0
CUST105124,28,Female,Self-Employed,1161000,597,1037000,48,8832,0.09,Pondicherry,Business Expansion,2025-01-16,0
CUST105125,31,Female,Self-Employed,695000,677,1373000,84,8198,0.14,Madurai,Business Expansion,2026-05-09,0
CUST105126,25,Female,Salaried,1042000,647,1744000,24,24954,0.29,Chennai,Home,2026-02-24,0
CUST105127,57,Male,Salaried,1001000,697,321000,60,12020,0.14,Pondicherry,Home,2025-04-28,1
CUST105128,58,Female,Salaried,905000,539,172000,60,12447,0.17,Chennai,Vehicle,2026-04-10,0
CUST105129,49,Female,Salaried,1076000,576,560000,48,25701,0.29,Coimbatore,Business Expansion,2025-11-20,0
CUST105130,25,Female,Salaried,621000,693,328000,60,6632,0.13,Coimbatore,Home,2025-09-03,1
CUST105131,29,Female,Salaried,516000,712,910000,36,8319,0.19,Chennai,Personal,2025-07-07,0
CUST105132,22,Male,Salaried,638000,669,1440000,24,3665,0.07,Chennai,Business Expansion,2026-04-09,0
CUST105133,21,Female,Salaried,709000,735,1606000,36,6039,0.1,Pondicherry,Business Expansion,2026-03-23,0
CUST105134,60,Female,Business,647000,500,947000,120,6083,0.11,Coimbatore,Vehicle,2024-08-07,0
CUST105135,50,Male,Salaried,950000,608,840000,48,14968,0.19,Coimbatore,Home,2024-08-24,0
CUST105136,31,Female,Self-Employed,524000,789,769000,48,12938,0.3,Madurai,Home,2026-02-20,0
CUST105137,48,Female,Salaried,732000,765,956000,36,9537,0.16,Coimbatore,Personal,2026-07-28,0
CUST105138,64,Male,Salaried,582000,707,1703000,84,7961,0.16,Pondicherry,Home,2025-06-16,1
CUST105139,32,Male,Salaried,774000,636,172000,12,9049,0.14,Pondicherry,Education,2026-01-19,0
CUST105140,59,Female,Self-Employed,1390000,718,1786000,48,16928,0.15,Chennai,Home,2025-10-30,0
CUST105141,46,Female,Salaried,707000,688,1459000,24,10077,0.17,Trichy,Home,2025-09-22,1
CUST105142,33,Male,Salaried,717000,513,1923000,84,19109,0.32,Coimbatore,Home,2025-11-26,1
CUST105143,28,Male,Business,1722000,739,446000,48,8224,0.06,Madurai,Vehicle,2026-02-17,1
CUST105144,48,Male,Salaried,507000,572,350000,36,10029,0.24,Madurai,Personal,2024-10-25,0
CUST105145,50,Female,Salaried,847000,718,1913000,36,22325,0.32,Coimbatore,Vehicle,2025-12-16,0
CUST105146,29,Female,Salaried,870000,504,1467000,60,12693,0.18,Chennai,Business Expansion,2025-07-30,0
CUST105147,59,Male,Salaried,890000,793,652000,84,18191,0.25,Madurai,Personal,2024-09-06,0
CUST105148,51,Male,Self-Employed,1392000,600,642000,12,26182,0.23,Chennai,Home,2025-05-13,0
CUST105149,41,Male,Self-Employed,862000,525,265000,36,10889,0.15,Chennai,Business Expansion,2025-12-20,1
CUST105150,54,Female,Salaried,959000,588,1862000,120,7290,0.09,Salem,Business Expansion,2026-04-18,0
CUST105151,51,Male,Salaried,787000,619,50000,60,7600,0.12,Coimbatore,Home,2025-02-04,0
CUST105152,45,Male,Self-Employed,1164000,624,1217000,60,6521,0.07,Madurai,Home,2024-12-08,0
CUST105153,32,Male,Salaried,759000,768,1323000,24,17673,0.28,Chennai,Business Expansion,2025-05-31,0
CUST105154,21,Female,Business,888000,656,1244000,60,15528,0.21,Pondicherry,Personal,2026-07-28,1
CUST105155,42,Male,Salaried,1008000,454,1042000,12,23997,0.29,Chennai,Personal,2026-01-18,1
CUST105156,60,Male,Self-Employed,1315000,514,183000,24,15019,0.14,Coimbatore,Business Expansion,2025-04-06,0
CUST105157,57,Female,Business,414000,898,1149000,36,10053,0.29,Madurai,Home,2025-03-15,0
CUST105158,21,Male,Self-Employed,386000,637,1553000,84,4592,0.14,Pondicherry,Vehicle,2026-07-13,0
CUST105159,21,Male,Salaried,549000,735,673000,120,3952,0.09,Pondicherry,Home,2025-11-27,0
CUST105160,62,Female,Self-Employed,616000,597,811000,36,10787,0.21,Chennai,Home,2026-05-20,1
CUST105161,62,Male,Salaried,1000000,559,316000,60,27799,0.33,Pondicherry,Vehicle,2025-06-20,1
CUST105162,41,Male,Self-Employed,1225000,581,515000,48,17794,0.17,Trichy,Home,2024-08-08,0
CUST105163,35,Male,Salaried,606000,661,1523000,12,10333,0.2,Salem,Vehicle,2024-09-25,0
CUST105164,37,Female,Self-Employed,1376000,583,145000,12,21257,0.19,Salem,Home,2026-02-24,0
CUST105165,42,Male,Salaried,850000,822,802000,60,13262,0.19,Madurai,Home,2026-02-02,0
CUST105166,58,Female,Salaried,714000,594,325000,12,6801,0.11,Trichy,Home,2025-05-01,0
CUST105167,55,Male,Self-Employed,313000,530,838000,120,4610,0.18,Madurai,Business Expansion,2024-11-05,1
CUST105168,36,Male,Salaried,788000,722,853000,24,13072,0.2,Madurai,Personal,2026-05-20,0
CUST105169,28,Female,Self-Employed,737000,708,1623000,60,16794,0.27,Chennai,Personal,2024-11-06,1
CUST105170,37,Female,Business,1394000,652,361000,48,10681,0.09,Chennai,Personal,2025-02-27,1
CUST105171,37,Male,Business,377000,595,1420000,36,6958,0.22,Chennai,Vehicle,2026-02-05,0
CUST105172,46,Female,Self-Employed,1188000,453,316000,12,24617,0.25,Salem,Home,2026-02-16,1
CUST105173,33,Male,Salaried,902000,759,323000,84,12390,0.16,Chennai,Business Expansion,2024-09-02,0
CUST105174,37,Male,Salaried,719000,728,1666000,36,12867,0.21,Chennai,Education,2025-05-04,1
CUST105175,58,Male,Salaried,611000,610,1171000,48,13402,0.26,Coimbatore,Personal,2025-10-18,1
CUST105176,37,Female,Salaried,744000,655,606000,48,11750,0.19,Madurai,Personal,2026-05-16,0
CUST105177,34,Male,Salaried,952000,629,715000,24,11900,0.15,Salem,Business Expansion,2025-10-01,0
CUST105178,26,Male,Self-Employed,781000,771,943000,48,19356,0.3,Trichy,Personal,2024-12-08,0
CUST105179,55,Male,Salaried,976000,556,1388000,48,28193,0.35,Chennai,Business Expansion,2025-05-23,1
CUST105180,34,Male,Salaried,505000,594,1207000,12,4839,0.11,Salem,Home,2026-02-13,0
CUST105181,28,Female,Self-Employed,1098000,560,604000,36,28988,0.32,Chennai,Personal,2025-11-22,0
CUST105182,35,Female,Salaried,669000,677,1167000,84,11909,0.21,Salem,Education,2026-02-26,0
CUST105183,47,Female,Salaried,697000,655,1253000,12,10709,0.18,Chennai,Home,2024-11-18,0
CUST105184,33,Male,Salaried,527000,668,1944000,12,13963,0.32,Pondicherry,Home,2025-06-16,0
CUST105185,51,Male,Self-Employed,336000,545,305000,120,9046,0.32,Chennai,Vehicle,2025-01-25,0
CUST105186,55,Female,Self-Employed,1336000,758,1007000,60,14673,0.13,Salem,Education,2025-08-29,0
CUST105187,26,Female,Self-Employed,446000,584,803000,84,5854,0.16,Chennai,Home,2025-04-01,0
CUST105188,25,Male,Salaried,446000,756,1809000,60,11357,0.31,Chennai,Education,2026-03-20,0
CUST105189,42,Female,Self-Employed,831000,900,1090000,24,13659,0.2,Pondicherry,Vehicle,2024-11-22,0
CUST105190,43,Female,Self-Employed,412000,546,1918000,84,4683,0.14,Chennai,Education,2024-11-24,1
CUST105191,45,Female,Salaried,474000,680,1702000,24,13376,0.34,Pondicherry,Vehicle,2026-05-25,0
CUST105192,54,Male,Salaried,965000,638,607000,48,9256,0.12,Trichy,Vehicle,2026-01-31,0
CUST105193,46,Male,Self-Employed,893000,807,730000,24,17346,0.23,Madurai,Business Expansion,2026-03-07,0
CUST105194,25,Male,Salaried,1071000,624,1214000,120,15919,0.18,Coimbatore,Home,2024-12-16,0
CUST105195,46,Male,Self-Employed,734000,647,439000,24,11339,0.19,Salem,Education,2025-09-13,0
CUST105196,40,Male,Salaried,492000,670,775000,48,3353,0.08,Pondicherry,Home,2025-05-16,0
CUST105197,26,Male,Salaried,877000,640,786000,36,9291,0.13,Coimbatore,Home,2026-01-11,0
CUST105198,26,Female,Salaried,823000,717,949000,120,6865,0.1,Chennai,Vehicle,2025-05-07,0
CUST105199,38,Male,Salaried,685000,658,1763000,48,15691,0.27,Chennai,Home,2025-01-24,0
CUST105200,24,Male,Salaried,720000,693,97000,48,15559,0.26,Chennai,Business Expansion,2025-03-30,0
CUST105201,37,Female,Business,599000,669,660000,36,14387,0.29,Madurai,Business Expansion,2026-01-24,0
CUST105202,34,Female,Business,981000,595,844000,48,21236,0.26,Pondicherry,Home,2026-02-28,0
CUST105203,34,Female,Self-Employed,930000,600,1335000,60,6867,0.09,Pondicherry,Home,2025-08-17,1
CUST105204,33,Male,Self-Employed,885000,674,619000,24,25338,0.34,Pondicherry,Personal,2024-10-20,1
CUST105205,27,Female,Salaried,510000,699,302000,48,4528,0.11,Coimbatore,Business Expansion,2024-08-13,0
CUST105206,64,Female,Self-Employed,534000,737,1776000,12,6903,0.16,Coimbatore,Business Expansion,2026-06-28,0
CUST105207,35,Male,Salaried,989000,817,562000,24,21598,0.26,Pondicherry,Home,2025-10-18,0
CUST105208,39,Female,Salaried,460000,603,796000,120,3531,0.09,Pondicherry,Education,2024-12-16,0
CUST105209,63,Male,Salaried,1001000,662,845000,60,8437,0.1,Trichy,Home,2025-02-09,0
CUST105210,64,Male,Salaried,467000,632,846000,60,12179,0.31,Chennai,Personal,2025-07-06,0
CUST105211,55,Male,Salaried,778000,550,913000,120,9699,0.15,Madurai,Home,2025-08-26,0
CUST105212,37,Male,Salaried,622000,700,205000,120,12941,0.25,Coimbatore,Personal,2025-11-23,0
CUST105213,55,Male,Salaried,771000,720,1676000,48,19764,0.31,Chennai,Vehicle,2026-01-20,0
CUST105214,39,Female,Self-Employed,1179000,528,1283000,36,33597,0.34,Trichy,Personal,2025-03-25,1
CUST105215,40,Male,Salaried,781000,616,373000,12,7359,0.11,Chennai,Business Expansion,2026-04-21,0
CUST105216,56,Female,Salaried,1041000,607,1815000,48,7536,0.09,Salem,Vehicle,2025-10-29,0
CUST105217,55,Male,Business,794000,514,1838000,36,18011,0.27,Chennai,Home,2026-02-01,1
CUST105218,52,Male,Salaried,1052000,646,1828000,60,9333,0.11,Madurai,Vehicle,2025-06-06,1
CUST105219,64,Male,Business,1127000,546,1114000,24,21042,0.22,Pondicherry,Home,2026-02-08,1
CUST105220,60,Female,Self-Employed,823000,639,411000,120,14388,0.21,Coimbatore,Vehicle,2025-12-01,0
CUST105221,44,Female,Salaried,803000,674,421000,60,14586,0.22,Pondicherry,Personal,2025-08-03,0
CUST105222,37,Male,Salaried,956000,685,1000000,48,19513,0.24,Trichy,Home,2026-06-29,0
CUST105223,27,Male,Salaried,1074000,689,1489000,36,27321,0.31,Salem,Personal,2025-01-16,1
CUST105224,63,Female,Salaried,991000,787,684000,120,10863,0.13,Coimbatore,Business Expansion,2025-01-20,0
CUST105225,21,Male,Salaried,483000,577,758000,48,8717,0.22,Chennai,Vehicle,2025-03-07,0
CUST105226,55,Female,Salaried,832000,581,1735000,60,10469,0.15,Coimbatore,Education,2025-09-22,0
CUST105227,52,Female,Salaried,1008000,708,1450000,12,12232,0.15,Pondicherry,Personal,2026-03-11,0
CUST105228,56,Male,Self-Employed,759000,613,801000,60,3549,0.06,Coimbatore,Education,2026-07-17,0
CUST105229,33,Male,Salaried,538000,751,1386000,48,10303,0.23,Chennai,Personal,2025-06-10,0
CUST105230,26,Male,Self-Employed,667000,675,1351000,36,18995,0.34,Chennai,Business Expansion,2026-03-14,0
CUST105231,34,Female,Salaried,670000,822,371000,48,15542,0.28,Coimbatore,Personal,2025-02-28,0
CUST105232,57,Male,Self-Employed,1424000,616,604000,24,14576,0.12,Trichy,Home,2024-12-16,0
CUST105233,35,Male,Salaried,1064000,516,1107000,24,23482,0.26,Chennai,Business Expansion,2025-03-26,0
CUST105234,24,Male,Self-Employed,972000,655,163000,36,11274,0.14,Coimbatore,Business Expansion,2026-03-25,0
CUST105235,60,Male,Salaried,799000,643,51000,120,18383,0.28,Chennai,Business Expansion,2026-07-15,0
CUST105236,36,Male,Self-Employed,1375000,673,799000,60,35117,0.31,Trichy,Home,2025-06-13,0
CUST105237,48,Female,Salaried,921000,709,808000,48,11535,0.15,Pondicherry,Vehicle,2026-04-24,0
CUST105238,36,Male,Salaried,864000,601,1644000,84,3647,0.05,Madurai,Home,2024-08-11,0
CUST105239,24,Female,Salaried,842000,559,1109000,84,9928,0.14,Chennai,Home,2025-09-05,0
CUST105240,46,Female,Salaried,1073000,636,1817000,24,9992,0.11,Chennai,Business Expansion,2025-02-19,0
CUST105241,48,Male,Salaried,579000,435,1081000,12,11366,0.24,Coimbatore,Personal,2026-01-09,0
CUST105242,52,Male,Salaried,1067000,657,1234000,24,12183,0.14,Madurai,Education,2025-12-29,0
CUST105243,22,Male,Salaried,1055000,613,850000,60,5346,0.06,Madurai,Personal,2025-01-28,0
CUST105244,51,Female,Salaried,882000,727,1525000,36,15390,0.21,Salem,Education,2025-10-05,0
CUST105245,23,Male,Self-Employed,913000,446,1603000,12,23768,0.31,Salem,Vehicle,2026-02-09,1
CUST105246,28,Female,Business,1736000,650,1649000,48,26821,0.19,Chennai,Personal,2025-09-17,0
CUST105247,44,Female,Salaried,752000,791,622000,48,10207,0.16,Chennai,Personal,2026-01-25,0
CUST105248,35,Male,Self-Employed,1221000,685,132000,120,10536,0.1,Coimbatore,Business Expansion,2025-06-25,0
CUST105249,63,Female,Salaried,441000,738,1083000,84,6108,0.17,Coimbatore,Business Expansion,2026-02-11,0
CUST105250,51,Male,Salaried,850000,680,483000,120,10573,0.15,Madurai,Personal,2025-01-31,1
CUST105251,29,Female,Salaried,763000,500,667000,120,22157,0.35,Pondicherry,Vehicle,2024-12-09,0
CUST105252,59,Male,Salaried,776000,664,1306000,36,3824,0.06,Chennai,Personal,2025-05-02,0
CUST105253,22,Male,Business,583000,686,1295000,12,5910,0.12,Pondicherry,Vehicle,2026-05-24,0
CUST105254,28,Male,Salaried,875000,552,839000,12,5147,0.07,Madurai,Education,2025-08-06,0
CUST105255,27,Female,Self-Employed,434000,613,1624000,12,11111,0.31,Salem,Home,2025-10-30,1
CUST105256,64,Male,Salaried,995000,388,919000,36,14526,0.18,Trichy,Vehicle,2024-08-25,0
CUST105257,59,Female,Salaried,630000,619,370000,36,15166,0.29,Trichy,Personal,2025-08-23,0
CUST105258,62,Male,Salaried,489000,610,847000,48,10499,0.26,Chennai,Personal,2025-06-05,1
CUST105259,36,Male,Self-Employed,314000,751,1718000,120,8593,0.33,Pondicherry,Business Expansion,2025-01-26,1
CUST105260,55,Male,Salaried,904000,595,1828000,24,4303,0.06,Chennai,Personal,2025-02-22,0
CUST105261,50,Male,Salaried,491000,626,928000,60,4590,0.11,Trichy,Home,2024-08-05,0
CUST105262,30,Male,Salaried,1017000,642,1355000,48,22086,0.26,Chennai,Business Expansion,2025-06-02,0
CUST105263,58,Male,Business,1473000,596,1193000,84,27688,0.23,Chennai,Vehicle,2025-01-25,0
CUST105264,38,Female,Salaried,644000,714,112000,84,13867,0.26,Chennai,Personal,2025-06-11,1
CUST105265,25,Male,Self-Employed,1101000,445,1759000,84,20427,0.22,Chennai,Home,2026-05-25,0
CUST105266,49,Male,Salaried,677000,752,1616000,120,12654,0.22,Coimbatore,Home,2026-03-16,1
CUST105267,59,Male,Salaried,655000,648,1816000,12,18000,0.33,Salem,Home,2024-12-09,0
CUST105268,54,Female,Business,1399000,767,1242000,24,38051,0.33,Coimbatore,Vehicle,2025-03-13,0
CUST105269,63,Male,Self-Employed,350000,377,701000,60,1790,0.06,Pondicherry,Personal,2025-06-02,1
CUST105270,43,Male,Salaried,777000,430,1346000,12,11273,0.17,Chennai,Vehicle,2025-06-06,1
CUST105271,25,Male,Salaried,760000,623,707000,36,12867,0.2,Coimbatore,Home,2024-10-30,0
CUST105272,50,Female,Salaried,763000,695,755000,24,10006,0.16,Chennai,Home,2025-04-19,1
CUST105273,26,Female,Self-Employed,423000,575,418000,36,2286,0.06,Chennai,Home,2025-10-12,0
CUST105274,64,Male,Salaried,631000,702,521000,60,10079,0.19,Chennai,Vehicle,2026-01-04,0
CUST105275,24,Male,Self-Employed,348000,713,1933000,84,9938,0.34,Coimbatore,Home,2024-11-26,1
CUST105276,49,Female,Salaried,454000,709,805000,60,2711,0.07,Chennai,Education,2026-05-31,0
CUST105277,43,Female,Salaried,462000,659,1368000,12,11357,0.29,Salem,Personal,2025-10-17,1
CUST105278,26,Female,Business,791000,658,1147000,36,7164,0.11,Coimbatore,Personal,2026-03-16,1
CUST105279,52,Female,Business,853000,594,928000,48,15854,0.22,Pondicherry,Personal,2025-07-25,1
CUST105280,62,Female,Salaried,997000,645,978000,84,13800,0.17,Salem,Personal,2025-01-21,0
CUST105281,38,Female,Business,1762000,557,1033000,120,22715,0.15,Trichy,Business Expansion,2025-11-05,0
CUST105282,35,Male,Self-Employed,1145000,554,1532000,48,29686,0.31,Salem,Business Expansion,2025-08-31,1
CUST105283,60,Male,Self-Employed,356000,671,697000,36,10147,0.34,Chennai,Home,2025-03-18,0
CUST105284,52,Male,Business,425000,608,652000,60,5879,0.17,Pondicherry,Vehicle,2025-01-04,0
CUST105285,29,Female,Salaried,893000,583,1611000,84,18018,0.24,Chennai,Vehicle,2025-06-30,1
CUST105286,57,Female,Self-Employed,1377000,665,1661000,24,24892,0.22,Coimbatore,Education,2026-07-13,1
CUST105287,30,Female,Business,524000,684,596000,84,3191,0.07,Trichy,Personal,2025-06-01,1
CUST105288,40,Male,Salaried,980000,630,1898000,36,5091,0.06,Salem,Home,2026-06-11,0
CUST105289,26,Male,Salaried,710000,636,256000,120,16686,0.28,Salem,Personal,2025-05-26,0
CUST105290,23,Male,Salaried,979000,687,838000,120,13735,0.17,Chennai,Personal,2026-04-07,0
CUST105291,62,Male,Self-Employed,1236000,712,1238000,12,14654,0.14,Coimbatore,Business Expansion,2025-07-09,0
CUST105292,31,Female,Self-Employed,723000,643,173000,48,20826,0.35,Pondicherry,Education,2026-01-01,1
CUST105293,63,Female,Salaried,741000,542,1807000,120,4666,0.08,Trichy,Home,2026-05-14,0
CUST105294,37,Male,Salaried,529000,630,1974000,84,5762,0.13,Chennai,Business Expansion,2026-07-21,0
CUST105295,52,Male,Salaried,726000,613,322000,12,18575,0.31,Coimbatore,Education,2024-08-13,0
CUST105296,24,Female,Salaried,449000,555,1455000,24,6529,0.17,Pondicherry,Education,2026-07-02,1
CUST105297,24,Male,Salaried,826000,694,523000,48,15506,0.23,Trichy,Business Expansion,2025-08-18,0
CUST105298,37,Female,Salaried,901000,701,403000,48,4843,0.06,Coimbatore,Vehicle,2025-01-22,0
CUST105299,61,Male,Self-Employed,355000,690,146000,120,9646,0.33,Trichy,Home,2025-09-07,0
CUST105300,39,Male,Salaried,854000,560,131000,48,6481,0.09,Madurai,Education,2026-05-05,0
CUST105301,25,Male,Business,845000,664,586000,84,8028,0.11,Salem,Personal,2026-04-24,1
CUST105302,52,Male,Salaried,451000,649,1434000,12,3647,0.1,Madurai,Home,2025-10-30,0
CUST105303,42,Female,Business,1280000,677,1134000,120,21253,0.2,Coimbatore,Personal,2026-06-11,0
CUST105304,26,Male,Salaried,728000,661,1167000,60,17900,0.3,Pondicherry,Vehicle,2025-04-25,0
CUST105305,55,Male,Self-Employed,851000,623,1878000,120,9224,0.13,Chennai,Personal,2026-06-02,0
CUST105306,42,Male,Salaried,521000,638,1029000,12,4024,0.09,Salem,Business Expansion,2026-06-06,0
CUST105307,21,Male,Salaried,777000,749,414000,60,11200,0.17,Trichy,Personal,2025-07-06,0
CUST105308,40,Male,Salaried,866000,572,1011000,84,24861,0.34,Salem,Home,2024-08-27,0
CUST105309,42,Male,Salaried,694000,634,807000,36,3083,0.05,Chennai,Home,2025-04-16,0
CUST105310,31,Female,Self-Employed,1033000,722,1726000,48,17319,0.2,Trichy,Personal,2026-02-15,0
CUST105311,33,Female,Salaried,945000,577,938000,120,19751,0.25,Pondicherry,Home,2024-12-13,0
CUST105312,62,Male,Business,566000,581,1838000,120,13773,0.29,Trichy,Personal,2025-06-03,1
CUST105313,23,Male,Salaried,571000,716,1369000,12,13031,0.27,Chennai,Home,2025-11-24,0
CUST105314,29,Male,Business,1058000,521,731000,24,6376,0.07,Chennai,Business Expansion,2024-08-17,0
CUST105315,32,Male,Salaried,931000,709,901000,24,14629,0.19,Madurai,Vehicle,2025-08-25,0
CUST105316,43,Female,Salaried,699000,605,1911000,120,4288,0.07,Coimbatore,Vehicle,2026-04-20,0
CUST105317,34,Female,Salaried,515000,686,799000,120,10126,0.24,Trichy,Home,2025-09-22,0
CUST105318,53,Female,Business,839000,540,1994000,60,5111,0.07,Coimbatore,Home,2024-09-18,0
CUST105319,38,Male,Salaried,804000,756,219000,60,4323,0.06,Pondicherry,Vehicle,2024-09-30,0
CUST105320,61,Male,Salaried,747000,540,955000,48,8827,0.14,Coimbatore,Vehicle,2025-06-10,0
CUST105321,29,Female,Salaried,838000,715,912000,60,23160,0.33,Chennai,Home,2026-03-11,0
CUST105322,43,Male,Salaried,961000,544,348000,24,21061,0.26,Chennai,Home,2024-12-24,0
CUST105323,30,Male,Self-Employed,329000,787,757000,12,1403,0.05,Trichy,Education,2026-07-03,0
CUST105324,39,Female,Salaried,978000,643,1969000,12,11036,0.14,Madurai,Personal,2025-12-09,0
CUST105325,25,Female,Self-Employed,1133000,800,906000,60,5216,0.06,Madurai,Home,2024-08-06,1
CUST105326,43,Female,Self-Employed,1158000,551,717000,120,13345,0.14,Pondicherry,Home,2025-02-21,0
CUST105327,50,Male,Business,859000,610,969000,60,18300,0.26,Coimbatore,Business Expansion,2025-04-07,0
CUST105328,45,Male,Salaried,898000,758,1684000,120,20798,0.28,Salem,Business Expansion,2025-07-11,0
CUST105329,48,Male,Salaried,734000,521,858000,84,17813,0.29,Salem,Personal,2025-10-06,1
CUST105330,54,Female,Business,930000,587,1390000,24,25032,0.32,Chennai,Home,2025-07-10,1
CUST105331,45,Male,Salaried,772000,694,941000,36,10276,0.16,Pondicherry,Personal,2026-04-10,0
CUST105332,30,Female,Salaried,963000,558,1718000,120,24779,0.31,Trichy,Personal,2025-09-21,0
CUST105333,34,Female,Business,807000,696,1938000,12,18043,0.27,Madurai,Personal,2026-01-15,1
CUST105334,62,Male,Salaried,699000,665,1724000,60,12309,0.21,Madurai,Home,2025-11-30,0
CUST105335,50,Male,Salaried,928000,513,313000,84,26014,0.34,Pondicherry,Home,2024-09-24,0
CUST105336,61,Male,Salaried,957000,737,1734000,84,26662,0.33,Salem,Business Expansion,2025-01-24,0
CUST105337,45,Female,Salaried,580000,536,529000,84,15431,0.32,Madurai,Vehicle,2025-11-11,0
CUST105338,34,Female,Salaried,769000,719,1009000,84,7091,0.11,Chennai,Business Expansion,2025-12-08,0
CUST105339,55,Female,Salaried,947000,661,1334000,48,8867,0.11,Trichy,Personal,2026-01-03,0
CUST105340,54,Male,Salaried,942000,609,1619000,60,25143,0.32,Chennai,Education,2024-11-26,0
CUST105341,30,Male,Business,1156000,550,570000,60,16316,0.17,Trichy,Education,2025-08-24,0
CUST105342,55,Female,Self-Employed,341000,654,855000,84,8219,0.29,Pondicherry,Home,2026-04-05,0
CUST105343,31,Male,Self-Employed,905000,546,1116000,12,19312,0.26,Coimbatore,Personal,2025-09-22,0
CUST105344,31,Female,Salaried,509000,758,1169000,60,11821,0.28,Chennai,Business Expansion,2025-02-18,0
CUST105345,41,Female,Business,1056000,762,1467000,120,5093,0.06,Trichy,Business Expansion,2024-12-23,0
CUST105346,41,Male,Business,1089000,797,573000,48,16243,0.18,Coimbatore,Education,2025-01-28,0
CUST105347,42,Male,Business,902000,675,1428000,120,23085,0.31,Chennai,Vehicle,2024-09-05,0
CUST105348,27,Male,Business,721000,613,1048000,48,11835,0.2,Trichy,Personal,2024-09-05,0
CUST105349,37,Male,Salaried,792000,623,451000,84,16964,0.26,Salem,Personal,2025-09-01,0
CUST105350,22,Female,Self-Employed,878000,591,1544000,48,20251,0.28,Trichy,Personal,2026-01-14,1
CUST105351,32,Female,Self-Employed,695000,647,701000,24,4994,0.09,Madurai,Business Expansion,2025-03-18,1
CUST105352,62,Female,Salaried,720000,689,1360000,48,5803,0.1,Madurai,Education,2025-02-27,0
CUST105353,38,Female,Salaried,897000,760,1852000,84,19985,0.27,Chennai,Home,2025-11-13,0
CUST105354,31,Male,Salaried,567000,651,1939000,84,3136,0.07,Pondicherry,Vehicle,2024-08-06,1
CUST105355,36,Male,Salaried,749000,523,332000,84,9522,0.15,Madurai,Personal,2025-11-02,0
CUST105356,38,Female,Business,691000,613,582000,12,18739,0.33,Salem,Personal,2025-08-29,0
CUST105357,55,Male,Self-Employed,640000,765,945000,36,11856,0.22,Salem,Business Expansion,2025-01-06,0
CUST105358,46,Female,Salaried,538000,509,318000,120,14487,0.32,Coimbatore,Vehicle,2024-12-24,0
CUST105359,36,Female,Salaried,726000,716,811000,120,8640,0.14,Salem,Personal,2025-07-18,0
CUST105360,26,Male,Self-Employed,1177000,589,1630000,60,23636,0.24,Salem,Personal,2026-06-12,0
CUST105361,64,Male,Salaried,846000,570,1760000,60,9589,0.14,Trichy,Personal,2024-09-16,0
CUST105362,63,Male,Salaried,810000,685,1354000,60,5625,0.08,Coimbatore,Personal,2026-01-18,0
CUST105363,62,Female,Salaried,848000,790,1150000,48,24536,0.35,Pondicherry,Home,2024-11-18,0
CUST105364,32,Male,Salaried,695000,680,1818000,48,5957,0.1,Chennai,Home,2026-03-28,0
CUST105365,33,Female,Salaried,1050000,626,1905000,48,9322,0.11,Madurai,Vehicle,2025-11-30,0
CUST105366,24,Female,Self-Employed,1383000,508,759000,36,34871,0.3,Chennai,Vehicle,2025-03-05,1
CUST105367,59,Female,Salaried,909000,641,1428000,36,22018,0.29,Madurai,Vehicle,2024-11-12,0
CUST105368,22,Male,Salaried,545000,530,1328000,36,15593,0.34,Salem,Business Expansion,2026-07-30,0
CUST105369,46,Male,Self-Employed,300000,597,1741000,36,1788,0.07,Chennai,Education,2026-06-11,1
CUST105370,47,Female,Self-Employed,1232000,619,1989000,36,8032,0.08,Pondicherry,Business Expansion,2026-02-08,0
CUST105371,47,Female,Salaried,630000,437,1029000,60,9692,0.18,Chennai,Personal,2025-07-05,0
CUST105372,35,Male,Self-Employed,407000,749,474000,60,7716,0.23,Trichy,Home,2026-07-15,1
CUST105373,28,Female,Business,1770000,538,1077000,36,9057,0.06,Trichy,Personal,2025-05-10,0
CUST105374,27,Female,Business,751000,633,133000,60,6102,0.1,Chennai,Vehicle,2026-01-16,0
CUST105375,60,Male,Self-Employed,1386000,673,1782000,36,30145,0.26,Madurai,Business Expansion,2024-08-28,0
CUST105376,32,Male,Self-Employed,1137000,742,263000,36,23740,0.25,Pondicherry,Vehicle,2026-01-29,0
CUST105377,33,Female,Salaried,488000,578,841000,36,3127,0.08,Coimbatore,Personal,2025-12-28,0
CUST105378,63,Male,Self-Employed,332000,399,706000,60,9116,0.33,Trichy,Vehicle,2025-09-26,1
CUST105379,37,Male,Self-Employed,417000,722,950000,24,4393,0.13,Trichy,Personal,2026-07-31,0
CUST105380,37,Female,Salaried,1014000,537,106000,24,26716,0.32,Chennai,Education,2025-12-18,0
CUST105381,56,Male,Salaried,1037000,682,1227000,84,28249,0.33,Salem,Business Expansion,2025-04-11,0
CUST105382,41,Male,Self-Employed,1107000,662,1685000,84,18175,0.2,Madurai,Business Expansion,2025-03-28,0
CUST105383,28,Female,Business,762000,357,1785000,24,11022,0.17,Coimbatore,Personal,2025-03-29,0
CUST105384,25,Female,Salaried,588000,504,1018000,12,6538,0.13,Chennai,Personal,2025-02-18,0
CUST105385,46,Female,Salaried,487000,608,450000,120,11859,0.29,Coimbatore,Home,2024-12-13,1
CUST105386,36,Female,Self-Employed,1315000,392,1001000,24,11942,0.11,Trichy,Home,2025-11-21,1
CUST105387,56,Male,Salaried,885000,529,1593000,24,17452,0.24,Madurai,Home,2025-11-16,0
CUST105388,48,Male,Self-Employed,1438000,636,1014000,24,26380,0.22,Trichy,Education,2025-09-30,1
CUST105389,49,Male,Salaried,594000,642,571000,48,6171,0.12,Pondicherry,Home,2025-07-20,0
CUST105390,32,Male,Salaried,907000,677,1709000,36,26069,0.34,Coimbatore,Home,2025-08-02,0
CUST105391,57,Female,Self-Employed,840000,665,319000,84,21272,0.3,Madurai,Personal,2026-02-20,0
CUST105392,50,Female,Salaried,814000,498,1932000,60,3809,0.06,Salem,Personal,2024-10-24,1
CUST105393,43,Male,Salaried,757000,534,1612000,120,11145,0.18,Salem,Education,2025-01-04,0
CUST105394,36,Male,Salaried,924000,718,1585000,120,12142,0.16,Coimbatore,Home,2025-07-03,1
CUST105395,34,Male,Salaried,816000,787,566000,120,21409,0.31,Trichy,Education,2025-02-07,0
CUST105396,30,Male,Self-Employed,1287000,537,896000,48,13872,0.13,Chennai,Home,2025-12-12,0
CUST105397,27,Male,Salaried,1028000,673,461000,36,29943,0.35,Chennai,Education,2024-08-21,0
CUST105398,57,Male,Salaried,761000,722,1718000,24,6977,0.11,Pondicherry,Personal,2026-04-02,0
CUST105399,49,Female,Salaried,651000,671,1415000,24,6681,0.12,Coimbatore,Vehicle,2026-06-24,0
CUST105400,23,Male,Salaried,962000,627,189000,48,20027,0.25,Chennai,Personal,2026-05-18,0
CUST105401,35,Male,Self-Employed,1270000,567,1051000,60,10405,0.1,Pondicherry,Vehicle,2026-06-17,1
CUST105402,56,Female,Salaried,427000,828,313000,48,11267,0.32,Salem,Vehicle,2025-12-05,0
CUST105403,39,Male,Business,759000,658,1900000,48,5248,0.08,Salem,Home,2024-12-15,0
CUST105404,33,Male,Salaried,511000,685,498000,84,14691,0.34,Madurai,Home,2025-03-24,0
CUST105405,62,Male,Salaried,627000,679,1300000,36,16322,0.31,Coimbatore,Education,2024-08-03,1
CUST105406,41,Male,Self-Employed,1313000,551,1133000,12,33032,0.3,Chennai,Personal,2024-08-23,1
CUST105407,57,Male,Business,1092000,654,1153000,84,15667,0.17,Pondicherry,Education,2024-12-19,0
CUST105408,47,Female,Business,1108000,620,1128000,120,18844,0.2,Salem,Vehicle,2024-09-07,0
CUST105409,49,Male,Salaried,959000,619,655000,60,14937,0.19,Pondicherry,Personal,2025-01-09,0
CUST105410,40,Female,Salaried,637000,678,476000,60,18378,0.35,Pondicherry,Home,2025-03-10,1
CUST105411,45,Male,Business,1762000,567,1626000,48,8875,0.06,Chennai,Education,2025-09-14,0
CUST105412,26,Male,Salaried,600000,541,571000,48,8225,0.16,Coimbatore,Vehicle,2024-08-20,1
CUST105413,56,Male,Business,1257000,695,275000,24,35669,0.34,Coimbatore,Home,2026-02-09,0
CUST105414,22,Male,Self-Employed,1014000,577,165000,48,13589,0.16,Pondicherry,Vehicle,2024-11-10,1
CUST105415,42,Male,Business,1260000,618,1020000,36,17799,0.17,Chennai,Home,2025-11-30,0
CUST105416,52,Male,Business,1121000,476,1413000,24,22363,0.24,Madurai,Business Expansion,2025-06-03,0
CUST105417,36,Male,Salaried,1026000,736,1180000,12,27546,0.32,Chennai,Home,2024-09-26,0
CUST105418,38,Male,Self-Employed,1421000,672,1592000,36,16383,0.14,Trichy,Home,2026-06-09,1
CUST105419,25,Male,Salaried,488000,713,582000,60,13594,0.33,Pondicherry,Home,2024-12-18,0
CUST105420,56,Male,Salaried,717000,684,1837000,60,8052,0.13,Trichy,Home,2025-11-17,0
CUST105421,50,Male,Salaried,474000,513,380000,36,11637,0.29,Pondicherry,Personal,2024-11-25,0
CUST105422,39,Female,Salaried,801000,670,150000,84,8861,0.13,Madurai,Vehicle,2024-12-16,0
CUST105423,43,Female,Self-Employed,658000,570,1288000,48,3942,0.07,Chennai,Business Expansion,2025-06-17,0
CUST105424,54,Male,Business,1368000,563,605000,48,33480,0.29,Coimbatore,Vehicle,2025-04-25,0
CUST105425,33,Male,Self-Employed,1322000,670,272000,48,20383,0.19,Salem,Personal,2025-10-10,0
CUST105426,63,Male,Salaried,426000,799,1283000,60,5936,0.17,Chennai,Vehicle,2024-09-20,0
CUST105427,49,Female,Business,1760000,784,1417000,36,26248,0.18,Chennai,Education,2025-06-16,0
CUST105428,56,Male,Business,1448000,705,1799000,48,28172,0.23,Coimbatore,Personal,2026-06-28,1
CUST105429,42,Female,Self-Employed,726000,622,1878000,84,7792,0.13,Coimbatore,Home,2026-03-28,1
CUST105430,56,Male,Self-Employed,1214000,605,800000,24,12259,0.12,Coimbatore,Personal,2026-01-13,0
CUST105431,29,Male,Business,1351000,568,477000,60,21957,0.2,Madurai,Home,2026-06-01,0
CUST105432,59,Male,Salaried,767000,625,1138000,120,3879,0.06,Salem,Home,2026-07-26,1
CUST105433,39,Male,Business,998000,731,1327000,84,20197,0.24,Pondicherry,Business Expansion,2025-07-04,0
CUST105434,58,Female,Business,1115000,814,931000,36,27582,0.3,Chennai,Business Expansion,2024-08-24,0
CUST105435,26,Male,Business,984000,576,567000,84,21994,0.27,Trichy,Personal,2025-05-09,0
CUST105436,35,Male,Salaried,830000,470,343000,36,13196,0.19,Pondicherry,Business Expansion,2024-09-05,0
CUST105437,40,Female,Business,1457000,602,270000,36,26665,0.22,Pondicherry,Home,2026-07-21,1
CUST105438,29,Female,Salaried,601000,731,476000,36,2897,0.06,Coimbatore,Personal,2025-12-13,0
CUST105439,52,Male,Self-Employed,1068000,811,362000,12,28809,0.32,Coimbatore,Vehicle,2026-01-26,0
CUST105440,24,Male,Business,874000,767,1788000,24,15835,0.22,Pondicherry,Personal,2025-04-15,0
CUST105441,38,Male,Salaried,969000,765,1537000,84,11702,0.14,Pondicherry,Home,2025-07-04,1
CUST105442,25,Male,Salaried,981000,573,631000,12,11287,0.14,Madurai,Vehicle,2025-01-24,0
CUST105443,40,Female,Business,945000,576,1650000,84,19521,0.25,Chennai,Business Expansion,2025-12-10,1
CUST105444,43,Male,Business,820000,530,301000,48,15395,0.23,Trichy,Vehicle,2025-10-04,0
CUST105445,31,Male,Business,641000,590,744000,84,5681,0.11,Chennai,Home,2025-12-06,1
CUST105446,57,Male,Salaried,815000,732,1185000,12,11747,0.17,Chennai,Home,2026-03-18,0
CUST105447,42,Female,Self-Employed,659000,771,1837000,12,13885,0.25,Coimbatore,Personal,2025-04-25,0
CUST105448,24,Male,Salaried,953000,681,1364000,60,11062,0.14,Coimbatore,Home,2026-07-18,0
CUST105449,49,Male,Self-Employed,545000,602,329000,36,9209,0.2,Coimbatore,Business Expansion,2025-10-21,0
CUST105450,64,Female,Salaried,822000,553,343000,12,8662,0.13,Coimbatore,Vehicle,2026-06-06,0
CUST105451,54,Male,Self-Employed,891000,614,1588000,36,5309,0.07,Chennai,Vehicle,2025-03-28,1
CUST105452,33,Female,Salaried,517000,668,228000,24,7172,0.17,Chennai,Business Expansion,2024-11-25,1
CUST105453,62,Male,Business,549000,518,238000,12,12335,0.27,Chennai,Home,2026-03-09,0
CUST105454,29,Male,Self-Employed,1408000,707,217000,60,13394,0.11,Coimbatore,Vehicle,2025-09-10,0
CUST105455,62,Female,Self-Employed,1197000,586,103000,60,27566,0.28,Chennai,Home,2025-04-23,0
CUST105456,51,Female,Salaried,429000,727,1651000,48,8967,0.25,Chennai,Home,2025-06-02,1
CUST105457,27,Male,Self-Employed,856000,624,1700000,12,14424,0.2,Coimbatore,Home,2025-09-23,0
CUST105458,24,Female,Salaried,667000,676,365000,24,18978,0.34,Chennai,Education,2026-05-18,0
CUST105459,39,Female,Salaried,1057000,586,320000,36,27748,0.32,Chennai,Personal,2026-02-24,1
CUST105460,62,Female,Self-Employed,785000,593,775000,84,14323,0.22,Pondicherry,Home,2026-03-10,0
CUST105461,50,Male,Business,1318000,707,1503000,120,23870,0.22,Madurai,Vehicle,2024-08-17,1
CUST105462,51,Male,Salaried,868000,638,1695000,84,9644,0.13,Pondicherry,Home,2024-08-12,0
CUST105463,55,Female,Salaried,508000,550,232000,84,13803,0.33,Madurai,Home,2025-12-28,1
CUST105464,41,Female,Self-Employed,1117000,635,1333000,84,29672,0.32,Salem,Business Expansion,2026-03-08,1
CUST105465,51,Male,Business,705000,684,73000,12,16016,0.27,Chennai,Home,2024-10-22,0
CUST105466,39,Male,Salaried,665000,773,900000,48,4896,0.09,Madurai,Education,2026-05-21,0
CUST105467,51,Male,Business,1314000,753,1167000,60,28589,0.26,Madurai,Vehicle,2025-08-18,0
CUST105468,52,Male,Business,626000,644,305000,120,6569,0.13,Salem,Home,2026-04-18,0
CUST105469,22,Male,Salaried,574000,600,1287000,84,5101,0.11,Coimbatore,Home,2024-10-23,0
CUST105470,30,Male,Salaried,795000,629,1944000,12,18401,0.28,Pondicherry,Vehicle,2026-03-10,0
CUST105471,22,Male,Self-Employed,354000,577,1569000,48,9968,0.34,Madurai,Personal,2025-12-26,0
CUST105472,22,Female,Business,1617000,695,1113000,24,11140,0.08,Trichy,Personal,2026-02-16,0
CUST105473,44,Male,Self-Employed,1363000,718,844000,84,11266,0.1,Pondicherry,Business Expansion,2025-12-22,0
CUST105474,37,Male,Salaried,769000,761,1536000,120,7418,0.12,Salem,Business Expansion,2025-01-19,0
CUST105475,52,Male,Salaried,660000,612,485000,36,18638,0.34,Trichy,Vehicle,2025-12-04,0
CUST105476,36,Female,Salaried,589000,603,1622000,24,12708,0.26,Coimbatore,Business Expansion,2025-04-23,0
CUST105477,36,Male,Self-Employed,448000,587,1063000,24,9463,0.25,Chennai,Home,2025-11-02,0
CUST105478,59,Male,Salaried,464000,476,1842000,84,7791,0.2,Coimbatore,Home,2024-08-08,1
CUST105479,51,Female,Salaried,853000,541,1789000,36,15018,0.21,Chennai,Business Expansion,2024-12-23,0
CUST105480,63,Female,Salaried,528000,646,954000,120,6030,0.14,Chennai,Personal,2026-07-11,1
CUST105481,44,Female,Salaried,863000,684,1284000,12,6930,0.1,Madurai,Personal,2024-12-13,0
CUST105482,21,Female,Salaried,664000,694,1987000,36,15719,0.28,Pondicherry,Vehicle,2026-04-29,0
CUST105483,31,Female,Salaried,875000,579,172000,48,13942,0.19,Chennai,Personal,2025-09-25,1
CUST105484,41,Female,Business,1595000,605,856000,24,16854,0.13,Madurai,Home,2024-10-07,0
CUST105485,24,Male,Salaried,692000,625,1532000,84,13830,0.24,Coimbatore,Vehicle,2026-02-27,1
CUST105486,27,Male,Self-Employed,1047000,590,335000,36,9845,0.11,Pondicherry,Business Expansion,2025-04-11,0
CUST105487,46,Male,Salaried,880000,711,1349000,60,14419,0.2,Chennai,Home,2025-09-04,0
CUST105488,32,Male,Salaried,473000,532,293000,36,4220,0.11,Madurai,Vehicle,2025-07-22,0
CUST105489,51,Male,Salaried,523000,546,811000,36,12111,0.28,Salem,Personal,2025-04-07,0
CUST105490,37,Male,Salaried,590000,623,192000,48,7190,0.15,Coimbatore,Home,2025-01-11,0
CUST105491,53,Female,Salaried,899000,527,1834000,84,13673,0.18,Trichy,Home,2025-04-24,0
CUST105492,31,Male,Business,1690000,478,369000,24,38935,0.28,Pondicherry,Home,2025-08-19,0
CUST105493,48,Male,Salaried,596000,515,1448000,48,12311,0.25,Chennai,Vehicle,2025-08-20,1
CUST105494,52,Female,Salaried,815000,628,1994000,48,11539,0.17,Salem,Personal,2025-04-22,0
CUST105495,21,Male,Business,638000,706,482000,60,3791,0.07,Pondicherry,Education,2026-01-19,0
CUST105496,48,Male,Salaried,966000,708,1652000,48,26281,0.33,Chennai,Home,2026-04-08,0
CUST105497,62,Male,Self-Employed,753000,767,171000,84,3286,0.05,Coimbatore,Education,2026-02-21,0
CUST105498,27,Female,Salaried,854000,659,1308000,48,19241,0.27,Madurai,Personal,2024-08-24,0
CUST105499,22,Male,Salaried,1050000,671,843000,60,29191,0.33,Pondicherry,Home,2026-03-07,0
CUST105500,62,Female,Self-Employed,1270000,602,478000,120,15028,0.14,Chennai,Home,2025-08-07,1
CUST105501,44,Male,Business,1352000,631,781000,12,8183,0.07,Trichy,Vehicle,2026-03-28,0
CUST105502,24,Male,Salaried,933000,837,1199000,48,9708,0.12,Chennai,Business Expansion,2024-12-05,0
CUST105503,64,Male,Salaried,829000,673,823000,36,9949,0.14,Pondicherry,Vehicle,2025-01-21,0
CUST105504,39,Female,Salaried,718000,681,799000,48,11092,0.19,Trichy,Vehicle,2024-08-18,1
CUST105505,46,Female,Salaried,1020000,546,1617000,120,17643,0.21,Madurai,Home,2025-10-25,0
CUST105506,31,Female,Business,1148000,686,252000,24,25600,0.27,Trichy,Home,2024-10-02,0
CUST105507,60,Female,Salaried,660000,709,1346000,36,17615,0.32,Pondicherry,Home,2026-04-15,0
CUST105508,63,Male,Business,1055000,749,1247000,36,16654,0.19,Coimbatore,Home,2024-12-30,1
CUST105509,31,Female,Salaried,508000,706,870000,12,11595,0.27,Pondicherry,Business Expansion,2026-06-02,0
CUST105510,23,Male,Business,1500000,638,287000,24,11019,0.09,Chennai,Business Expansion,2025-11-17,0
CUST105511,32,Female,Salaried,881000,634,1941000,24,10912,0.15,Trichy,Home,2025-12-20,1
CUST105512,23,Male,Business,1512000,643,1973000,24,10763,0.09,Pondicherry,Business Expansion,2024-08-08,0
CUST105513,62,Male,Salaried,955000,659,511000,48,20494,0.26,Coimbatore,Home,2025-03-12,0
CUST105514,47,Male,Self-Employed,1022000,739,159000,120,27448,0.32,Pondicherry,Home,2025-02-16,0
CUST105515,22,Male,Self-Employed,986000,721,461000,48,26023,0.32,Madurai,Home,2024-12-11,0
CUST105516,36,Male,Salaried,728000,717,120000,36,8974,0.15,Salem,Home,2026-01-21,0
CUST105517,22,Female,Business,860000,832,1729000,12,8619,0.12,Chennai,Home,2025-08-17,0
CUST105518,50,Male,Self-Employed,1097000,385,767000,48,12086,0.13,Chennai,Personal,2025-02-07,1
CUST105519,40,Male,Business,1733000,608,1430000,84,19669,0.14,Pondicherry,Personal,2025-03-19,1
CUST105520,58,Female,Salaried,553000,648,472000,84,3441,0.07,Pondicherry,Personal,2026-07-06,0
CUST105521,48,Male,Self-Employed,1245000,564,290000,48,9337,0.09,Coimbatore,Personal,2026-02-26,1
CUST105522,45,Female,Business,729000,566,1676000,120,6946,0.11,Salem,Personal,2025-06-19,0
CUST105523,52,Male,Salaried,918000,495,719000,12,4012,0.05,Trichy,Education,2024-09-21,0
CUST105524,30,Female,Salaried,565000,621,768000,120,3021,0.06,Salem,Business Expansion,2025-07-03,0
CUST105525,62,Female,Business,1785000,730,1642000,24,38610,0.26,Madurai,Education,2026-03-18,0
CUST105526,60,Male,Salaried,1058000,719,1641000,36,20789,0.24,Chennai,Vehicle,2025-06-29,0
CUST105527,53,Male,Salaried,986000,582,728000,48,27412,0.33,Coimbatore,Vehicle,2025-10-09,1
CUST105528,33,Male,Salaried,991000,669,176000,12,14082,0.17,Salem,Home,2026-06-14,1
CUST105529,61,Female,Business,918000,772,475000,12,14022,0.18,Coimbatore,Business Expansion,2026-06-26,0
CUST105530,62,Male,Business,734000,513,1603000,120,4301,0.07,Salem,Home,2025-11-17,0
CUST105531,57,Male,Business,666000,635,1148000,24,5309,0.1,Pondicherry,Home,2026-06-02,0
CUST105532,36,Male,Self-Employed,1330000,650,327000,120,28537,0.26,Coimbatore,Home,2025-12-20,0
CUST105533,42,Female,Salaried,424000,650,543000,120,4258,0.12,Madurai,Personal,2026-07-21,0
CUST105534,40,Male,Salaried,772000,726,437000,60,18140,0.28,Madurai,Home,2025-09-12,0
CUST105535,63,Female,Salaried,687000,515,820000,120,14982,0.26,Trichy,Education,2025-08-14,0
CUST105536,47,Male,Salaried,640000,559,585000,60,14622,0.27,Chennai,Home,2026-07-22,0
CUST105537,61,Male,Salaried,929000,711,1535000,60,19909,0.26,Salem,Business Expansion,2025-02-21,1
CUST105538,36,Male,Business,464000,496,357000,120,10142,0.26,Madurai,Personal,2025-07-24,1
CUST105539,54,Female,Business,1146000,723,1652000,60,20440,0.21,Salem,Vehicle,2025-04-06,1
CUST105540,52,Female,Self-Employed,509000,665,1196000,48,10751,0.25,Trichy,Vehicle,2024-12-27,0
CUST105541,46,Male,Business,924000,716,336000,120,16004,0.21,Coimbatore,Vehicle,2026-06-01,0
CUST105542,45,Male,Business,546000,607,1126000,84,5088,0.11,Madurai,Personal,2025-11-28,0
CUST105543,22,Female,Self-Employed,1082000,670,494000,84,10394,0.12,Pondicherry,Vehicle,2026-04-05,0
CUST105544,32,Male,Salaried,561000,544,1194000,12,8021,0.17,Coimbatore,Personal,2025-06-14,0
CUST105545,60,Male,Salaried,993000,612,1771000,84,4482,0.05,Salem,Personal,2025-12-24,0
CUST105546,29,Male,Salaried,837000,653,1492000,84,22096,0.32,Coimbatore,Vehicle,2025-05-14,0
CUST105547,32,Male,Salaried,462000,569,1872000,36,5023,0.13,Salem,Home,2025-08-23,1
CUST105548,46,Male,Salaried,992000,669,1829000,120,5411,0.07,Pondicherry,Personal,2024-12-21,0
CUST105549,29,Male,Business,773000,547,1149000,84,11422,0.18,Pondicherry,Home,2025-09-07,1
CUST105550,30,Male,Salaried,591000,674,955000,84,14512,0.29,Coimbatore,Business Expansion,2026-03-09,0
CUST105551,52,Female,Salaried,1035000,806,133000,120,14594,0.17,Madurai,Business Expansion,2025-01-14,0
CUST105552,54,Male,Self-Employed,766000,511,963000,120,8222,0.13,Pondicherry,Home,2026-04-03,0
CUST105553,40,Female,Self-Employed,993000,622,925000,84,17664,0.21,Madurai,Personal,2026-02-15,1
CUST105554,59,Male,Salaried,1037000,504,1897000,48,19211,0.22,Trichy,Personal,2025-08-15,1
CUST105555,22,Female,Salaried,522000,575,853000,60,12082,0.28,Pondicherry,Personal,2025-02-26,0
CUST105556,21,Male,Business,1242000,713,356000,36,30007,0.29,Madurai,Business Expansion,2024-09-13,0
CUST105557,56,Female,Salaried,625000,611,1518000,36,13638,0.26,Madurai,Vehicle,2025-11-08,0
CUST105558,44,Male,Business,1528000,716,1732000,84,6540,0.05,Chennai,Business Expansion,2026-01-11,0
CUST105559,47,Female,Salaried,942000,682,386000,84,3973,0.05,Chennai,Education,2025-06-27,0
CUST105560,22,Male,Salaried,538000,644,1945000,60,15388,0.34,Salem,Vehicle,2026-05-19,1
CUST105561,51,Male,Salaried,506000,557,1454000,36,5450,0.13,Pondicherry,Vehicle,2025-06-04,0
CUST105562,34,Female,Self-Employed,718000,686,1980000,48,8059,0.13,Chennai,Vehicle,2026-06-20,0
CUST105563,22,Male,Business,1135000,677,566000,24,25506,0.27,Pondicherry,Vehicle,2024-10-10,0
CUST105564,49,Male,Salaried,818000,512,150000,48,15301,0.22,Chennai,Business Expansion,2025-05-17,0
CUST105565,35,Female,Salaried,758000,563,149000,48,11942,0.19,Coimbatore,Business Expansion,2025-03-09,0
CUST105566,32,Male,Salaried,992000,400,222000,24,7021,0.08,Chennai,Home,2026-06-01,0
CUST105567,57,Male,Self-Employed,1280000,502,1505000,60,7940,0.07,Salem,Education,2026-04-10,1
CUST105568,48,Female,Salaried,1059000,621,1181000,60,23040,0.26,Salem,Vehicle,2025-12-24,1
CUST105569,40,Male,Salaried,455000,554,831000,120,3313,0.09,Madurai,Home,2026-01-23,0
CUST105570,59,Female,Salaried,559000,575,1958000,24,8419,0.18,Coimbatore,Business Expansion,2025-11-29,1
CUST105571,44,Male,Salaried,422000,775,77000,84,9524,0.27,Madurai,Personal,2025-01-23,0
CUST105572,41,Female,Business,1040000,742,806000,120,28336,0.33,Pondicherry,Business Expansion,2025-08-27,0
CUST105573,30,Male,Self-Employed,836000,562,1338000,48,21741,0.31,Chennai,Education,2026-03-03,0
CUST105574,34,Female,Salaried,896000,721,364000,12,23087,0.31,Coimbatore,Home,2024-10-31,1
CUST105575,57,Male,Salaried,719000,759,87000,36,9439,0.16,Trichy,Business Expansion,2025-06-04,0
CUST105576,38,Male,Salaried,782000,705,1678000,36,21384,0.33,Coimbatore,Business Expansion,2026-03-10,1
CUST105577,44,Female,Salaried,583000,676,1226000,36,12393,0.26,Chennai,Vehicle,2025-07-04,0
CUST105578,34,Male,Self-Employed,482000,723,377000,12,12690,0.32,Madurai,Personal,2026-03-20,0
CUST105579,54,Female,Salaried,1050000,719,97000,48,6709,0.08,Trichy,Home,2024-09-27,0
CUST105580,32,Female,Salaried,766000,540,964000,60,3949,0.06,Salem,Personal,2024-09-30,1
CUST105581,42,Male,Salaried,452000,632,1715000,84,6738,0.18,Chennai,Home,2025-09-28,0
CUST105582,26,Female,Self-Employed,700000,575,55000,24,17406,0.3,Madurai,Personal,2026-03-31,0
CUST105583,56,Male,Self-Employed,1104000,728,1487000,36,15875,0.17,Coimbatore,Business Expansion,2025-04-30,0
CUST105584,56,Male,Business,1149000,597,1134000,84,30198,0.32,Chennai,Education,2025-03-14,0
CUST105585,42,Male,Self-Employed,775000,557,819000,12,7777,0.12,Trichy,Home,2025-07-03,0
CUST105586,34,Female,Self-Employed,470000,717,1508000,84,2420,0.06,Chennai,Home,2026-01-09,0
CUST105587,36,Male,Self-Employed,1368000,648,1412000,24,31735,0.28,Chennai,Business Expansion,2026-07-25,1
CUST105588,56,Female,Salaried,835000,840,1342000,48,16550,0.24,Pondicherry,Personal,2025-07-25,0
CUST105589,45,Male,Salaried,620000,572,866000,12,9404,0.18,Coimbatore,Education,2025-07-05,0
CUST105590,52,Female,Business,1440000,603,1830000,84,36429,0.3,Salem,Business Expansion,2025-07-04,0
CUST105591,53,Male,Business,666000,750,57000,12,16497,0.3,Coimbatore,Vehicle,2025-12-02,0
CUST105592,56,Female,Self-Employed,1392000,509,826000,24,17093,0.15,Coimbatore,Home,2025-08-12,0
CUST105593,40,Male,Self-Employed,1119000,743,712000,24,28104,0.3,Coimbatore,Home,2026-06-19,0
CUST105594,38,Male,Salaried,941000,541,534000,36,12040,0.15,Chennai,Personal,2025-04-26,0
CUST105595,58,Male,Salaried,439000,704,761000,48,8654,0.24,Salem,Home,2026-04-23,0
CUST105596,23,Female,Business,1663000,484,378000,24,14932,0.11,Trichy,Vehicle,2025-01-01,1
CUST105597,43,Male,Business,1742000,654,1473000,36,18763,0.13,Coimbatore,Personal,2024-08-08,1
CUST105598,52,Female,Salaried,465000,526,449000,84,7144,0.18,Trichy,Personal,2025-05-09,0
CUST105599,36,Male,Salaried,943000,823,829000,36,11345,0.14,Salem,Business Expansion,2025-09-02,0
CUST105600,25,Female,Salaried,1049000,553,1802000,24,7757,0.09,Chennai,Personal,2025-04-03,1
CUST105601,24,Male,Salaried,768000,575,1962000,12,12460,0.19,Chennai,Personal,2024-12-12,1
CUST105602,41,Male,Salaried,872000,698,1468000,84,14780,0.2,Chennai,Business Expansion,2026-05-18,0
CUST105603,60,Male,Self-Employed,368000,570,387000,12,2993,0.1,Pondicherry,Personal,2025-03-15,1
CUST105604,34,Male,Salaried,879000,712,1982000,12,7493,0.1,Chennai,Home,2024-09-03,0
CUST105605,59,Male,Self-Employed,851000,561,468000,36,4170,0.06,Coimbatore,Personal,2025-05-23,0
CUST105606,51,Female,Self-Employed,480000,554,1283000,12,2364,0.06,Madurai,Vehicle,2025-11-18,0
CUST105607,34,Female,Business,1758000,647,1436000,48,23086,0.16,Madurai,Personal,2024-12-18,1
CUST105608,26,Female,Business,576000,540,1039000,12,4511,0.09,Pondicherry,Home,2025-08-20,1
CUST105609,32,Male,Self-Employed,1247000,660,1244000,120,33848,0.33,Coimbatore,Home,2025-05-12,1
CUST105610,36,Male,Self-Employed,1046000,703,150000,84,9573,0.11,Madurai,Personal,2025-02-25,0
CUST105611,37,Female,Salaried,441000,699,463000,84,2564,0.07,Salem,Home,2024-10-21,1
CUST105612,43,Male,Business,1184000,707,621000,12,16896,0.17,Chennai,Vehicle,2025-10-07,0
CUST105613,34,Female,Salaried,953000,476,372000,36,8556,0.11,Chennai,Vehicle,2025-09-04,0
CUST105614,27,Male,Business,836000,608,78000,84,4774,0.07,Trichy,Vehicle,2025-07-21,1
CUST105615,52,Female,Salaried,781000,629,1738000,120,17951,0.28,Pondicherry,Home,2026-05-11,1
CUST105616,35,Male,Salaried,1011000,780,1651000,120,18293,0.22,Coimbatore,Home,2025-07-30,0
CUST105617,64,Female,Salaried,699000,597,800000,60,3908,0.07,Chennai,Business Expansion,2025-05-22,0
CUST105618,37,Male,Self-Employed,802000,417,1078000,48,12725,0.19,Pondicherry,Vehicle,2025-09-26,0
CUST105619,61,Female,Salaried,721000,559,1709000,36,3704,0.06,Trichy,Business Expansion,2024-08-06,0
CUST105620,64,Male,Self-Employed,808000,565,656000,48,10523,0.16,Pondicherry,Personal,2026-03-16,0
CUST105621,54,Female,Business,1011000,455,566000,48,13394,0.16,Pondicherry,Personal,2026-03-09,1
CUST105622,25,Female,Salaried,671000,737,1158000,12,16601,0.3,Chennai,Vehicle,2025-11-23,0
CUST105623,47,Male,Self-Employed,756000,483,289000,48,17046,0.27,Pondicherry,Education,2025-12-28,1
CUST105624,43,Male,Salaried,895000,690,1122000,120,23798,0.32,Chennai,Education,2025-03-15,1
CUST105625,60,Male,Salaried,578000,551,75000,12,4438,0.09,Pondicherry,Education,2026-05-29,0
CUST105626,34,Male,Self-Employed,311000,760,888000,48,5445,0.21,Pondicherry,Business Expansion,2025-05-08,1
CUST105627,35,Male,Salaried,559000,625,463000,84,2611,0.06,Madurai,Vehicle,2026-07-26,0
CUST105628,63,Male,Business,471000,606,1171000,120,11683,0.3,Trichy,Home,2026-07-07,0
CUST105629,53,Male,Self-Employed,1171000,672,1485000,60,15610,0.16,Chennai,Vehicle,2025-07-06,0
CUST105630,51,Female,Business,997000,559,1967000,48,5881,0.07,Chennai,Home,2025-09-11,1
CUST105631,55,Female,Self-Employed,624000,676,1343000,24,7664,0.15,Coimbatore,Home,2026-02-26,0
CUST105632,37,Male,Business,1198000,606,323000,12,13584,0.14,Pondicherry,Vehicle,2025-10-16,0
CUST105633,48,Female,Salaried,994000,596,1386000,60,23176,0.28,Coimbatore,Business Expansion,2025-08-27,0
CUST105634,39,Female,Salaried,1027000,642,1309000,12,7529,0.09,Chennai,Vehicle,2025-10-09,0
CUST105635,43,Male,Salaried,956000,551,1282000,60,17266,0.22,Pondicherry,Personal,2024-11-09,1
CUST105636,52,Male,Business,651000,632,1098000,12,15633,0.29,Chennai,Personal,2025-04-05,0
CUST105637,60,Male,Salaried,729000,680,1911000,120,16515,0.27,Pondicherry,Education,2025-05-25,1
CUST105638,33,Female,Business,596000,442,694000,24,16428,0.33,Coimbatore,Vehicle,2025-09-19,1
CUST105639,40,Female,Salaried,1010000,748,230000,84,4224,0.05,Coimbatore,Personal,2024-11-13,0
CUST105640,55,Male,Salaried,446000,723,646000,24,5803,0.16,Chennai,Vehicle,2024-09-28,1
CUST105641,25,Female,Salaried,495000,483,295000,120,6636,0.16,Salem,Education,2025-02-26,0
CUST105642,29,Male,Self-Employed,1039000,444,1624000,60,5194,0.06,Chennai,Personal,2024-11-03,0
CUST105643,49,Male,Business,885000,725,812000,36,21769,0.3,Chennai,Home,2026-03-25,0
CUST105644,26,Female,Salaried,477000,718,490000,12,10202,0.26,Trichy,Personal,2025-07-10,0
CUST105645,45,Female,Self-Employed,545000,681,675000,36,9465,0.21,Pondicherry,Personal,2024-09-20,0
CUST105646,51,Male,Salaried,573000,521,517000,48,8189,0.17,Chennai,Home,2025-12-14,0
CUST105647,42,Male,Self-Employed,892000,789,1852000,24,23684,0.32,Trichy,Personal,2026-07-16,0
CUST105648,22,Female,Salaried,1029000,582,1014000,120,11090,0.13,Trichy,Personal,2026-02-15,0
CUST105649,25,Female,Salaried,600000,671,1687000,12,7518,0.15,Madurai,Home,2026-07-06,1
CUST105650,47,Female,Self-Employed,664000,647,1048000,24,18580,0.34,Madurai,Home,2024-12-18,0
CUST105651,45,Male,Self-Employed,1175000,768,788000,48,6794,0.07,Coimbatore,Education,2024-11-10,0
CUST105652,28,Male,Salaried,642000,661,815000,84,15203,0.28,Coimbatore,Vehicle,2024-11-28,0
CUST105653,21,Male,Salaried,690000,687,276000,60,15261,0.27,Trichy,Personal,2025-06-04,0
CUST105654,40,Male,Self-Employed,1222000,618,810000,12,32644,0.32,Chennai,Personal,2025-11-16,0
CUST105655,64,Female,Business,727000,542,1354000,120,4675,0.08,Madurai,Personal,2025-10-21,0
CUST105656,43,Male,Business,866000,441,1743000,12,24618,0.34,Chennai,Vehicle,2024-10-15,1
CUST105657,52,Male,Business,540000,652,563000,12,2639,0.06,Coimbatore,Vehicle,2026-05-05,0
CUST105658,31,Male,Business,1659000,522,261000,60,20918,0.15,Madurai,Education,2024-12-30,0
CUST105659,59,Male,Salaried,634000,681,1109000,24,3986,0.08,Pondicherry,Vehicle,2026-07-31,0
CUST105660,44,Female,Salaried,1058000,663,598000,60,5761,0.07,Madurai,Education,2026-03-14,0
CUST105661,31,Female,Salaried,1027000,661,819000,84,29048,0.34,Chennai,Home,2025-12-04,0
CUST105662,49,Male,Salaried,499000,555,1313000,24,11057,0.27,Chennai,Business Expansion,2025-09-09,1
CUST105663,46,Female,Self-Employed,1144000,718,1437000,84,19229,0.2,Madurai,Vehicle,2025-04-09,1
CUST105664,36,Female,Business,892000,692,480000,12,6129,0.08,Madurai,Home,2026-07-26,0
CUST105665,55,Female,Salaried,480000,543,1164000,60,8312,0.21,Trichy,Home,2025-08-10,0
CUST105666,40,Male,Salaried,616000,836,1681000,84,7495,0.15,Coimbatore,Personal,2025-07-07,1
CUST105667,23,Male,Self-Employed,1072000,606,1260000,120,11745,0.13,Pondicherry,Home,2024-11-27,1
CUST105668,21,Male,Self-Employed,1377000,504,309000,120,27015,0.24,Salem,Business Expansion,2024-12-31,1
CUST105669,21,Female,Salaried,922000,581,1804000,120,22072,0.29,Chennai,Business Expansion,2026-01-06,0
CUST105670,37,Female,Self-Employed,801000,489,399000,48,12213,0.18,Trichy,Personal,2026-04-05,0
CUST105671,22,Male,Salaried,421000,772,756000,60,6946,0.2,Chennai,Home,2026-07-23,0
CUST105672,49,Male,Business,1073000,747,95000,24,21945,0.25,Coimbatore,Education,2024-10-13,0
CUST105673,40,Male,Business,544000,716,926000,12,3961,0.09,Coimbatore,Home,2026-07-11,0
CUST105674,26,Male,Salaried,670000,699,919000,24,16670,0.3,Trichy,Home,2026-06-28,0
CUST105675,28,Female,Salaried,852000,762,1650000,36,21376,0.3,Coimbatore,Personal,2025-01-04,0
CUST105676,49,Male,Self-Employed,883000,603,276000,12,15622,0.21,Pondicherry,Education,2025-03-09,0
CUST105677,53,Male,Salaried,558000,688,1641000,48,4941,0.11,Coimbatore,Business Expansion,2025-01-21,0
CUST105678,23,Female,Salaried,982000,576,1789000,48,16385,0.2,Coimbatore,Personal,2025-03-26,0
CUST105679,55,Male,Business,753000,636,1620000,36,5131,0.08,Chennai,Personal,2026-01-03,0
CUST105680,25,Female,Salaried,437000,690,1192000,24,10159,0.28,Trichy,Personal,2026-01-26,0
CUST105681,47,Male,Salaried,830000,372,1027000,120,9914,0.14,Chennai,Home,2025-12-09,1
CUST105682,64,Male,Self-Employed,911000,569,1311000,48,10881,0.14,Coimbatore,Vehicle,2024-12-19,0
CUST105683,32,Male,Salaried,517000,664,1174000,24,14368,0.33,Chennai,Home,2025-01-28,1
CUST105684,40,Female,Salaried,764000,643,840000,12,11240,0.18,Chennai,Personal,2024-11-06,0
CUST105685,40,Male,Salaried,771000,609,1810000,60,18431,0.29,Chennai,Vehicle,2025-06-06,1
CUST105686,29,Male,Salaried,952000,703,383000,120,19131,0.24,Chennai,Home,2025-08-15,0
CUST105687,59,Female,Self-Employed,1161000,561,1580000,12,14014,0.14,Coimbatore,Education,2025-08-07,0
CUST105688,24,Male,Business,1240000,540,605000,24,9004,0.09,Madurai,Personal,2025-09-17,0
CUST105689,39,Male,Business,1557000,756,50000,84,37539,0.29,Chennai,Home,2026-06-22,0
CUST105690,58,Male,Salaried,958000,743,780000,36,22253,0.28,Trichy,Business Expansion,2025-11-03,0
CUST105691,47,Male,Salaried,608000,596,777000,84,5104,0.1,Coimbatore,Home,2025-01-24,0
CUST105692,63,Female,Self-Employed,491000,618,1213000,12,5103,0.12,Coimbatore,Home,2025-11-13,0
CUST105693,33,Female,Self-Employed,632000,701,1982000,120,14739,0.28,Pondicherry,Personal,2026-07-31,0
CUST105694,33,Female,Business,1048000,653,972000,48,30137,0.35,Madurai,Home,2025-08-04,0
CUST105695,42,Female,Self-Employed,1066000,672,1349000,120,26924,0.3,Salem,Education,2025-11-29,0
CUST105696,48,Male,Salaried,830000,692,416000,12,17654,0.26,Coimbatore,Home,2026-02-08,1
CUST105697,42,Female,Salaried,493000,621,673000,12,13336,0.32,Pondicherry,Home,2025-04-01,0
CUST105698,63,Male,Business,1535000,696,1828000,12,17341,0.14,Trichy,Business Expansion,2024-12-05,0
CUST105699,39,Male,Business,1512000,563,1939000,36,6664,0.05,Pondicherry,Home,2026-05-20,1
CUST105700,28,Male,Salaried,949000,685,1591000,120,11569,0.15,Salem,Education,2024-11-20,0
CUST105701,28,Male,Salaried,985000,643,1977000,24,28038,0.34,Chennai,Personal,2025-10-16,0
CUST105702,62,Female,Salaried,628000,617,1350000,36,16463,0.31,Chennai,Home,2025-04-28,0
CUST105703,46,Male,Salaried,900000,537,1688000,48,4883,0.07,Trichy,Home,2025-06-10,1
CUST105704,46,Male,Salaried,863000,661,1990000,120,14425,0.2,Coimbatore,Home,2026-05-25,0
CUST105705,43,Male,Business,1642000,653,350000,24,10085,0.07,Pondicherry,Personal,2025-09-11,0
CUST105706,63,Male,Self-Employed,1126000,549,1073000,48,26902,0.29,Chennai,Home,2025-03-25,1
CUST105707,33,Male,Business,934000,506,1143000,120,12592,0.16,Pondicherry,Vehicle,2025-01-09,0
CUST105708,48,Female,Business,1612000,501,922000,24,43468,0.32,Chennai,Personal,2025-08-16,1
CUST105709,29,Male,Salaried,565000,627,1501000,24,3123,0.07,Chennai,Personal,2025-11-04,0
CUST105710,40,Female,Self-Employed,1046000,652,1260000,84,23552,0.27,Salem,Home,2025-06-09,0
CUST105711,39,Male,Business,1601000,816,207000,12,22655,0.17,Chennai,Personal,2025-05-08,0
CUST105712,59,Male,Self-Employed,466000,620,1723000,12,5066,0.13,Coimbatore,Home,2026-02-07,0
CUST105713,32,Female,Self-Employed,384000,478,1404000,36,6567,0.21,Chennai,Home,2024-12-19,0
CUST105714,35,Female,Salaried,667000,631,1330000,24,10874,0.2,Pondicherry,Business Expansion,2024-09-23,0
CUST105715,51,Male,Self-Employed,1249000,737,1979000,48,16095,0.15,Trichy,Personal,2026-01-21,0
CUST105716,34,Female,Salaried,523000,588,1482000,12,10662,0.24,Pondicherry,Home,2026-01-02,0
CUST105717,31,Female,Salaried,424000,750,513000,84,8776,0.25,Madurai,Home,2025-11-27,0
CUST105718,46,Female,Salaried,895000,665,132000,48,5455,0.07,Coimbatore,Personal,2025-12-15,0
CUST105719,62,Female,Salaried,618000,708,1659000,84,11774,0.23,Chennai,Business Expansion,2025-01-18,0
CUST105720,47,Female,Salaried,842000,817,928000,12,18469,0.26,Chennai,Home,2025-08-11,1
CUST105721,31,Male,Salaried,643000,484,63000,24,3899,0.07,Madurai,Personal,2026-07-11,0
CUST105722,58,Female,Salaried,701000,730,1204000,48,14472,0.25,Trichy,Personal,2024-10-16,0
CUST105723,54,Male,Salaried,722000,641,1269000,36,17520,0.29,Chennai,Education,2025-01-30,0
CUST105724,63,Female,Salaried,537000,564,729000,120,13406,0.3,Chennai,Home,2026-07-05,0
CUST105725,39,Male,Self-Employed,640000,615,978000,36,3333,0.06,Chennai,Vehicle,2024-08-05,1
CUST105726,26,Male,Self-Employed,433000,777,1285000,36,9353,0.26,Coimbatore,Home,2026-02-22,0
CUST105727,58,Male,Self-Employed,759000,745,256000,12,18285,0.29,Chennai,Personal,2025-03-25,1
CUST105728,62,Male,Business,1048000,469,1208000,12,14763,0.17,Chennai,Vehicle,2026-05-29,0
CUST105729,48,Male,Salaried,532000,580,157000,36,9436,0.21,Chennai,Home,2025-12-12,0
CUST105730,21,Female,Salaried,538000,734,1844000,48,5807,0.13,Pondicherry,Personal,2024-08-19,1
CUST105731,55,Female,Salaried,525000,648,680000,12,6259,0.14,Chennai,Personal,2024-10-04,1
CUST105732,60,Female,Business,1289000,648,780000,36,21535,0.2,Pondicherry,Personal,2025-06-18,0
CUST105733,28,Male,Self-Employed,1355000,483,214000,12,10765,0.1,Coimbatore,Home,2025-03-24,1
CUST105734,27,Female,Salaried,830000,582,910000,60,11146,0.16,Trichy,Home,2026-05-28,0
CUST105735,31,Male,Salaried,593000,527,203000,48,6939,0.14,Chennai,Home,2025-05-16,0
CUST105736,59,Male,Self-Employed,910000,476,396000,24,9211,0.12,Madurai,Home,2025-03-24,1
CUST105737,24,Female,Salaried,791000,536,1098000,48,12864,0.2,Chennai,Vehicle,2025-09-26,0
CUST105738,45,Female,Salaried,828000,566,1628000,120,20810,0.3,Chennai,Home,2025-08-26,1
CUST105739,32,Male,Business,423000,581,1700000,24,4324,0.12,Salem,Home,2024-08-05,0
CUST105740,46,Male,Self-Employed,615000,549,399000,36,12705,0.25,Madurai,Vehicle,2024-12-15,0
CUST105741,58,Male,Business,1609000,741,1629000,12,16929,0.13,Chennai,Personal,2025-09-01,0
CUST105742,32,Male,Salaried,990000,568,1797000,36,7641,0.09,Coimbatore,Education,2024-09-17,0
CUST105743,63,Male,Self-Employed,544000,753,1528000,84,15095,0.33,Coimbatore,Business Expansion,2026-02-09,0
CUST105744,57,Female,Business,503000,606,1870000,24,10058,0.24,Trichy,Vehicle,2024-10-03,0
CUST105745,44,Female,Self-Employed,1303000,664,799000,60,8836,0.08,Madurai,Home,2026-07-05,1
CUST105746,36,Female,Self-Employed,941000,667,787000,24,18803,0.24,Chennai,Vehicle,2026-01-23,0
CUST105747,33,Male,Self-Employed,1055000,544,1291000,12,9046,0.1,Chennai,Vehicle,2026-01-12,0
CUST105748,45,Female,Business,596000,620,1932000,60,15711,0.32,Coimbatore,Business Expansion,2026-06-01,0
CUST105749,24,Male,Salaried,526000,604,1319000,12,5445,0.12,Coimbatore,Home,2026-07-15,1
CUST105750,31,Male,Salaried,495000,683,362000,60,12046,0.29,Madurai,Vehicle,2024-08-19,0
CUST105751,52,Male,Salaried,988000,638,925000,12,9036,0.11,Trichy,Vehicle,2025-01-23,0
CUST105752,27,Female,Business,682000,582,1722000,24,12360,0.22,Trichy,Personal,2026-07-26,1
CUST105753,31,Female,Business,1452000,660,1863000,24,39167,0.32,Coimbatore,Vehicle,2025-12-26,0
CUST105754,48,Male,Salaried,896000,680,509000,24,10363,0.14,Pondicherry,Home,2025-03-06,0
CUST105755,61,Male,Salaried,756000,816,1655000,24,4688,0.07,Chennai,Vehicle,2026-02-02,0
CUST105756,43,Male,Business,1276000,656,1591000,60,22944,0.22,Madurai,Vehicle,2026-02-18,1
CUST105757,43,Female,Salaried,816000,650,1740000,120,6915,0.1,Salem,Home,2025-12-04,0
CUST105758,48,Male,Salaried,448000,688,305000,48,10024,0.27,Madurai,Business Expansion,2025-06-04,0
CUST105759,63,Male,Salaried,608000,564,1707000,48,11513,0.23,Coimbatore,Business Expansion,2025-10-29,1
CUST105760,46,Female,Salaried,689000,494,1703000,120,8837,0.15,Chennai,Home,2024-08-24,0
CUST105761,45,Male,Self-Employed,449000,596,1540000,36,9791,0.26,Pondicherry,Home,2025-05-10,1
CUST105762,49,Male,Salaried,815000,746,869000,48,8255,0.12,Coimbatore,Vehicle,2025-08-06,1
CUST105763,39,Male,Salaried,806000,761,1911000,36,21836,0.33,Trichy,Personal,2026-03-01,0
CUST105764,53,Female,Business,1165000,480,1579000,24,14957,0.15,Chennai,Personal,2026-07-07,0
CUST105765,56,Male,Salaried,894000,709,258000,12,20777,0.28,Chennai,Business Expansion,2024-11-27,0
CUST105766,34,Female,Salaried,836000,453,1934000,48,8886,0.13,Coimbatore,Education,2025-04-06,0
CUST105767,34,Female,Business,1468000,691,456000,48,32350,0.26,Chennai,Personal,2024-10-01,1
CUST105768,55,Male,Self-Employed,514000,660,130000,24,2546,0.06,Pondicherry,Home,2025-09-04,1
CUST105769,50,Male,Salaried,675000,494,1990000,24,7799,0.14,Pondicherry,Vehicle,2024-12-18,1
CUST105770,48,Male,Salaried,700000,740,1403000,48,4542,0.08,Madurai,Vehicle,2026-02-03,0
CUST105771,37,Male,Salaried,975000,806,156000,24,15061,0.19,Chennai,Business Expansion,2025-03-06,0
CUST105772,23,Female,Self-Employed,814000,619,697000,48,12246,0.18,Chennai,Home,2024-08-10,0
CUST105773,36,Female,Salaried,988000,662,487000,12,12984,0.16,Trichy,Personal,2026-02-18,0
CUST105774,50,Male,Salaried,571000,783,1087000,84,16385,0.34,Chennai,Personal,2024-10-28,0
CUST105775,49,Male,Salaried,585000,548,1616000,12,6007,0.12,Trichy,Vehicle,2025-12-29,1
CUST105776,35,Male,Business,1735000,550,740000,36,41541,0.29,Chennai,Home,2025-11-17,1
CUST105777,45,Male,Salaried,573000,574,1475000,48,8797,0.18,Trichy,Business Expansion,2025-04-10,0
CUST105778,58,Female,Salaried,931000,653,559000,84,11671,0.15,Pondicherry,Personal,2025-08-18,0
CUST105779,62,Male,Salaried,836000,653,1504000,12,7735,0.11,Coimbatore,Business Expansion,2024-08-23,0
CUST105780,58,Female,Salaried,788000,600,1167000,84,15761,0.24,Pondicherry,Personal,2026-04-05,0
CUST105781,43,Male,Self-Employed,1118000,597,131000,120,13984,0.15,Pondicherry,Vehicle,2026-02-12,1
CUST105782,45,Female,Self-Employed,875000,576,741000,12,21428,0.29,Trichy,Education,2025-07-28,1
CUST105783,62,Female,Self-Employed,1004000,580,298000,120,28491,0.34,Coimbatore,Education,2025-08-20,0
CUST105784,27,Male,Self-Employed,1408000,555,290000,120,13861,0.12,Chennai,Education,2026-06-10,0
CUST105785,42,Male,Salaried,603000,581,214000,60,4452,0.09,Pondicherry,Home,2025-08-22,0
CUST105786,37,Male,Self-Employed,1256000,444,1546000,84,15140,0.14,Trichy,Personal,2025-03-28,0
CUST105787,38,Male,Salaried,739000,629,1359000,12,11709,0.19,Pondicherry,Home,2025-06-11,0
CUST105788,61,Female,Salaried,619000,473,1103000,36,7236,0.14,Madurai,Personal,2026-04-16,0
CUST105789,30,Female,Self-Employed,481000,692,917000,12,13674,0.34,Chennai,Home,2025-02-23,0
CUST105790,30,Female,Business,1378000,599,508000,24,32585,0.28,Salem,Vehicle,2025-03-23,1
CUST105791,27,Female,Self-Employed,500000,614,353000,60,14160,0.34,Chennai,Business Expansion,2025-05-01,1
CUST105792,58,Male,Business,823000,616,728000,48,11108,0.16,Salem,Personal,2024-12-27,0
CUST105793,47,Female,Business,992000,628,844000,36,11689,0.14,Chennai,Business Expansion,2026-02-19,0
CUST105794,53,Female,Salaried,550000,763,961000,84,7892,0.17,Coimbatore,Home,2026-06-23,0
CUST105795,21,Male,Business,1275000,528,1047000,84,21977,0.21,Coimbatore,Business Expansion,2025-05-08,1
CUST105796,64,Male,Self-Employed,1226000,478,974000,12,27837,0.27,Salem,Home,2025-01-07,0
CUST105797,54,Male,Business,1630000,660,763000,48,42696,0.31,Pondicherry,Personal,2024-10-09,1
CUST105798,24,Male,Self-Employed,1108000,580,655000,12,17446,0.19,Pondicherry,Personal,2025-07-06,0
CUST105799,37,Male,Self-Employed,420000,657,508000,60,4786,0.14,Coimbatore,Business Expansion,2025-03-29,1
CUST105800,24,Female,Self-Employed,1378000,689,1088000,120,16725,0.15,Chennai,Education,2026-07-10,1
CUST105801,63,Female,Salaried,970000,550,349000,48,20942,0.26,Trichy,Home,2025-01-10,0
CUST105802,46,Male,Business,446000,704,456000,24,8186,0.22,Coimbatore,Home,2024-10-22,1
CUST105803,24,Male,Salaried,711000,558,1121000,84,11609,0.2,Pondicherry,Vehicle,2026-04-07,1
CUST105804,21,Female,Salaried,1000000,656,1736000,24,9236,0.11,Pondicherry,Personal,2025-11-03,0
CUST105805,27,Female,Salaried,958000,538,163000,84,24958,0.31,Coimbatore,Vehicle,2025-01-08,0
CUST105806,50,Male,Salaried,642000,661,504000,48,15210,0.28,Trichy,Home,2026-04-06,0
CUST105807,29,Female,Salaried,786000,648,1966000,24,6038,0.09,Pondicherry,Business Expansion,2025-03-28,0
CUST105808,55,Female,Salaried,857000,550,575000,36,11442,0.16,Salem,Home,2026-07-13,0
CUST105809,28,Female,Salaried,421000,527,871000,84,7460,0.21,Madurai,Personal,2025-11-29,0
CUST105810,44,Male,Salaried,612000,717,397000,60,9501,0.19,Pondicherry,Home,2026-06-02,0
CUST105811,39,Male,Salaried,438000,609,1015000,36,6180,0.17,Madurai,Education,2025-02-19,0
CUST105812,56,Female,Salaried,545000,741,220000,48,12064,0.27,Chennai,Home,2025-09-28,0
CUST105813,63,Male,Business,1381000,601,1502000,36,7635,0.07,Chennai,Vehicle,2025-02-13,0
CUST105814,47,Female,Salaried,586000,767,455000,84,9347,0.19,Chennai,Home,2024-09-11,0
CUST105815,52,Male,Salaried,857000,564,1453000,60,9188,0.13,Chennai,Personal,2025-03-02,0
CUST105816,34,Male,Salaried,1052000,782,1134000,60,6608,0.08,Chennai,Education,2026-06-15,0
CUST105817,38,Male,Salaried,1070000,665,579000,84,16894,0.19,Pondicherry,Home,2025-04-10,0
CUST105818,48,Male,Self-Employed,356000,660,989000,120,3008,0.1,Madurai,Business Expansion,2024-08-17,0
CUST105819,49,Female,Salaried,1000000,559,791000,48,10622,0.13,Coimbatore,Education,2026-05-22,0
CUST105820,36,Male,Salaried,722000,715,1671000,84,12159,0.2,Coimbatore,Vehicle,2024-11-24,0
CUST105821,55,Female,Salaried,811000,718,250000,36,23121,0.34,Coimbatore,Home,2025-02-20,1
CUST105822,51,Female,Self-Employed,559000,595,1731000,84,11891,0.26,Chennai,Business Expansion,2026-06-24,0
CUST105823,24,Male,Self-Employed,845000,432,106000,60,9427,0.13,Chennai,Business Expansion,2024-12-29,1
CUST105824,57,Female,Salaried,743000,549,134000,48,10199,0.16,Pondicherry,Education,2025-04-03,1
CUST105825,37,Male,Salaried,1032000,549,832000,84,14778,0.17,Trichy,Business Expansion,2024-09-27,1
CUST105826,59,Female,Salaried,615000,690,762000,60,4924,0.1,Madurai,Personal,2026-07-10,0
CUST105827,46,Male,Self-Employed,1011000,583,1179000,84,8273,0.1,Madurai,Vehicle,2025-12-20,1
CUST105828,59,Male,Salaried,1018000,609,875000,12,8018,0.09,Chennai,Personal,2025-03-29,1
CUST105829,61,Male,Salaried,704000,599,1715000,12,12114,0.21,Coimbatore,Personal,2026-06-27,0
CUST105830,24,Female,Salaried,958000,782,1087000,60,20138,0.25,Madurai,Vehicle,2024-10-31,0
CUST105831,50,Female,Salaried,890000,654,1606000,48,16851,0.23,Trichy,Business Expansion,2026-04-05,0
CUST105832,50,Male,Salaried,864000,667,988000,12,24719,0.34,Chennai,Vehicle,2026-03-29,0
CUST105833,42,Male,Salaried,953000,594,1118000,60,6969,0.09,Pondicherry,Business Expansion,2025-09-02,0
CUST105834,31,Male,Salaried,543000,647,1619000,84,15653,0.35,Coimbatore,Home,2025-08-27,0
CUST105835,22,Female,Salaried,688000,562,422000,24,10893,0.19,Madurai,Personal,2024-09-15,1
CUST105836,64,Male,Self-Employed,1355000,655,1144000,84,13052,0.12,Madurai,Personal,2025-01-02,0
CUST105837,32,Female,Salaried,494000,546,813000,36,13707,0.33,Madurai,Home,2024-10-09,0
CUST105838,50,Male,Self-Employed,854000,691,896000,60,13563,0.19,Madurai,Personal,2025-12-24,0
CUST105839,56,Female,Self-Employed,1416000,558,1304000,120,18196,0.15,Chennai,Education,2025-05-09,1
CUST105840,38,Female,Self-Employed,1420000,710,573000,12,13506,0.11,Coimbatore,Personal,2025-09-30,0
CUST105841,46,Female,Business,1271000,821,1196000,60,13807,0.13,Chennai,Home,2024-08-30,0
CUST105842,27,Female,Salaried,832000,650,1848000,84,23834,0.34,Chennai,Personal,2026-07-22,0
CUST105843,21,Male,Salaried,886000,768,1142000,120,10424,0.14,Chennai,Vehicle,2025-04-19,0
CUST105844,46,Female,Self-Employed,322000,692,1184000,48,9213,0.34,Madurai,Personal,2025-06-19,0
CUST105845,43,Female,Self-Employed,1268000,496,920000,12,15751,0.15,Chennai,Personal,2024-10-22,0
CUST105846,46,Female,Salaried,837000,659,1319000,48,8329,0.12,Chennai,Home,2025-11-10,0
CUST105847,26,Male,Salaried,954000,695,1446000,48,8348,0.11,Madurai,Personal,2025-03-04,0
CUST105848,26,Male,Self-Employed,467000,678,1997000,84,6754,0.17,Salem,Vehicle,2024-09-04,0
CUST105849,64,Male,Business,632000,666,147000,48,6374,0.12,Pondicherry,Vehicle,2024-08-05,0
CUST105850,28,Male,Salaried,903000,664,842000,120,19495,0.26,Salem,Home,2024-08-06,0
CUST105851,44,Male,Business,1234000,650,1395000,120,12538,0.12,Madurai,Education,2025-04-04,0
CUST105852,42,Female,Salaried,664000,661,868000,60,16634,0.3,Coimbatore,Home,2024-11-01,0
CUST105853,39,Female,Salaried,750000,539,762000,12,18762,0.3,Trichy,Home,2025-06-11,0
CUST105854,57,Female,Salaried,770000,628,723000,48,8704,0.14,Chennai,Vehicle,2025-10-09,0
CUST105855,38,Male,Salaried,1018000,519,558000,24,23419,0.28,Chennai,Vehicle,2025-02-06,0
CUST105856,51,Male,Self-Employed,833000,580,991000,36,21329,0.31,Coimbatore,Home,2026-01-26,1
CUST105857,57,Female,Salaried,1003000,596,992000,120,18976,0.23,Chennai,Vehicle,2025-10-07,1
CUST105858,50,Male,Salaried,516000,591,425000,60,6875,0.16,Trichy,Home,2025-03-14,0
CUST105859,62,Male,Salaried,729000,555,1745000,24,11074,0.18,Madurai,Education,2025-03-24,1
CUST105860,53,Female,Salaried,763000,674,1966000,120,18176,0.29,Chennai,Vehicle,2026-01-22,0
CUST105861,30,Male,Salaried,559000,621,189000,12,6428,0.14,Salem,Home,2025-02-15,0
CUST105862,57,Male,Business,1371000,612,1838000,36,17176,0.15,Madurai,Home,2025-09-25,1
CUST105863,32,Female,Salaried,548000,523,430000,120,4486,0.1,Coimbatore,Vehicle,2026-01-23,1
CUST105864,50,Male,Business,831000,623,452000,120,11752,0.17,Salem,Vehicle,2024-12-25,0
CUST105865,47,Female,Salaried,962000,753,1376000,48,6089,0.08,Chennai,Business Expansion,2024-11-20,0
CUST105866,59,Male,Salaried,1046000,754,1239000,24,12753,0.15,Pondicherry,Education,2024-11-16,0
CUST105867,29,Female,Salaried,757000,683,810000,24,10222,0.16,Coimbatore,Personal,2026-01-13,0
CUST105868,41,Male,Salaried,773000,623,955000,48,8157,0.13,Trichy,Business Expansion,2025-10-09,0
CUST105869,32,Female,Business,1428000,700,315000,84,9568,0.08,Salem,Personal,2025-11-11,0
CUST105870,49,Male,Self-Employed,908000,564,1428000,84,15625,0.21,Madurai,Personal,2025-08-08,0
CUST105871,53,Female,Business,949000,623,1626000,48,24478,0.31,Chennai,Vehicle,2025-04-28,0
CUST105872,63,Male,Business,561000,583,1128000,120,7044,0.15,Chennai,Home,2025-02-05,0
CUST105873,35,Male,Self-Employed,743000,706,1302000,24,7494,0.12,Coimbatore,Home,2026-02-16,0
CUST105874,22,Female,Self-Employed,648000,695,1297000,12,7317,0.14,Pondicherry,Business Expansion,2026-07-13,0
CUST105875,59,Male,Self-Employed,1323000,621,1833000,60,34019,0.31,Chennai,Personal,2025-12-25,0
CUST105876,64,Male,Self-Employed,1415000,780,1959000,12,24567,0.21,Coimbatore,Education,2024-11-23,0
CUST105877,38,Male,Salaried,872000,687,248000,12,6484,0.09,Pondicherry,Home,2026-06-30,0
CUST105878,23,Male,Salaried,631000,682,676000,60,13817,0.26,Chennai,Personal,2024-08-07,1
CUST105879,27,Male,Self-Employed,350000,647,1326000,12,2809,0.1,Pondicherry,Personal,2025-11-10,1
CUST105880,63,Male,Salaried,693000,536,1787000,36,3931,0.07,Chennai,Personal,2025-07-14,0
CUST105881,38,Male,Salaried,684000,569,604000,48,7222,0.13,Chennai,Education,2024-10-15,0
CUST105882,64,Female,Business,1563000,645,1751000,24,13080,0.1,Chennai,Personal,2026-04-03,0
CUST105883,58,Male,Salaried,700000,645,204000,60,13504,0.23,Salem,Personal,2026-03-03,0
CUST105884,57,Male,Self-Employed,821000,678,849000,12,13366,0.2,Coimbatore,Personal,2024-09-03,0
CUST105885,53,Female,Salaried,912000,589,676000,24,20308,0.27,Chennai,Business Expansion,2026-01-01,0
CUST105886,64,Female,Self-Employed,373000,631,1912000,84,6324,0.2,Madurai,Personal,2025-10-12,0
CUST105887,51,Male,Salaried,803000,657,1761000,36,11757,0.18,Trichy,Vehicle,2025-10-25,0
CUST105888,31,Male,Business,818000,661,1867000,12,14169,0.21,Coimbatore,Business Expansion,2025-07-19,0
CUST105889,24,Female,Business,1262000,651,1643000,12,18966,0.18,Trichy,Home,2024-12-18,0
CUST105890,38,Male,Business,379000,523,381000,12,1930,0.06,Chennai,Education,2025-06-10,1
CUST105891,24,Male,Salaried,515000,446,457000,36,10909,0.25,Chennai,Business Expansion,2025-11-10,1
CUST105892,54,Male,Salaried,864000,565,1577000,48,24382,0.34,Madurai,Personal,2026-04-26,1
CUST105893,49,Female,Business,736000,602,1767000,24,10832,0.18,Chennai,Vehicle,2025-02-25,0
CUST105894,44,Male,Business,922000,543,675000,120,13608,0.18,Salem,Business Expansion,2024-10-21,0
CUST105895,42,Female,Business,1288000,644,735000,120,6840,0.06,Chennai,Business Expansion,2025-09-01,0
CUST105896,22,Female,Self-Employed,575000,723,1515000,12,15195,0.32,Pondicherry,Home,2024-11-04,0
CUST105897,64,Male,Salaried,646000,715,1329000,84,17696,0.33,Chennai,Vehicle,2025-06-15,0
CUST105898,26,Female,Salaried,837000,691,465000,12,20502,0.29,Pondicherry,Home,2025-08-24,0
CUST105899,62,Male,Business,483000,738,1473000,36,3296,0.08,Chennai,Home,2026-05-27,0
CUST105900,45,Female,Self-Employed,1093000,541,1163000,36,29152,0.32,Salem,Business Expansion,2024-10-25,0
CUST105901,41,Male,Salaried,627000,608,1010000,24,2988,0.06,Chennai,Business Expansion,2025-08-06,0
CUST105902,36,Male,Salaried,1025000,705,190000,24,15663,0.18,Pondicherry,Vehicle,2024-10-11,0
CUST105903,51,Male,Self-Employed,561000,582,919000,84,9358,0.2,Madurai,Vehicle,2024-09-21,0
CUST105904,34,Male,Self-Employed,1001000,587,1079000,12,25041,0.3,Coimbatore,Vehicle,2025-11-07,0
CUST105905,59,Male,Salaried,973000,817,1815000,120,22318,0.28,Chennai,Education,2024-11-04,0
CUST105906,48,Male,Salaried,740000,658,1981000,84,17829,0.29,Pondicherry,Personal,2025-04-18,0
CUST105907,52,Male,Salaried,849000,808,954000,84,21958,0.31,Chennai,Home,2025-07-02,0
CUST105908,48,Female,Salaried,535000,485,1413000,84,8596,0.19,Trichy,Business Expansion,2024-08-14,1
CUST105909,29,Male,Business,1574000,593,1900000,12,37261,0.28,Coimbatore,Personal,2026-07-18,1
CUST105910,42,Female,Self-Employed,1267000,661,1292000,12,7434,0.07,Salem,Home,2025-11-14,0
CUST105911,52,Male,Self-Employed,878000,633,628000,12,13416,0.18,Madurai,Vehicle,2026-02-15,1
CUST105912,25,Male,Self-Employed,376000,440,713000,12,1849,0.06,Chennai,Vehicle,2025-05-08,0
CUST105913,43,Male,Salaried,724000,629,1344000,84,19583,0.32,Coimbatore,Personal,2025-03-07,0
CUST105914,25,Male,Self-Employed,979000,847,787000,36,27536,0.34,Chennai,Business Expansion,2024-10-11,0
CUST105915,62,Male,Business,727000,672,112000,120,4554,0.08,Chennai,Home,2024-09-25,0
CUST105916,52,Male,Self-Employed,1121000,679,1891000,48,19597,0.21,Coimbatore,Home,2025-02-26,0
CUST105917,30,Female,Salaried,745000,592,913000,24,9159,0.15,Pondicherry,Personal,2025-05-20,0
CUST105918,59,Female,Self-Employed,352000,646,1606000,36,4480,0.15,Pondicherry,Home,2026-07-11,0
CUST105919,35,Male,Business,1273000,648,562000,60,19647,0.19,Chennai,Personal,2025-08-25,0
CUST105920,27,Female,Salaried,472000,750,304000,60,3442,0.09,Madurai,Personal,2025-09-13,0
CUST105921,49,Male,Salaried,738000,747,786000,60,6410,0.1,Chennai,Business Expansion,2025-09-08,0
CUST105922,23,Male,Business,1722000,686,175000,24,32030,0.22,Coimbatore,Business Expansion,2026-02-20,1
CUST105923,39,Female,Business,1380000,656,828000,12,6397,0.06,Chennai,Personal,2025-01-28,0
CUST105924,30,Male,Salaried,697000,498,1524000,60,13355,0.23,Trichy,Home,2024-11-26,1
CUST105925,48,Male,Salaried,944000,495,1479000,60,11459,0.15,Salem,Personal,2025-07-03,0
CUST105926,49,Male,Salaried,529000,657,1787000,48,13210,0.3,Chennai,Vehicle,2025-03-12,0
CUST105927,35,Male,Salaried,735000,728,669000,36,14087,0.23,Coimbatore,Home,2025-06-13,0
CUST105928,55,Male,Business,870000,769,1431000,84,19025,0.26,Chennai,Business Expansion,2025-07-02,0
CUST105929,26,Male,Salaried,637000,569,137000,24,4476,0.08,Salem,Personal,2025-11-28,0
CUST105930,32,Male,Salaried,1007000,514,1464000,24,10888,0.13,Chennai,Education,2025-05-03,1
CUST105931,58,Male,Business,1175000,733,1442000,48,34173,0.35,Madurai,Personal,2025-04-16,0
CUST105932,33,Female,Salaried,749000,576,738000,120,11240,0.18,Pondicherry,Business Expansion,2025-05-20,0
CUST105933,49,Male,Self-Employed,1063000,483,1941000,60,13966,0.16,Chennai,Vehicle,2025-01-10,0
CUST105934,39,Female,Salaried,889000,605,690000,84,23125,0.31,Madurai,Vehicle,2025-12-17,0
CUST105935,23,Female,Business,1698000,604,1906000,84,8479,0.06,Chennai,Vehicle,2026-04-28,0
CUST105936,28,Female,Business,1231000,768,496000,48,21586,0.21,Pondicherry,Business Expansion,2025-12-24,0
CUST105937,28,Female,Salaried,853000,727,369000,12,8037,0.11,Chennai,Vehicle,2026-01-10,0
CUST105938,40,Male,Business,432000,583,971000,60,5776,0.16,Salem,Business Expansion,2025-08-03,0
CUST105939,24,Male,Business,492000,775,322000,120,4507,0.11,Salem,Home,2024-08-04,0
CUST105940,41,Male,Business,566000,661,700000,84,2893,0.06,Trichy,Home,2026-04-12,1
CUST105941,23,Female,Salaried,497000,745,1012000,24,7245,0.17,Madurai,Home,2025-04-30,0
CUST105942,28,Female,Salaried,915000,769,686000,84,21865,0.29,Pondicherry,Business Expansion,2026-06-15,1
CUST105943,43,Male,Salaried,632000,626,571000,36,17674,0.34,Chennai,Home,2025-02-07,1
CUST105944,36,Male,Salaried,1063000,701,1651000,48,21008,0.24,Coimbatore,Business Expansion,2024-11-06,0
CUST105945,33,Female,Salaried,984000,613,849000,84,13665,0.17,Chennai,Personal,2026-06-13,0
CUST105946,23,Male,Salaried,905000,733,65000,84,21188,0.28,Trichy,Home,2026-04-02,1
CUST105947,29,Male,Self-Employed,325000,633,417000,84,5459,0.2,Pondicherry,Personal,2026-05-19,0
CUST105948,34,Male,Salaried,580000,736,300000,120,7747,0.16,Salem,Personal,2026-01-18,0
CUST105949,33,Female,Business,978000,787,843000,48,8453,0.1,Trichy,Vehicle,2026-06-08,0
CUST105950,27,Male,Business,1581000,699,409000,24,38054,0.29,Trichy,Personal,2025-04-15,0
CUST105951,35,Male,Salaried,602000,641,280000,84,10039,0.2,Pondicherry,Home,2026-04-24,0
CUST105952,27,Female,Salaried,769000,643,1915000,120,21733,0.34,Salem,Business Expansion,2025-08-29,1
CUST105953,58,Male,Self-Employed,1235000,358,1326000,84,29904,0.29,Madurai,Personal,2026-01-31,0
CUST105954,54,Female,Salaried,481000,585,661000,60,7054,0.18,Chennai,Personal,2025-06-10,0
CUST105955,61,Male,Salaried,705000,733,655000,120,15994,0.27,Coimbatore,Business Expansion,2025-10-04,0
CUST105956,42,Male,Business,1322000,737,1466000,60,20492,0.19,Madurai,Home,2026-06-24,0
CUST105957,44,Female,Salaried,820000,583,566000,60,5053,0.07,Trichy,Personal,2026-03-17,1
CUST105958,57,Female,Business,615000,664,568000,84,10506,0.2,Salem,Personal,2025-04-11,0
CUST105959,64,Male,Business,468000,632,533000,84,12079,0.31,Salem,Personal,2026-01-07,1
CUST105960,21,Male,Salaried,440000,712,114000,84,11243,0.31,Coimbatore,Home,2026-06-06,0
CUST105961,30,Female,Business,1632000,848,268000,36,30258,0.22,Chennai,Home,2025-01-11,0
CUST105962,63,Male,Salaried,551000,713,1853000,120,7530,0.16,Chennai,Personal,2025-06-26,0
CUST105963,36,Female,Business,717000,589,1281000,36,3168,0.05,Chennai,Home,2025-12-18,0
CUST105964,28,Female,Business,978000,642,225000,60,11688,0.14,Coimbatore,Home,2025-07-15,0
CUST105965,45,Male,Salaried,957000,776,761000,36,27668,0.35,Pondicherry,Home,2026-01-18,0
CUST105966,32,Female,Self-Employed,1387000,498,1866000,48,30970,0.27,Coimbatore,Personal,2025-01-28,0
CUST105967,45,Male,Self-Employed,1359000,569,958000,120,30042,0.27,Madurai,Home,2026-01-21,1
CUST105968,37,Female,Salaried,542000,713,1498000,84,12571,0.28,Chennai,Vehicle,2025-10-31,0
CUST105969,46,Male,Business,1556000,766,1083000,60,30605,0.24,Madurai,Business Expansion,2024-10-13,0
CUST105970,34,Female,Salaried,887000,704,815000,36,16687,0.23,Pondicherry,Vehicle,2024-12-18,0
CUST105971,61,Female,Salaried,505000,595,1753000,84,7831,0.19,Pondicherry,Business Expansion,2026-05-17,1
CUST105972,56,Female,Salaried,847000,698,1362000,84,12929,0.18,Chennai,Vehicle,2024-08-03,1
CUST105973,43,Female,Self-Employed,670000,662,980000,48,17378,0.31,Pondicherry,Personal,2025-04-22,0
CUST105974,63,Male,Business,501000,681,664000,48,7015,0.17,Chennai,Home,2025-09-27,1
CUST105975,26,Male,Self-Employed,1115000,616,1037000,36,28068,0.3,Trichy,Home,2026-01-24,1
CUST105976,25,Female,Self-Employed,1097000,629,65000,60,27545,0.3,Chennai,Personal,2026-02-20,0
CUST105977,63,Female,Self-Employed,767000,543,1401000,60,17977,0.28,Trichy,Home,2025-09-18,1
CUST105978,45,Female,Salaried,815000,873,594000,120,4162,0.06,Chennai,Education,2025-06-16,1
CUST105979,38,Female,Salaried,1031000,664,998000,36,8109,0.09,Madurai,Education,2025-09-04,0
CUST105980,33,Male,Salaried,604000,699,1620000,36,7268,0.14,Trichy,Home,2024-11-28,0
CUST105981,63,Male,Salaried,743000,630,232000,12,18838,0.3,Chennai,Vehicle,2025-09-24,0
CUST105982,34,Male,Salaried,773000,726,1175000,48,20096,0.31,Salem,Personal,2025-05-13,0
CUST105983,48,Female,Business,1677000,533,381000,60,8729,0.06,Chennai,Vehicle,2024-09-15,0
CUST105984,38,Male,Business,635000,492,128000,24,7800,0.15,Pondicherry,Vehicle,2025-07-23,0
CUST105985,48,Female,Salaried,971000,647,1090000,48,24688,0.31,Coimbatore,Home,2024-10-19,0
CUST105986,47,Male,Salaried,867000,834,1868000,84,9024,0.12,Trichy,Vehicle,2025-09-08,0
CUST105987,52,Male,Salaried,498000,758,1443000,60,14226,0.34,Trichy,Vehicle,2025-11-05,0
CUST105988,29,Male,Business,1131000,577,1094000,84,18547,0.2,Chennai,Personal,2024-11-17,0
CUST105989,60,Male,Salaried,901000,696,454000,12,24867,0.33,Coimbatore,Personal,2026-02-19,1
CUST105990,52,Female,Self-Employed,1419000,567,1090000,48,21125,0.18,Madurai,Education,2025-03-09,1
CUST105991,40,Male,Salaried,871000,688,972000,48,10679,0.15,Pondicherry,Business Expansion,2025-03-26,0
CUST105992,48,Male,Self-Employed,609000,670,1661000,84,8055,0.16,Salem,Vehicle,2025-11-10,0
CUST105993,53,Male,Salaried,902000,733,481000,120,23699,0.32,Chennai,Home,2025-02-25,1
CUST105994,24,Female,Salaried,947000,509,605000,60,11774,0.15,Coimbatore,Personal,2025-02-06,0
CUST105995,54,Female,Salaried,451000,536,1493000,24,9426,0.25,Trichy,Vehicle,2026-05-31,0
CUST105996,23,Male,Salaried,506000,643,77000,36,8051,0.19,Madurai,Home,2024-12-04,0
CUST105997,46,Female,Business,1053000,557,1098000,24,29176,0.33,Salem,Personal,2026-04-30,0
CUST105998,28,Male,Salaried,725000,550,1274000,84,5909,0.1,Chennai,Home,2026-05-02,0
CUST105999,26,Male,Salaried,886000,674,352000,120,13186,0.18,Coimbatore,Personal,2026-03-28,0
CUST106000,36,Female,Business,570000,567,662000,120,4151,0.09,Trichy,Home,2025-11-15,0
CUST106001,44,Male,Salaried,832000,853,1352000,12,15491,0.22,Chennai,Home,2024-10-22,0
CUST106002,59,Female,Salaried,664000,602,1148000,48,9454,0.17,Trichy,Personal,2024-09-12,0
CUST106003,50,Male,Business,1045000,625,1891000,84,5946,0.07,Chennai,Business Expansion,2026-07-15,0
CUST106004,33,Female,Self-Employed,926000,651,1138000,120,23532,0.3,Coimbatore,Personal,2025-05-19,0
CUST106005,25,Male,Salaried,599000,514,304000,84,8119,0.16,Trichy,Personal,2024-12-23,0
CUST106006,45,Male,Self-Employed,859000,670,321000,120,14179,0.2,Chennai,Business Expansion,2025-01-29,0
CUST106007,40,Female,Self-Employed,1214000,655,1709000,60,17426,0.17,Chennai,Home,2024-12-23,0
CUST106008,38,Male,Salaried,1025000,618,611000,48,16792,0.2,Salem,Home,2025-01-07,1
CUST106009,38,Male,Self-Employed,483000,649,1598000,36,2209,0.05,Salem,Home,2025-06-03,0
CUST106010,22,Male,Self-Employed,650000,663,1029000,24,15959,0.29,Salem,Business Expansion,2025-08-07,1
CUST106011,30,Female,Business,478000,779,385000,24,5962,0.15,Salem,Vehicle,2025-10-17,0
CUST106012,32,Male,Business,1183000,875,807000,12,26355,0.27,Chennai,Home,2026-05-18,0
CUST106013,33,Male,Salaried,868000,554,257000,60,5024,0.07,Chennai,Vehicle,2026-01-26,0
CUST106014,31,Female,Self-Employed,1324000,508,84000,36,22855,0.21,Chennai,Education,2026-03-01,1
CUST106015,39,Male,Salaried,506000,659,163000,120,13604,0.32,Pondicherry,Home,2026-07-15,0
CUST106016,55,Female,Salaried,520000,462,1105000,84,7343,0.17,Pondicherry,Vehicle,2026-07-03,1
CUST106017,59,Male,Salaried,967000,708,814000,36,8797,0.11,Trichy,Personal,2025-09-18,0
CUST106018,46,Male,Self-Employed,381000,635,904000,60,2531,0.08,Salem,Personal,2026-04-19,0
CUST106019,34,Male,Self-Employed,1045000,658,809000,120,26797,0.31,Madurai,Personal,2025-09-24,0
CUST106020,64,Female,Salaried,495000,622,970000,12,5017,0.12,Chennai,Business Expansion,2025-04-19,0
CUST106021,44,Male,Business,1706000,672,205000,84,48695,0.34,Chennai,Vehicle,2024-08-05,1
CUST106022,61,Male,Self-Employed,364000,667,1067000,36,3771,0.12,Chennai,Vehicle,2025-06-08,0
CUST106023,21,Male,Self-Employed,688000,643,1950000,12,11139,0.19,Coimbatore,Personal,2026-01-22,1
CUST106024,63,Male,Salaried,643000,528,1577000,120,10041,0.19,Coimbatore,Home,2024-09-28,0
CUST106025,42,Male,Self-Employed,316000,640,883000,60,1806,0.07,Pondicherry,Vehicle,2025-05-26,0
CUST106026,43,Male,Business,859000,816,1012000,60,15000,0.21,Chennai,Home,2024-09-19,0
CUST106027,39,Female,Salaried,918000,671,1936000,60,19262,0.25,Trichy,Personal,2026-04-24,0
CUST106028,38,Male,Salaried,515000,662,402000,36,11700,0.27,Madurai,Home,2026-02-01,0
CUST106029,32,Male,Business,1648000,790,978000,60,28397,0.21,Salem,Personal,2025-09-05,0
CUST106030,48,Male,Self-Employed,880000,557,1376000,36,21543,0.29,Pondicherry,Personal,2026-07-24,0
CUST106031,48,Male,Salaried,805000,730,1191000,12,18490,0.28,Salem,Vehicle,2025-05-10,0
CUST106032,53,Male,Salaried,969000,602,84000,48,8736,0.11,Coimbatore,Home,2025-01-12,1
CUST106033,39,Female,Self-Employed,628000,722,917000,12,8921,0.17,Chennai,Vehicle,2025-04-20,1
CUST106034,48,Female,Salaried,522000,721,1393000,120,4035,0.09,Madurai,Personal,2025-05-21,0
CUST106035,57,Female,Salaried,724000,612,267000,36,5431,0.09,Chennai,Business Expansion,2025-02-25,0
CUST106036,46,Female,Salaried,979000,626,1341000,120,21508,0.26,Madurai,Personal,2026-05-31,0
CUST106037,55,Male,Salaried,522000,738,1961000,24,9097,0.21,Chennai,Business Expansion,2025-06-03,0
CUST106038,54,Male,Self-Employed,1162000,458,1766000,24,22299,0.23,Madurai,Home,2025-07-30,1
CUST106039,55,Female,Business,1631000,610,93000,84,36650,0.27,Salem,Vehicle,2024-11-11,0
CUST106040,60,Male,Salaried,640000,705,1247000,48,7102,0.13,Chennai,Home,2025-12-05,0
CUST106041,36,Male,Self-Employed,854000,597,1852000,60,12127,0.17,Salem,Vehicle,2025-09-03,1
CUST106042,58,Female,Salaried,450000,662,247000,12,8701,0.23,Chennai,Home,2026-05-18,0
CUST106043,33,Female,Salaried,705000,466,906000,12,4640,0.08,Chennai,Personal,2026-04-01,0
CUST106044,43,Male,Business,1477000,573,351000,36,36914,0.3,Madurai,Personal,2025-07-18,1
CUST106045,42,Male,Salaried,991000,711,876000,84,12638,0.15,Pondicherry,Business Expansion,2025-03-25,1
CUST106046,36,Female,Salaried,1034000,582,979000,48,21337,0.25,Trichy,Home,2024-10-31,0
CUST106047,48,Female,Salaried,558000,532,1172000,60,16213,0.35,Trichy,Vehicle,2024-12-26,0
CUST106048,55,Female,Self-Employed,998000,720,454000,48,16018,0.19,Chennai,Education,2024-08-29,0
CUST106049,28,Female,Salaried,885000,696,771000,120,8445,0.11,Chennai,Home,2024-08-16,0
CUST106050,64,Male,Salaried,1006000,552,761000,24,9634,0.11,Chennai,Education,2025-09-05,0
CUST106051,42,Male,Business,722000,662,1043000,84,4098,0.07,Coimbatore,Home,2025-02-22,1
CUST106052,41,Male,Salaried,593000,554,1893000,48,13842,0.28,Salem,Business Expansion,2026-07-29,0
CUST106053,46,Male,Salaried,712000,636,1377000,120,8189,0.14,Salem,Education,2024-08-18,0
CUST106054,60,Female,Salaried,866000,665,895000,60,7347,0.1,Chennai,Education,2025-01-24,0
CUST106055,41,Female,Salaried,641000,577,196000,84,14107,0.26,Trichy,Personal,2026-05-13,0
CUST106056,45,Male,Salaried,649000,716,1797000,60,7719,0.14,Madurai,Business Expansion,2025-10-15,0
CUST106057,61,Male,Self-Employed,775000,705,1461000,12,14863,0.23,Chennai,Home,2026-07-22,0
CUST106058,21,Male,Self-Employed,934000,648,919000,12,13647,0.18,Coimbatore,Personal,2026-01-13,0
CUST106059,26,Female,Salaried,794000,687,1617000,60,9941,0.15,Madurai,Personal,2024-10-09,1
CUST106060,43,Male,Salaried,489000,519,395000,12,8020,0.2,Trichy,Personal,2026-04-20,0
CUST106061,43,Male,Salaried,875000,772,205000,12,10510,0.14,Chennai,Vehicle,2026-01-04,0
CUST106062,63,Male,Salaried,1011000,641,1661000,12,26216,0.31,Salem,Home,2025-04-14,0
CUST106063,63,Male,Salaried,562000,565,1515000,120,3367,0.07,Coimbatore,Education,2025-04-14,0
CUST106064,43,Female,Salaried,602000,663,1275000,60,2962,0.06,Chennai,Vehicle,2026-02-10,0
CUST106065,52,Male,Salaried,852000,717,986000,12,12206,0.17,Coimbatore,Business Expansion,2025-03-18,0
CUST106066,50,Male,Self-Employed,1075000,671,1812000,24,9124,0.1,Pondicherry,Business Expansion,2026-05-29,0
CUST106067,33,Male,Salaried,979000,552,1874000,84,22281,0.27,Trichy,Business Expansion,2026-05-27,0
CUST106068,63,Male,Salaried,839000,718,191000,60,10909,0.16,Trichy,Home,2025-03-06,0
CUST106069,38,Female,Salaried,647000,644,153000,48,6924,0.13,Chennai,Personal,2026-04-07,0
CUST106070,43,Male,Salaried,990000,695,1288000,84,13019,0.16,Coimbatore,Personal,2025-01-11,0
CUST106071,35,Male,Self-Employed,380000,552,1382000,120,3668,0.12,Coimbatore,Home,2025-08-27,0
CUST106072,53,Female,Salaried,797000,744,157000,120,9291,0.14,Chennai,Personal,2024-09-22,1
CUST106073,41,Male,Salaried,600000,666,1533000,36,11019,0.22,Trichy,Vehicle,2025-11-18,0
CUST106074,59,Female,Salaried,578000,756,1883000,84,14893,0.31,Coimbatore,Home,2024-08-04,0
CUST106075,43,Male,Salaried,992000,511,1877000,120,13330,0.16,Coimbatore,Personal,2026-02-12,0
CUST106076,47,Male,Self-Employed,648000,498,586000,36,7894,0.15,Chennai,Personal,2026-04-16,0
CUST106077,64,Female,Business,1411000,628,1302000,24,33456,0.28,Coimbatore,Home,2025-02-13,0
CUST106078,38,Female,Salaried,423000,782,985000,60,1999,0.06,Pondicherry,Vehicle,2026-06-13,0
CUST106079,44,Male,Self-Employed,522000,801,676000,48,6117,0.14,Pondicherry,Vehicle,2026-04-22,0
CUST106080,60,Male,Salaried,834000,570,1927000,60,12902,0.19,Pondicherry,Education,2024-10-14,1
CUST106081,62,Male,Salaried,569000,654,1015000,48,10915,0.23,Madurai,Home,2025-02-21,1
CUST106082,27,Male,Salaried,483000,663,257000,48,3896,0.1,Chennai,Personal,2026-03-19,0
CUST106083,40,Male,Business,785000,714,751000,60,11765,0.18,Trichy,Personal,2026-01-28,0
CUST106084,47,Female,Salaried,675000,729,776000,84,12368,0.22,Chennai,Education,2025-07-19,1
CUST106085,26,Male,Business,725000,549,1594000,12,12269,0.2,Pondicherry,Personal,2026-01-08,0
CUST106086,47,Male,Salaried,874000,655,1692000,36,16195,0.22,Pondicherry,Personal,2025-06-28,1
CUST106087,29,Female,Salaried,498000,469,1812000,12,10321,0.25,Trichy,Home,2025-02-19,0
CUST106088,51,Male,Self-Employed,1290000,697,1806000,36,17609,0.16,Chennai,Home,2025-03-26,1
CUST106089,41,Female,Business,938000,619,767000,12,5400,0.07,Salem,Home,2025-09-06,0
CUST106090,46,Male,Business,1052000,541,1910000,60,5844,0.07,Pondicherry,Vehicle,2025-08-24,1
CUST106091,60,Male,Self-Employed,1235000,654,1478000,60,31658,0.31,Trichy,Vehicle,2026-05-02,0
CUST106092,33,Female,Salaried,767000,616,230000,48,16185,0.25,Chennai,Personal,2024-10-06,0
CUST106093,43,Male,Salaried,606000,763,1911000,24,14102,0.28,Coimbatore,Personal,2024-12-28,1
CUST106094,40,Male,Salaried,838000,569,690000,60,22950,0.33,Chennai,Home,2024-12-12,0
CUST106095,57,Female,Salaried,601000,850,1872000,36,13781,0.28,Coimbatore,Vehicle,2025-09-15,0
CUST106096,48,Female,Business,1199000,726,1758000,48,25747,0.26,Madurai,Business Expansion,2025-03-01,0
CUST106097,37,Female,Self-Employed,923000,740,1050000,36,18977,0.25,Pondicherry,Business Expansion,2026-01-31,0
CUST106098,48,Male,Business,1672000,557,1229000,12,17775,0.13,Chennai,Home,2025-12-14,0
CUST106099,61,Male,Salaried,724000,810,1969000,24,20343,0.34,Madurai,Vehicle,2026-04-25,0
CUST106100,22,Female,Self-Employed,690000,515,1460000,60,12225,0.21,Chennai,Education,2025-03-14,1
CUST106101,45,Male,Business,657000,631,1175000,12,6385,0.12,Coimbatore,Vehicle,2025-08-18,0
CUST106102,61,Male,Salaried,1071000,767,165000,48,10080,0.11,Salem,Personal,2026-01-30,0
CUST106103,26,Female,Salaried,427000,695,520000,36,10482,0.29,Trichy,Vehicle,2025-02-05,0
CUST106104,31,Male,Self-Employed,1094000,513,1753000,84,11401,0.13,Madurai,Vehicle,2025-03-06,0
CUST106105,58,Male,Self-Employed,1162000,727,53000,120,6045,0.06,Chennai,Personal,2025-08-15,1
CUST106106,26,Female,Business,756000,680,247000,24,11246,0.18,Coimbatore,Home,2025-01-23,0
CUST106107,31,Male,Salaried,619000,612,253000,60,15227,0.3,Chennai,Vehicle,2025-02-27,0
CUST106108,34,Male,Salaried,649000,511,1469000,36,9428,0.17,Coimbatore,Business Expansion,2026-07-31,0
CUST106109,22,Male,Salaried,816000,689,1451000,60,19792,0.29,Chennai,Education,2025-07-09,1
CUST106110,60,Female,Salaried,1049000,635,623000,60,26064,0.3,Pondicherry,Home,2025-12-01,0
CUST106111,23,Male,Self-Employed,834000,639,632000,36,21358,0.31,Chennai,Vehicle,2025-07-13,0
CUST106112,55,Male,Salaried,704000,507,653000,60,13297,0.23,Chennai,Home,2025-06-19,1
CUST106113,53,Female,Business,1763000,612,1547000,48,38175,0.26,Trichy,Education,2025-12-07,1
CUST106114,44,Female,Business,1471000,693,737000,24,15759,0.13,Salem,Home,2025-11-30,1
CUST106115,39,Male,Salaried,864000,818,1464000,12,5753,0.08,Salem,Personal,2024-10-16,0
CUST106116,38,Female,Salaried,791000,631,1770000,24,13831,0.21,Pondicherry,Home,2024-08-03,0
CUST106117,44,Female,Salaried,487000,779,617000,12,2158,0.05,Chennai,Vehicle,2026-01-20,0
CUST106118,55,Female,Self-Employed,468000,695,628000,48,7399,0.19,Chennai,Personal,2025-10-27,0
CUST106119,21,Male,Salaried,893000,671,958000,24,6000,0.08,Pondicherry,Vehicle,2024-08-03,0
CUST106120,56,Female,Salaried,964000,558,485000,48,6629,0.08,Pondicherry,Personal,2025-03-27,1
CUST106121,45,Male,Salaried,794000,562,112000,36,20593,0.31,Trichy,Personal,2025-04-01,0
CUST106122,63,Male,Self-Employed,647000,680,602000,12,13056,0.24,Coimbatore,Personal,2025-10-01,0
CUST106123,54,Male,Salaried,894000,602,792000,36,18145,0.24,Chennai,Home,2026-01-24,1
CUST106124,45,Female,Self-Employed,993000,569,1736000,36,14178,0.17,Pondicherry,Home,2025-07-09,0
CUST106125,36,Male,Business,647000,633,224000,24,9380,0.17,Chennai,Vehicle,2025-09-06,1
CUST106126,54,Male,Salaried,819000,635,1906000,60,9618,0.14,Trichy,Personal,2025-12-30,1
CUST106127,49,Female,Salaried,487000,731,1811000,120,7317,0.18,Salem,Home,2026-04-13,0
CUST106128,39,Female,Salaried,980000,604,976000,60,18467,0.23,Trichy,Personal,2025-04-14,1
CUST106129,43,Female,Salaried,466000,722,658000,48,4115,0.11,Chennai,Home,2024-10-03,0
CUST106130,39,Male,Salaried,1032000,689,1813000,24,11051,0.13,Chennai,Personal,2024-12-20,0
CUST106131,45,Male,Salaried,1000000,499,1109000,36,16535,0.2,Chennai,Education,2025-05-24,1
CUST106132,36,Female,Business,786000,676,1087000,84,10835,0.17,Trichy,Personal,2024-10-12,1
CUST106133,29,Male,Self-Employed,679000,384,214000,48,16739,0.3,Madurai,Vehicle,2026-06-24,1
CUST106134,21,Female,Salaried,581000,569,977000,36,14355,0.3,Chennai,Vehicle,2026-07-30,1
CUST106135,62,Male,Salaried,855000,691,230000,48,10744,0.15,Chennai,Personal,2025-09-19,0
CUST106136,39,Female,Self-Employed,432000,624,1485000,84,6668,0.19,Chennai,Vehicle,2024-11-30,0
CUST106137,53,Male,Salaried,445000,490,1266000,12,12718,0.34,Salem,Personal,2025-06-11,0
CUST106138,54,Male,Salaried,648000,549,352000,48,16105,0.3,Pondicherry,Home,2025-10-24,1
CUST106139,36,Female,Salaried,938000,415,1784000,48,8965,0.11,Coimbatore,Business Expansion,2026-02-13,0
CUST106140,64,Male,Business,1257000,529,897000,36,14043,0.13,Salem,Vehicle,2025-02-10,0
CUST106141,60,Male,Salaried,536000,702,295000,120,3351,0.08,Trichy,Education,2026-01-08,0
CUST106142,38,Female,Self-Employed,860000,574,977000,60,18156,0.25,Pondicherry,Vehicle,2025-09-03,0
CUST106143,54,Male,Salaried,902000,665,457000,36,10904,0.15,Trichy,Personal,2025-05-08,0
CUST106144,45,Male,Self-Employed,981000,626,63000,24,17247,0.21,Pondicherry,Vehicle,2025-11-01,0
CUST106145,26,Male,Self-Employed,1045000,627,1504000,36,24421,0.28,Chennai,Vehicle,2025-07-14,0
CUST106146,41,Male,Business,1440000,742,128000,120,36097,0.3,Madurai,Vehicle,2026-01-02,1
CUST106147,26,Male,Salaried,897000,631,1957000,120,11033,0.15,Pondicherry,Business Expansion,2026-06-29,1
CUST106148,52,Female,Salaried,917000,731,50000,84,9259,0.12,Chennai,Education,2025-08-13,0
CUST106149,61,Female,Salaried,1024000,427,1037000,60,25989,0.3,Chennai,Home,2025-10-14,0
CUST106150,63,Male,Salaried,618000,750,836000,24,8465,0.16,Chennai,Personal,2025-12-14,0
CUST106151,59,Male,Salaried,1012000,533,1962000,84,25013,0.3,Chennai,Vehicle,2024-10-23,0
CUST106152,51,Female,Business,426000,553,875000,120,3369,0.09,Chennai,Vehicle,2024-09-11,1
CUST106153,62,Female,Salaried,1024000,586,696000,120,27611,0.32,Madurai,Vehicle,2025-04-26,0
CUST106154,30,Male,Self-Employed,375000,722,515000,60,6091,0.19,Chennai,Personal,2026-01-13,0
CUST106155,50,Female,Salaried,544000,569,1584000,120,4580,0.1,Chennai,Personal,2024-09-03,0
CUST106156,38,Female,Salaried,1039000,590,544000,24,18227,0.21,Salem,Home,2025-11-17,0
CUST106157,44,Male,Salaried,990000,563,1918000,120,25657,0.31,Trichy,Vehicle,2025-01-21,0
CUST106158,29,Male,Salaried,703000,672,1188000,36,9771,0.17,Chennai,Home,2026-07-29,1
CUST106159,51,Male,Salaried,431000,716,625000,60,3714,0.1,Coimbatore,Vehicle,2025-08-08,0
CUST106160,35,Female,Self-Employed,925000,778,1347000,84,17187,0.22,Trichy,Education,2025-12-19,0
CUST106161,24,Female,Salaried,1016000,865,1520000,84,25428,0.3,Pondicherry,Home,2025-02-01,0
CUST106162,60,Female,Self-Employed,371000,683,757000,60,2671,0.09,Chennai,Home,2025-02-16,1
CUST106163,29,Male,Self-Employed,644000,657,1379000,84,3350,0.06,Salem,Home,2026-04-01,0
CUST106164,29,Female,Salaried,577000,540,1397000,84,3216,0.07,Pondicherry,Personal,2024-12-11,0
CUST106165,46,Female,Self-Employed,576000,796,652000,120,5719,0.12,Pondicherry,Home,2024-09-12,0
CUST106166,24,Female,Salaried,645000,669,833000,12,2805,0.05,Chennai,Personal,2024-11-12,0
CUST106167,37,Male,Salaried,559000,623,447000,12,8319,0.18,Chennai,Personal,2024-08-17,0
CUST106168,36,Female,Salaried,916000,684,1663000,48,19795,0.26,Coimbatore,Personal,2024-10-28,0
CUST106169,35,Male,Salaried,659000,592,440000,120,14450,0.26,Chennai,Vehicle,2025-12-03,0
CUST106170,55,Female,Self-Employed,1281000,414,798000,12,25728,0.24,Chennai,Education,2026-06-17,0
CUST106171,25,Female,Business,982000,701,1385000,60,11363,0.14,Chennai,Home,2025-01-08,0
CUST106172,25,Male,Salaried,644000,770,63000,48,14531,0.27,Trichy,Business Expansion,2026-02-05,0
CUST106173,40,Female,Salaried,530000,700,1243000,36,9846,0.22,Chennai,Home,2026-07-04,1
CUST106174,35,Male,Salaried,456000,649,158000,120,11717,0.31,Chennai,Home,2024-09-25,0
CUST106175,38,Female,Self-Employed,1202000,626,1911000,48,19372,0.19,Salem,Vehicle,2026-06-14,1
CUST106176,22,Male,Salaried,544000,665,1903000,84,4716,0.1,Chennai,Personal,2026-03-17,0
CUST106177,49,Female,Salaried,832000,662,92000,24,16667,0.24,Madurai,Home,2025-02-10,0
CUST106178,33,Female,Self-Employed,672000,619,874000,120,5333,0.1,Trichy,Home,2025-11-08,0
CUST106179,24,Male,Salaried,664000,652,407000,48,18754,0.34,Salem,Education,2024-10-08,0
CUST106180,62,Male,Business,946000,789,524000,12,20574,0.26,Pondicherry,Home,2024-08-20,0
CUST106181,30,Male,Salaried,654000,692,1148000,120,15090,0.28,Coimbatore,Business Expansion,2026-05-16,0
CUST106182,51,Male,Business,821000,659,1380000,120,17362,0.25,Salem,Vehicle,2025-02-20,0
CUST106183,61,Female,Salaried,594000,709,1826000,36,3923,0.08,Coimbatore,Home,2025-05-24,0
CUST106184,28,Female,Salaried,750000,709,554000,24,11849,0.19,Trichy,Personal,2025-02-03,0
CUST106185,23,Female,Self-Employed,456000,710,884000,48,9326,0.25,Chennai,Home,2024-09-19,1
CUST106186,29,Female,Self-Employed,649000,556,946000,36,6425,0.12,Trichy,Home,2025-02-18,0
CUST106187,50,Male,Business,1739000,606,129000,12,36787,0.25,Madurai,Home,2025-09-27,0
CUST106188,31,Female,Salaried,693000,576,1757000,120,17092,0.3,Madurai,Home,2025-01-05,1
CUST106189,55,Female,Business,1606000,719,543000,36,17730,0.13,Trichy,Home,2025-01-12,0
CUST106190,57,Male,Salaried,705000,714,1901000,36,6455,0.11,Chennai,Home,2025-05-30,0
CUST106191,62,Male,Salaried,863000,535,1332000,24,22650,0.31,Coimbatore,Personal,2024-12-04,1
CUST106192,33,Male,Salaried,1070000,685,553000,60,4597,0.05,Trichy,Personal,2026-07-31,0
CUST106193,56,Female,Self-Employed,1187000,748,1401000,12,12535,0.13,Chennai,Education,2025-06-09,0
CUST106194,33,Female,Self-Employed,893000,603,675000,24,12801,0.17,Coimbatore,Home,2025-04-19,0
CUST106195,32,Female,Salaried,927000,678,897000,24,19442,0.25,Trichy,Vehicle,2026-04-13,0
CUST106196,57,Male,Salaried,978000,715,160000,24,28453,0.35,Salem,Education,2026-03-17,0
CUST106197,30,Female,Salaried,929000,531,1895000,60,12483,0.16,Chennai,Home,2025-10-18,0
CUST106198,29,Male,Salaried,818000,663,1587000,60,22811,0.33,Madurai,Personal,2025-11-24,0
CUST106199,27,Female,Salaried,1039000,764,590000,120,13856,0.16,Chennai,Personal,2026-04-04,0
CUST106200,22,Male,Self-Employed,1365000,571,833000,48,29422,0.26,Coimbatore,Education,2026-04-11,0
CUST106201,43,Male,Self-Employed,1086000,699,296000,48,9014,0.1,Chennai,Vehicle,2026-04-19,1
CUST106202,59,Female,Business,927000,652,1294000,12,14532,0.19,Trichy,Personal,2025-06-29,0
CUST106203,60,Female,Salaried,628000,589,656000,84,16295,0.31,Pondicherry,Vehicle,2025-05-15,0
CUST106204,59,Male,Salaried,764000,641,795000,12,9295,0.15,Chennai,Vehicle,2025-09-07,0
CUST106205,41,Male,Salaried,422000,602,1388000,60,2868,0.08,Trichy,Personal,2024-08-31,0
CUST106206,43,Male,Self-Employed,437000,545,1468000,60,7531,0.21,Coimbatore,Business Expansion,2026-07-20,0
CUST106207,49,Male,Salaried,668000,627,1828000,60,10123,0.18,Chennai,Vehicle,2026-02-07,1
CUST106208,34,Male,Business,725000,656,1553000,120,7181,0.12,Madurai,Home,2025-09-11,1
CUST106209,46,Female,Self-Employed,332000,610,1097000,24,8899,0.32,Coimbatore,Business Expansion,2025-12-01,1
CUST106210,25,Female,Salaried,612000,626,1924000,60,11755,0.23,Chennai,Personal,2024-08-27,1
CUST106211,51,Male,Salaried,920000,670,1745000,24,11818,0.15,Pondicherry,Vehicle,2025-12-15,0
CUST106212,45,Male,Self-Employed,545000,672,891000,24,15843,0.35,Pondicherry,Personal,2026-05-03,1
CUST106213,51,Male,Self-Employed,674000,522,743000,12,5126,0.09,Pondicherry,Business Expansion,2024-12-28,1
CUST106214,40,Male,Salaried,752000,627,290000,120,19074,0.3,Coimbatore,Vehicle,2025-06-21,0
CUST106215,64,Male,Salaried,517000,472,745000,36,5134,0.12,Chennai,Vehicle,2025-05-07,0
CUST106216,37,Male,Self-Employed,1185000,610,1425000,48,12032,0.12,Pondicherry,Education,2026-04-28,1
CUST106217,22,Male,Self-Employed,655000,638,904000,48,10886,0.2,Coimbatore,Home,2025-05-16,0
CUST106218,45,Male,Salaried,479000,701,402000,120,9922,0.25,Trichy,Home,2026-02-27,0
CUST106219,33,Male,Salaried,782000,663,1423000,12,16756,0.26,Pondicherry,Personal,2026-07-20,0
CUST106220,59,Male,Salaried,562000,699,143000,12,2652,0.06,Pondicherry,Personal,2026-02-05,0
CUST106221,48,Male,Business,416000,655,1400000,60,4716,0.14,Coimbatore,Personal,2025-02-18,0
CUST106222,62,Female,Salaried,638000,589,1793000,60,13194,0.25,Salem,Vehicle,2026-02-23,0
CUST106223,26,Female,Self-Employed,895000,524,102000,60,23636,0.32,Trichy,Vehicle,2025-07-28,1
CUST106224,23,Female,Salaried,529000,626,419000,24,11063,0.25,Madurai,Personal,2025-06-03,0
CUST106225,55,Male,Salaried,804000,581,1970000,24,8694,0.13,Trichy,Business Expansion,2025-08-12,0
CUST106226,38,Male,Salaried,582000,639,1167000,60,9813,0.2,Chennai,Vehicle,2024-10-04,0
CUST106227,31,Male,Salaried,1055000,605,659000,120,21475,0.24,Coimbatore,Business Expansion,2026-01-16,0
CUST106228,40,Male,Self-Employed,387000,662,1518000,24,2921,0.09,Pondicherry,Education,2025-05-05,0
CUST106229,25,Female,Self-Employed,391000,629,679000,12,6955,0.21,Chennai,Home,2025-11-17,0
CUST106230,39,Male,Salaried,423000,690,1363000,60,6750,0.19,Coimbatore,Vehicle,2025-10-22,0
CUST106231,42,Male,Salaried,754000,689,1902000,48,9487,0.15,Coimbatore,Personal,2025-08-18,1
CUST106232,39,Female,Self-Employed,489000,608,407000,48,9660,0.24,Coimbatore,Business Expansion,2024-08-24,0
CUST106233,36,Male,Salaried,924000,639,110000,84,18546,0.24,Madurai,Vehicle,2026-01-24,0
CUST106234,44,Female,Salaried,693000,695,1552000,24,19718,0.34,Salem,Home,2024-09-09,0
CUST106235,61,Male,Salaried,806000,870,1325000,48,11988,0.18,Chennai,Education,2024-10-20,0
CUST106236,24,Female,Business,663000,560,809000,60,11568,0.21,Trichy,Vehicle,2026-05-12,0
CUST106237,35,Male,Salaried,659000,653,825000,120,5340,0.1,Pondicherry,Education,2026-03-07,0
CUST106238,45,Female,Self-Employed,1271000,517,615000,48,22720,0.21,Madurai,Home,2025-11-25,0
CUST106239,64,Male,Salaried,895000,648,1254000,12,4536,0.06,Chennai,Business Expansion,2025-03-31,1
CUST106240,55,Female,Salaried,465000,589,1221000,24,3679,0.09,Madurai,Vehicle,2026-05-29,0
CUST106241,34,Male,Salaried,896000,639,1119000,48,7569,0.1,Salem,Vehicle,2025-06-14,0
CUST106242,39,Female,Salaried,967000,663,1191000,24,19323,0.24,Coimbatore,Business Expansion,2025-10-24,1
CUST106243,58,Male,Self-Employed,359000,580,1166000,12,6587,0.22,Trichy,Vehicle,2026-01-14,1
CUST106244,56,Male,Self-Employed,1218000,464,1616000,48,29375,0.29,Salem,Vehicle,2024-11-27,1
CUST106245,27,Female,Salaried,785000,778,1286000,84,12384,0.19,Pondicherry,Home,2026-04-24,0
CUST106246,50,Female,Self-Employed,422000,700,203000,60,6768,0.19,Trichy,Business Expansion,2026-03-02,0
CUST106247,39,Male,Salaried,790000,638,528000,36,6482,0.1,Salem,Vehicle,2026-06-29,0
CUST106248,45,Female,Salaried,803000,569,1520000,120,18255,0.27,Chennai,Business Expansion,2025-12-19,0
CUST106249,36,Male,Business,500000,657,965000,48,2128,0.05,Pondicherry,Personal,2025-09-29,0
CUST106250,60,Female,Self-Employed,1331000,657,327000,12,19684,0.18,Coimbatore,Personal,2025-03-20,1
CUST106251,28,Female,Self-Employed,1041000,694,1386000,84,9238,0.11,Coimbatore,Home,2026-02-27,0
CUST106252,38,Male,Salaried,953000,727,490000,84,22340,0.28,Madurai,Business Expansion,2025-05-29,0
CUST106253,48,Female,Salaried,802000,744,665000,36,16843,0.25,Chennai,Personal,2025-10-18,1
CUST106254,36,Female,Salaried,642000,493,1227000,84,14018,0.26,Coimbatore,Personal,2026-01-21,0
CUST106255,39,Male,Business,1770000,622,1858000,48,13949,0.09,Chennai,Vehicle,2025-02-02,0
CUST106256,62,Female,Self-Employed,1066000,714,906000,24,22265,0.25,Chennai,Home,2024-12-30,0
CUST106257,37,Male,Salaried,990000,566,1942000,12,21224,0.26,Coimbatore,Education,2026-01-17,0
CUST106258,33,Female,Business,1060000,759,204000,48,4486,0.05,Pondicherry,Personal,2026-01-02,0
CUST106259,27,Female,Salaried,473000,812,1908000,120,5726,0.15,Chennai,Education,2025-03-02,0
CUST106260,47,Male,Self-Employed,1133000,732,1641000,120,7193,0.08,Madurai,Home,2026-05-18,0
CUST106261,30,Female,Salaried,596000,709,1865000,12,12636,0.25,Trichy,Personal,2025-11-30,0
CUST106262,54,Female,Salaried,433000,609,1610000,60,4100,0.11,Chennai,Personal,2026-06-29,1
CUST106263,56,Female,Salaried,1058000,675,931000,36,11408,0.13,Salem,Vehicle,2025-09-17,0
CUST106264,45,Male,Salaried,530000,528,1851000,36,3246,0.07,Pondicherry,Home,2025-06-15,0
CUST106265,26,Male,Self-Employed,1324000,554,853000,60,21530,0.2,Chennai,Personal,2026-05-28,0
CUST106266,44,Female,Self-Employed,1072000,561,1819000,36,5351,0.06,Salem,Education,2025-09-07,1
CUST106267,38,Male,Self-Employed,749000,630,1795000,36,18954,0.3,Trichy,Home,2026-04-16,1
CUST106268,43,Male,Business,868000,614,1710000,84,4188,0.06,Chennai,Vehicle,2026-01-18,0
CUST106269,26,Female,Salaried,486000,673,1758000,120,2773,0.07,Trichy,Vehicle,2024-09-08,1
CUST106270,49,Male,Business,1212000,729,1703000,60,24454,0.24,Trichy,Home,2026-06-18,1
CUST106271,45,Female,Business,672000,586,1474000,24,18204,0.33,Madurai,Vehicle,2026-07-02,1
CUST106272,37,Female,Salaried,854000,663,363000,84,22605,0.32,Trichy,Vehicle,2026-04-05,0
CUST106273,44,Female,Salaried,1022000,612,1668000,36,6395,0.08,Chennai,Home,2025-01-04,1
CUST106274,31,Male,Self-Employed,1370000,642,643000,24,15587,0.14,Salem,Personal,2025-03-24,0
CUST106275,46,Male,Salaried,785000,711,72000,12,13496,0.21,Pondicherry,Business Expansion,2025-09-24,1
CUST106276,54,Male,Self-Employed,1061000,707,697000,12,5127,0.06,Trichy,Home,2025-11-21,0
CUST106277,48,Female,Salaried,1040000,710,1379000,120,18078,0.21,Chennai,Personal,2025-08-14,0
CUST106278,23,Male,Salaried,655000,687,1473000,36,10061,0.18,Madurai,Vehicle,2026-07-03,0
CUST106279,31,Female,Salaried,840000,522,650000,12,15856,0.23,Trichy,Home,2026-06-21,0
CUST106280,58,Female,Salaried,478000,552,1884000,60,12989,0.33,Pondicherry,Education,2026-05-13,1
CUST106281,34,Female,Salaried,528000,575,1425000,36,5824,0.13,Salem,Home,2024-12-03,0
CUST106282,46,Male,Salaried,618000,682,930000,60,12449,0.24,Salem,Personal,2025-11-12,0
CUST106283,41,Male,Salaried,885000,533,931000,120,13197,0.18,Coimbatore,Vehicle,2024-12-26,0
CUST106284,59,Female,Business,656000,680,1284000,24,9869,0.18,Pondicherry,Home,2026-06-16,0
CUST106285,50,Male,Salaried,781000,673,1667000,48,15892,0.24,Chennai,Vehicle,2025-05-09,0
CUST106286,28,Male,Self-Employed,869000,450,145000,48,24288,0.34,Coimbatore,Education,2024-12-29,1
CUST106287,40,Male,Salaried,830000,552,1631000,84,21366,0.31,Chennai,Home,2025-08-24,0
CUST106288,52,Female,Self-Employed,1033000,718,1506000,120,20819,0.24,Pondicherry,Personal,2025-11-20,0
CUST106289,42,Female,Business,1777000,712,1433000,36,27907,0.19,Salem,Home,2024-08-04,1
CUST106290,27,Male,Salaried,683000,573,832000,120,10085,0.18,Chennai,Business Expansion,2025-01-09,1
CUST106291,29,Female,Business,1131000,556,1122000,60,26968,0.29,Coimbatore,Home,2026-03-26,0
CUST106292,21,Male,Salaried,743000,429,1734000,48,7149,0.12,Salem,Personal,2025-10-16,1
CUST106293,49,Female,Salaried,954000,782,1660000,36,17990,0.23,Madurai,Vehicle,2024-12-04,0
CUST106294,28,Male,Business,1341000,653,1294000,120,22516,0.2,Madurai,Personal,2024-11-24,1
CUST106295,24,Female,Salaried,518000,819,785000,84,10567,0.24,Madurai,Home,2026-01-22,0
CUST106296,55,Male,Salaried,812000,632,1079000,120,7187,0.11,Trichy,Education,2024-12-15,0
CUST106297,23,Male,Self-Employed,410000,650,1128000,48,8839,0.26,Salem,Personal,2026-06-05,0
CUST106298,60,Male,Self-Employed,1225000,705,900000,120,24306,0.24,Coimbatore,Personal,2025-02-03,0
CUST106299,27,Male,Self-Employed,783000,772,893000,84,6788,0.1,Chennai,Home,2025-11-21,0
CUST106300,47,Female,Salaried,572000,695,1088000,48,8812,0.18,Chennai,Business Expansion,2025-09-05,0
CUST106301,21,Male,Business,421000,650,572000,12,8896,0.25,Chennai,Home,2025-08-15,1
CUST106302,47,Male,Self-Employed,742000,627,1456000,120,19816,0.32,Madurai,Home,2024-09-02,1
CUST106303,36,Male,Business,1752000,555,1240000,120,12647,0.09,Salem,Personal,2024-08-13,0
CUST106304,58,Male,Salaried,442000,615,1449000,120,1938,0.05,Trichy,Education,2025-05-23,0
CUST106305,27,Male,Self-Employed,509000,629,1147000,36,4222,0.1,Salem,Home,2025-04-11,0
CUST106306,64,Male,Business,1304000,774,868000,84,37683,0.35,Salem,Home,2025-07-25,0
CUST106307,43,Male,Salaried,777000,611,1750000,84,18163,0.28,Madurai,Vehicle,2024-08-14,1
CUST106308,61,Male,Business,552000,745,1258000,48,10778,0.23,Madurai,Personal,2025-04-21,0
CUST106309,31,Male,Salaried,486000,642,137000,84,3641,0.09,Madurai,Business Expansion,2025-01-07,0
CUST106310,62,Female,Salaried,1059000,761,1828000,36,15427,0.17,Chennai,Vehicle,2025-06-21,1
CUST106311,53,Female,Business,924000,710,405000,12,20372,0.26,Madurai,Home,2026-06-21,0
CUST106312,56,Male,Business,692000,704,1138000,36,18382,0.32,Coimbatore,Vehicle,2026-06-08,0
CUST106313,57,Female,Salaried,867000,738,1346000,120,11888,0.16,Trichy,Home,2024-09-14,0
CUST106314,61,Female,Salaried,1046000,724,240000,12,30500,0.35,Madurai,Personal,2025-10-27,0
CUST106315,37,Male,Self-Employed,1215000,720,703000,120,9306,0.09,Coimbatore,Vehicle,2026-05-28,0
CUST106316,55,Female,Business,1186000,841,1111000,48,16414,0.17,Madurai,Personal,2025-06-29,0
CUST106317,25,Male,Self-Employed,936000,770,1447000,84,24384,0.31,Coimbatore,Home,2026-02-01,0
CUST106318,52,Female,Self-Employed,822000,666,714000,84,16780,0.24,Chennai,Home,2024-11-12,0
CUST106319,23,Male,Self-Employed,1103000,585,429000,48,26956,0.29,Trichy,Business Expansion,2025-01-02,0
CUST106320,55,Male,Salaried,752000,682,86000,48,20199,0.32,Coimbatore,Business Expansion,2024-10-20,0
CUST106321,34,Male,Business,491000,476,788000,12,8273,0.2,Pondicherry,Personal,2025-01-26,0
CUST106322,51,Female,Salaried,625000,724,1927000,24,6272,0.12,Chennai,Home,2025-09-03,0
CUST106323,51,Female,Self-Employed,351000,529,1001000,12,7549,0.26,Madurai,Education,2025-06-14,0
CUST106324,37,Male,Salaried,463000,751,1325000,12,8451,0.22,Madurai,Personal,2026-04-01,0
CUST106325,44,Male,Salaried,872000,828,1952000,120,20477,0.28,Chennai,Personal,2024-08-30,1
CUST106326,43,Male,Self-Employed,786000,494,1208000,84,13330,0.2,Coimbatore,Vehicle,2025-01-07,0
CUST106327,38,Male,Business,1434000,645,60000,60,35053,0.29,Trichy,Home,2025-10-08,0
CUST106328,34,Male,Self-Employed,640000,529,1275000,48,17098,0.32,Coimbatore,Vehicle,2024-08-07,1
CUST106329,35,Male,Self-Employed,1025000,469,383000,48,23478,0.27,Chennai,Business Expansion,2025-10-19,1
CUST106330,35,Female,Salaried,466000,640,468000,120,10605,0.27,Madurai,Home,2026-07-16,0
CUST106331,26,Female,Business,1143000,707,287000,60,21541,0.23,Chennai,Vehicle,2025-06-05,0
CUST106332,47,Male,Salaried,574000,717,930000,84,9159,0.19,Trichy,Vehicle,2026-03-13,1
CUST106333,35,Male,Salaried,674000,663,1493000,24,19196,0.34,Pondicherry,Education,2026-05-25,1
CUST106334,56,Female,Salaried,601000,500,1527000,36,12196,0.24,Chennai,Home,2025-08-13,0
CUST106335,28,Female,Self-Employed,576000,636,357000,48,14501,0.3,Coimbatore,Business Expansion,2025-02-03,0
CUST106336,35,Female,Business,1248000,515,630000,48,20968,0.2,Coimbatore,Personal,2025-07-17,1
CUST106337,23,Female,Self-Employed,692000,496,219000,12,12482,0.22,Trichy,Personal,2024-08-28,0
CUST106338,33,Female,Salaried,494000,560,1656000,24,10245,0.25,Coimbatore,Home,2025-12-03,0
CUST106339,61,Male,Salaried,888000,744,1856000,24,19873,0.27,Coimbatore,Business Expansion,2025-07-10,0
CUST106340,54,Male,Salaried,608000,699,1222000,84,9348,0.18,Chennai,Home,2026-06-22,0
CUST106341,44,Female,Salaried,959000,679,1574000,24,12538,0.16,Chennai,Business Expansion,2026-07-23,0
CUST106342,60,Male,Salaried,719000,572,643000,24,7299,0.12,Madurai,Personal,2025-12-19,0
CUST106343,52,Male,Self-Employed,304000,590,1586000,60,4486,0.18,Chennai,Business Expansion,2025-02-12,0
CUST106344,52,Male,Business,1614000,526,501000,12,15248,0.11,Chennai,Home,2025-04-12,0
CUST106345,50,Female,Salaried,882000,772,1980000,120,12864,0.18,Coimbatore,Home,2025-03-03,0
CUST106346,33,Female,Salaried,675000,847,571000,84,17572,0.31,Chennai,Vehicle,2026-07-14,0
CUST106347,21,Male,Business,582000,700,990000,120,16641,0.34,Chennai,Personal,2024-11-23,1
CUST106348,54,Male,Self-Employed,1306000,690,489000,60,24284,0.22,Chennai,Personal,2026-05-13,0
CUST106349,35,Female,Business,881000,635,196000,60,6886,0.09,Chennai,Vehicle,2024-12-17,0
CUST106350,64,Male,Salaried,474000,504,935000,36,7041,0.18,Pondicherry,Home,2026-07-12,0
CUST106351,34,Male,Salaried,690000,574,347000,12,13260,0.23,Chennai,Vehicle,2026-01-11,0
CUST106352,49,Female,Business,883000,608,1679000,24,11863,0.16,Trichy,Home,2024-09-24,0
CUST106353,54,Male,Salaried,690000,615,419000,84,6413,0.11,Coimbatore,Home,2026-03-17,0
CUST106354,38,Male,Self-Employed,859000,569,858000,12,8450,0.12,Trichy,Education,2026-01-20,1
CUST106355,27,Female,Salaried,741000,654,943000,24,11867,0.19,Chennai,Personal,2026-02-10,0
CUST106356,49,Male,Salaried,964000,573,1306000,36,9232,0.11,Salem,Business Expansion,2025-12-23,0
CUST106357,51,Female,Business,726000,845,709000,48,7553,0.12,Pondicherry,Home,2025-12-10,0
CUST106358,45,Male,Salaried,719000,527,173000,60,18689,0.31,Chennai,Home,2026-01-20,0
CUST106359,58,Male,Business,436000,729,1484000,36,10308,0.28,Chennai,Personal,2025-06-09,0
CUST106360,34,Male,Salaried,593000,626,1853000,60,3290,0.07,Trichy,Personal,2025-02-25,0
CUST106361,28,Male,Business,1119000,691,297000,84,13619,0.15,Salem,Home,2024-11-28,0
CUST106362,47,Female,Salaried,985000,695,1535000,24,17203,0.21,Coimbatore,Home,2025-11-01,0
CUST106363,22,Female,Salaried,887000,664,1455000,84,5039,0.07,Madurai,Home,2025-03-10,0
CUST106364,37,Female,Salaried,691000,547,1171000,24,14680,0.25,Chennai,Home,2026-03-14,0
CUST106365,57,Male,Self-Employed,483000,595,1009000,120,6654,0.17,Coimbatore,Business Expansion,2025-12-16,0
CUST106366,34,Female,Business,573000,665,1179000,36,8077,0.17,Chennai,Personal,2024-09-10,0
CUST106367,45,Male,Salaried,1022000,659,931000,48,11037,0.13,Coimbatore,Vehicle,2026-05-30,0
CUST106368,50,Female,Self-Employed,1044000,532,727000,48,13065,0.15,Chennai,Home,2025-09-07,1
CUST106369,49,Female,Business,642000,766,1523000,60,16505,0.31,Chennai,Business Expansion,2024-08-01,0
CUST106370,40,Male,Business,1530000,425,1186000,24,36539,0.29,Trichy,Home,2024-09-03,1
CUST106371,41,Male,Self-Employed,308000,602,619000,24,8488,0.33,Trichy,Personal,2025-07-10,1
CUST106372,42,Male,Business,696000,567,529000,48,15062,0.26,Coimbatore,Home,2025-09-29,0
CUST106373,55,Male,Self-Employed,1372000,641,931000,120,25537,0.22,Pondicherry,Personal,2024-10-04,0
CUST106374,57,Female,Salaried,1051000,741,518000,24,11191,0.13,Chennai,Business Expansion,2026-03-09,0
CUST106375,36,Male,Salaried,478000,523,415000,84,9960,0.25,Coimbatore,Personal,2025-12-29,0
CUST106376,63,Male,Business,1778000,861,807000,24,47687,0.32,Trichy,Education,2025-09-02,0
CUST106377,37,Male,Salaried,851000,668,828000,36,5017,0.07,Trichy,Business Expansion,2024-08-21,0
CUST106378,36,Female,Salaried,625000,684,975000,48,9527,0.18,Pondicherry,Home,2025-01-01,0
CUST106379,22,Male,Business,1420000,520,1968000,120,11218,0.09,Chennai,Personal,2025-04-01,1
CUST106380,24,Male,Salaried,902000,645,388000,48,22037,0.29,Chennai,Education,2024-10-08,0
CUST106381,41,Male,Business,827000,737,1249000,84,16142,0.23,Trichy,Home,2026-01-04,0
CUST106382,59,Female,Business,1645000,668,1369000,120,43029,0.31,Coimbatore,Business Expansion,2026-04-03,0
CUST106383,54,Male,Business,1036000,662,1699000,84,5950,0.07,Chennai,Education,2025-11-08,1
CUST106384,50,Female,Salaried,634000,645,143000,12,16997,0.32,Madurai,Business Expansion,2024-09-01,0
CUST106385,26,Male,Salaried,831000,525,1835000,84,4858,0.07,Coimbatore,Vehicle,2026-03-08,1
CUST106386,37,Male,Business,881000,525,404000,48,10005,0.14,Coimbatore,Business Expansion,2025-09-19,1
CUST106387,59,Male,Salaried,876000,755,1141000,48,7070,0.1,Chennai,Vehicle,2025-03-21,0
CUST106388,45,Male,Salaried,619000,729,198000,84,4829,0.09,Chennai,Personal,2025-09-03,0
CUST106389,25,Male,Self-Employed,580000,717,54000,12,4905,0.1,Chennai,Home,2025-01-25,0
CUST106390,25,Male,Salaried,486000,575,295000,24,7859,0.19,Coimbatore,Business Expansion,2025-12-28,1
CUST106391,40,Female,Business,1691000,635,1749000,24,40204,0.29,Chennai,Education,2024-11-12,1
CUST106392,36,Male,Self-Employed,798000,735,811000,60,21245,0.32,Pondicherry,Personal,2024-09-04,0
CUST106393,61,Male,Salaried,454000,539,1036000,24,8325,0.22,Chennai,Personal,2026-04-19,0
CUST106394,57,Female,Salaried,1046000,751,696000,48,8483,0.1,Pondicherry,Personal,2025-06-06,0
CUST106395,60,Male,Salaried,909000,597,942000,60,5587,0.07,Coimbatore,Business Expansion,2026-07-18,0
CUST106396,29,Female,Salaried,1078000,573,493000,60,17808,0.2,Chennai,Home,2024-11-20,0
CUST106397,25,Female,Self-Employed,1169000,622,1257000,84,27239,0.28,Coimbatore,Vehicle,2026-07-12,1
CUST106398,62,Male,Salaried,648000,549,336000,84,12746,0.24,Coimbatore,Education,2024-11-09,0
CUST106399,22,Female,Salaried,770000,479,261000,24,14426,0.22,Madurai,Home,2025-09-14,0
CUST106400,29,Male,Business,495000,656,1610000,60,2658,0.06,Coimbatore,Education,2026-03-18,0
CUST106401,63,Male,Self-Employed,755000,673,1943000,12,10913,0.17,Trichy,Education,2025-03-10,0
CUST106402,56,Male,Salaried,749000,759,1069000,120,13426,0.22,Coimbatore,Education,2025-07-20,0
CUST106403,42,Male,Business,1482000,704,745000,60,28341,0.23,Trichy,Personal,2026-05-30,0
CUST106404,42,Male,Salaried,572000,826,266000,36,2452,0.05,Madurai,Personal,2026-04-03,0
CUST106405,42,Male,Business,834000,772,898000,12,7635,0.11,Chennai,Vehicle,2025-03-28,0
CUST106406,54,Male,Self-Employed,421000,691,1558000,48,11750,0.33,Pondicherry,Personal,2026-04-17,1
CUST106407,49,Male,Self-Employed,1059000,667,384000,24,17878,0.2,Pondicherry,Home,2025-08-14,0
CUST106408,58,Male,Self-Employed,693000,735,936000,24,15078,0.26,Salem,Education,2024-12-22,0
CUST106409,53,Male,Salaried,573000,450,1747000,84,6802,0.14,Chennai,Vehicle,2025-03-31,0
CUST106410,38,Male,Business,1203000,606,221000,36,22617,0.23,Pondicherry,Home,2025-11-23,1
CUST106411,27,Male,Business,1484000,482,924000,24,19408,0.16,Pondicherry,Home,2025-07-10,0
CUST106412,21,Female,Salaried,1045000,709,568000,48,12112,0.14,Trichy,Vehicle,2024-10-08,0
CUST106413,53,Male,Salaried,868000,583,1688000,60,12544,0.17,Madurai,Business Expansion,2026-07-17,0
CUST106414,21,Female,Business,448000,900,1380000,24,7016,0.19,Salem,Personal,2024-08-12,0
CUST106415,44,Female,Salaried,1038000,603,202000,48,12918,0.15,Salem,Home,2024-11-01,0
CUST106416,24,Male,Business,390000,659,536000,84,4140,0.13,Trichy,Vehicle,2026-02-21,0
CUST106417,24,Female,Self-Employed,1001000,588,1823000,12,19781,0.24,Coimbatore,Home,2025-11-30,0
CUST106418,38,Male,Self-Employed,1208000,581,1997000,120,16531,0.16,Pondicherry,Home,2025-09-24,0
CUST106419,47,Male,Salaried,851000,537,1755000,48,7839,0.11,Chennai,Personal,2026-06-19,0
CUST106420,63,Female,Salaried,710000,534,460000,84,16419,0.28,Chennai,Personal,2024-08-08,0
CUST106421,52,Male,Salaried,810000,453,1494000,36,18030,0.27,Salem,Personal,2024-10-09,1
CUST106422,53,Female,Self-Employed,1102000,674,360000,48,29023,0.32,Pondicherry,Business Expansion,2026-02-18,0
CUST106423,48,Male,Self-Employed,1357000,586,536000,120,24483,0.22,Salem,Personal,2025-07-16,0
CUST106424,62,Male,Self-Employed,1350000,799,1879000,24,15055,0.13,Madurai,Education,2024-09-30,1
CUST106425,61,Male,Self-Employed,613000,513,549000,60,15790,0.31,Coimbatore,Business Expansion,2025-04-11,0
CUST106426,56,Male,Business,1122000,782,617000,48,12537,0.13,Salem,Vehicle,2025-07-05,0
CUST106427,26,Male,Salaried,439000,791,141000,36,9024,0.25,Coimbatore,Home,2025-05-31,1
CUST106428,36,Male,Self-Employed,1173000,739,1747000,12,10470,0.11,Pondicherry,Business Expansion,2025-06-18,0
CUST106429,54,Female,Salaried,1069000,671,718000,36,21268,0.24,Madurai,Education,2026-04-11,1
CUST106430,43,Male,Salaried,750000,619,542000,84,18891,0.3,Chennai,Personal,2024-12-30,0
CUST106431,62,Male,Salaried,1076000,764,1761000,12,19007,0.21,Chennai,Personal,2025-08-11,0
CUST106432,44,Male,Salaried,1010000,578,1145000,48,16098,0.19,Coimbatore,Home,2025-05-11,0
CUST106433,33,Female,Salaried,967000,674,1150000,60,28046,0.35,Madurai,Home,2024-09-03,0
CUST106434,38,Male,Salaried,972000,646,95000,36,4595,0.06,Chennai,Personal,2025-06-09,0
CUST106435,33,Male,Salaried,632000,569,854000,60,7874,0.15,Coimbatore,Home,2026-03-02,0
CUST106436,57,Female,Business,404000,675,808000,84,10961,0.33,Madurai,Home,2025-05-09,0
CUST106437,63,Male,Salaried,510000,716,1588000,48,10318,0.24,Trichy,Personal,2026-07-04,0
CUST106438,59,Male,Self-Employed,698000,541,1407000,60,12367,0.21,Chennai,Business Expansion,2026-05-24,0
CUST106439,62,Female,Salaried,960000,691,785000,60,19304,0.24,Trichy,Business Expansion,2025-11-23,0
CUST106440,37,Female,Salaried,914000,449,1032000,36,11164,0.15,Chennai,Education,2026-04-11,1
CUST106441,35,Male,Salaried,641000,555,810000,48,3811,0.07,Chennai,Personal,2025-02-22,1
CUST106442,38,Male,Salaried,947000,608,1288000,60,10459,0.13,Chennai,Vehicle,2026-01-31,0
CUST106443,43,Female,Self-Employed,1054000,657,126000,12,13258,0.15,Trichy,Business Expansion,2026-05-05,0
CUST106444,50,Male,Salaried,495000,728,1562000,24,8000,0.19,Chennai,Vehicle,2024-10-03,1
CUST106445,54,Female,Salaried,998000,657,1304000,12,13986,0.17,Chennai,Home,2025-07-30,1
CUST106446,24,Male,Salaried,471000,700,99000,84,8097,0.21,Chennai,Personal,2025-03-06,1
CUST106447,23,Male,Self-Employed,1265000,610,710000,60,11471,0.11,Salem,Education,2026-04-08,0
CUST106448,27,Male,Self-Employed,1195000,661,156000,48,10477,0.11,Salem,Home,2025-09-11,1
CUST106449,38,Female,Salaried,839000,681,1505000,12,10873,0.16,Chennai,Home,2024-09-27,0
CUST106450,62,Female,Salaried,905000,604,747000,48,14488,0.19,Coimbatore,Personal,2026-02-15,0
CUST106451,27,Female,Salaried,571000,618,1872000,84,7257,0.15,Salem,Education,2025-04-24,0
CUST106452,60,Female,Salaried,989000,704,547000,12,18376,0.22,Chennai,Home,2025-04-22,0
CUST106453,26,Male,Salaried,983000,813,1080000,48,11714,0.14,Chennai,Vehicle,2025-06-22,0
CUST106454,42,Male,Self-Employed,1292000,733,874000,60,11105,0.1,Chennai,Home,2026-03-06,0
CUST106455,21,Female,Self-Employed,999000,523,341000,36,25711,0.31,Salem,Personal,2026-04-14,0
CUST106456,24,Female,Self-Employed,1358000,523,1028000,120,12468,0.11,Trichy,Personal,2024-12-24,0
CUST106457,63,Female,Self-Employed,633000,576,1415000,12,17934,0.34,Chennai,Home,2024-10-04,1
CUST106458,49,Female,Salaried,593000,658,1353000,84,17109,0.35,Chennai,Education,2025-08-03,0
CUST106459,41,Male,Salaried,560000,654,585000,120,12088,0.26,Salem,Business Expansion,2026-03-14,0
CUST106460,46,Male,Salaried,1029000,761,361000,48,17201,0.2,Coimbatore,Personal,2025-08-28,0
CUST106461,34,Female,Self-Employed,1108000,741,1798000,12,26649,0.29,Madurai,Home,2025-10-18,0
CUST106462,29,Male,Salaried,994000,650,1774000,48,25840,0.31,Chennai,Personal,2024-12-15,0
CUST106463,32,Male,Business,776000,629,540000,48,16999,0.26,Pondicherry,Business Expansion,2026-06-15,0
CUST106464,62,Female,Salaried,1038000,696,126000,36,6973,0.08,Chennai,Home,2024-12-17,1
CUST106465,26,Male,Salaried,905000,745,173000,48,3838,0.05,Pondicherry,Personal,2024-12-09,0
CUST106466,40,Female,Self-Employed,454000,674,1015000,12,4069,0.11,Chennai,Personal,2026-07-18,1
CUST106467,44,Male,Salaried,710000,611,333000,84,6304,0.11,Chennai,Home,2026-06-03,0
CUST106468,47,Female,Salaried,441000,594,1745000,120,3849,0.1,Coimbatore,Home,2026-05-24,0
CUST106469,58,Female,Salaried,523000,550,894000,120,8844,0.2,Pondicherry,Vehicle,2025-10-08,0
CUST106470,28,Male,Salaried,778000,667,531000,60,13357,0.21,Coimbatore,Personal,2024-11-15,0
CUST106471,21,Male,Business,928000,706,1297000,84,20640,0.27,Chennai,Business Expansion,2024-08-26,0
CUST106472,44,Male,Self-Employed,792000,691,1831000,24,7289,0.11,Madurai,Education,2026-03-02,0
CUST106473,27,Male,Salaried,426000,753,1151000,48,2761,0.08,Trichy,Personal,2025-01-29,0
CUST106474,39,Male,Salaried,916000,783,657000,24,19070,0.25,Trichy,Personal,2026-05-01,0
CUST106475,42,Female,Salaried,423000,526,606000,60,6880,0.2,Coimbatore,Vehicle,2025-08-13,0
CUST106476,55,Male,Business,776000,686,118000,84,16159,0.25,Chennai,Vehicle,2026-05-10,0
CUST106477,50,Male,Salaried,538000,689,1172000,24,7362,0.16,Madurai,Home,2024-08-24,0
CUST106478,49,Male,Salaried,461000,643,1961000,48,10573,0.28,Coimbatore,Home,2025-04-26,1
CUST106479,42,Female,Salaried,1030000,575,117000,12,21868,0.25,Salem,Business Expansion,2025-06-27,1
CUST106480,31,Male,Salaried,901000,780,127000,84,18403,0.25,Madurai,Home,2025-03-18,1
CUST106481,40,Female,Self-Employed,354000,572,1219000,84,1718,0.06,Coimbatore,Vehicle,2024-11-17,0
CUST106482,49,Female,Self-Employed,503000,427,124000,36,12886,0.31,Coimbatore,Vehicle,2025-02-04,1
CUST106483,61,Female,Salaried,1034000,651,1924000,84,14043,0.16,Coimbatore,Home,2024-12-20,0
CUST106484,62,Female,Self-Employed,981000,603,563000,120,7413,0.09,Madurai,Business Expansion,2024-09-15,1
CUST106485,54,Male,Salaried,502000,817,1043000,48,11574,0.28,Coimbatore,Business Expansion,2025-03-31,0
CUST106486,21,Female,Salaried,468000,694,1972000,48,7641,0.2,Pondicherry,Home,2024-12-19,0
CUST106487,51,Male,Salaried,904000,622,1742000,36,4489,0.06,Coimbatore,Business Expansion,2024-12-30,0
CUST106488,50,Female,Salaried,746000,632,1160000,36,17690,0.28,Chennai,Home,2025-09-04,0
CUST106489,38,Female,Self-Employed,518000,606,1835000,120,7792,0.18,Chennai,Business Expansion,2026-01-23,0
CUST106490,37,Male,Business,502000,849,1121000,84,11565,0.28,Trichy,Vehicle,2024-08-19,0
CUST106491,58,Male,Salaried,1056000,710,815000,36,24347,0.28,Chennai,Vehicle,2026-03-16,0
CUST106492,34,Male,Salaried,902000,523,1650000,36,6011,0.08,Coimbatore,Home,2025-11-22,1
CUST106493,43,Female,Salaried,459000,628,1115000,36,8949,0.23,Madurai,Personal,2025-01-23,0
CUST106494,45,Male,Business,693000,647,183000,48,9126,0.16,Coimbatore,Education,2025-03-09,0
CUST106495,35,Male,Business,1181000,550,876000,24,21053,0.21,Trichy,Personal,2025-05-15,0
CUST106496,42,Male,Salaried,566000,489,642000,12,3611,0.08,Trichy,Vehicle,2026-02-09,1
CUST106497,23,Male,Self-Employed,919000,678,1092000,120,17342,0.23,Salem,Education,2026-03-16,0
CUST106498,39,Female,Self-Employed,623000,552,1949000,48,14706,0.28,Madurai,Personal,2026-03-06,1
CUST106499,64,Female,Salaried,696000,762,741000,120,20070,0.35,Madurai,Personal,2025-06-21,0
CUST106500,54,Male,Salaried,639000,650,878000,60,7778,0.15,Chennai,Business Expansion,2026-04-27,0
CUST106501,55,Male,Self-Employed,1436000,582,1193000,84,11552,0.1,Coimbatore,Education,2025-09-21,1
CUST106502,21,Male,Salaried,997000,432,1971000,120,13274,0.16,Chennai,Personal,2025-12-09,1
CUST106503,41,Male,Salaried,521000,760,1408000,48,2422,0.06,Trichy,Vehicle,2024-08-23,0
CUST106504,49,Female,Salaried,823000,676,1992000,84,11839,0.17,Coimbatore,Education,2025-11-05,0
CUST106505,26,Male,Salaried,786000,609,580000,48,21246,0.32,Madurai,Home,2025-08-14,1
CUST106506,57,Male,Business,1209000,569,1938000,120,10911,0.11,Chennai,Home,2026-04-02,0
CUST106507,21,Female,Salaried,776000,793,119000,24,12501,0.19,Madurai,Personal,2025-02-05,0
CUST106508,21,Female,Salaried,621000,554,483000,84,11477,0.22,Coimbatore,Home,2026-05-06,0
CUST106509,47,Male,Salaried,605000,616,1262000,120,5241,0.1,Madurai,Vehicle,2025-10-23,0
CUST106510,41,Male,Self-Employed,649000,676,1476000,36,8060,0.15,Salem,Vehicle,2026-05-04,0
CUST106511,36,Male,Salaried,462000,780,1679000,84,12451,0.32,Trichy,Home,2025-07-15,0
CUST106512,64,Female,Self-Employed,691000,605,1735000,120,7987,0.14,Chennai,Business Expansion,2026-06-29,0
CUST106513,60,Female,Salaried,670000,583,1460000,60,13433,0.24,Madurai,Home,2024-08-28,1
CUST106514,46,Male,Self-Employed,1231000,615,1709000,24,9343,0.09,Coimbatore,Personal,2026-06-04,1
CUST106515,36,Male,Business,642000,731,182000,12,13426,0.25,Pondicherry,Personal,2025-05-06,0
CUST106516,48,Female,Business,995000,751,1295000,120,11089,0.13,Pondicherry,Business Expansion,2026-03-19,0
CUST106517,21,Female,Salaried,820000,526,116000,60,8157,0.12,Chennai,Home,2024-09-17,0
CUST106518,56,Female,Self-Employed,1281000,635,856000,60,9313,0.09,Pondicherry,Home,2026-02-09,1
CUST106519,30,Male,Salaried,1046000,520,280000,24,5582,0.06,Chennai,Education,2025-08-18,1
CUST106520,63,Male,Self-Employed,455000,704,717000,60,12905,0.34,Pondicherry,Education,2026-02-08,0
CUST106521,37,Male,Salaried,431000,688,1970000,48,6255,0.17,Chennai,Home,2025-03-06,0
CUST106522,43,Male,Self-Employed,1061000,542,199000,48,25047,0.28,Chennai,Home,2026-03-30,1
CUST106523,27,Male,Salaried,613000,788,1182000,36,16654,0.33,Pondicherry,Vehicle,2025-06-03,0
CUST106524,64,Male,Business,1072000,680,1502000,24,9934,0.11,Coimbatore,Vehicle,2025-01-25,0
CUST106525,27,Male,Self-Employed,1401000,645,1568000,120,36303,0.31,Salem,Education,2026-01-29,1
CUST106526,64,Female,Salaried,912000,633,868000,48,19942,0.26,Chennai,Home,2025-09-25,0
CUST106527,35,Male,Business,1594000,649,664000,120,29674,0.22,Coimbatore,Home,2024-09-25,0
CUST106528,54,Female,Salaried,753000,615,1154000,60,18368,0.29,Trichy,Vehicle,2026-02-22,1
CUST106529,24,Male,Business,569000,583,1691000,120,3945,0.08,Chennai,Vehicle,2026-01-14,0
CUST106530,34,Female,Self-Employed,483000,735,1892000,60,5195,0.13,Chennai,Vehicle,2026-06-19,1
CUST106531,34,Male,Business,1186000,605,589000,48,8827,0.09,Chennai,Business Expansion,2024-10-25,0
CUST106532,36,Female,Salaried,795000,602,1835000,24,21119,0.32,Salem,Vehicle,2026-05-22,0
CUST106533,27,Male,Salaried,766000,638,1871000,24,5083,0.08,Pondicherry,Home,2026-02-25,1
CUST106534,52,Male,Self-Employed,553000,753,1561000,12,15851,0.34,Coimbatore,Vehicle,2026-03-29,0
CUST106535,39,Female,Business,970000,751,1081000,24,6706,0.08,Chennai,Personal,2024-08-14,0
CUST106536,22,Male,Salaried,488000,614,524000,84,10107,0.25,Chennai,Personal,2024-11-13,0
CUST106537,30,Male,Salaried,1013000,760,303000,84,20947,0.25,Madurai,Education,2025-01-25,0
CUST106538,37,Female,Salaried,623000,659,1626000,84,17099,0.33,Salem,Vehicle,2025-02-25,0
CUST106539,57,Female,Business,1495000,574,542000,48,18306,0.15,Trichy,Home,2024-10-08,0
CUST106540,32,Male,Self-Employed,350000,582,714000,12,4363,0.15,Coimbatore,Personal,2024-10-02,1
CUST106541,26,Male,Salaried,795000,773,620000,60,20132,0.3,Madurai,Home,2025-01-18,1
CUST106542,42,Male,Salaried,781000,837,1278000,48,22360,0.34,Salem,Home,2025-08-17,0
CUST106543,52,Male,Self-Employed,1096000,653,851000,36,5392,0.06,Madurai,Vehicle,2025-06-06,0
CUST106544,61,Female,Salaried,437000,599,1240000,36,8761,0.24,Salem,Vehicle,2026-06-30,0
CUST106545,40,Male,Self-Employed,425000,613,1400000,24,4359,0.12,Chennai,Personal,2025-01-14,0
CUST106546,21,Male,Salaried,504000,581,933000,12,11272,0.27,Trichy,Personal,2026-07-25,1
CUST106547,26,Female,Self-Employed,1163000,569,1799000,12,27312,0.28,Madurai,Personal,2026-04-21,0
CUST106548,39,Male,Business,696000,585,1298000,60,16167,0.28,Trichy,Home,2025-03-21,1
CUST106549,38,Female,Salaried,491000,642,479000,120,7391,0.18,Madurai,Home,2025-01-10,0
CUST106550,26,Male,Salaried,1013000,660,855000,24,8217,0.1,Chennai,Business Expansion,2026-03-16,0
CUST106551,53,Male,Self-Employed,1192000,611,1552000,12,22392,0.23,Chennai,Business Expansion,2025-12-17,0
CUST106552,43,Female,Salaried,860000,630,158000,120,20547,0.29,Salem,Education,2025-04-22,0
CUST106553,43,Male,Business,887000,718,1490000,48,23923,0.32,Chennai,Vehicle,2025-12-19,0
CUST106554,46,Male,Salaried,647000,629,1446000,60,10017,0.19,Salem,Vehicle,2026-04-27,1
CUST106555,33,Male,Business,1171000,635,805000,12,12071,0.12,Trichy,Home,2024-09-29,1
CUST106556,27,Male,Salaried,719000,634,327000,36,5131,0.09,Coimbatore,Home,2024-10-01,1
CUST106557,35,Male,Salaried,716000,788,1484000,36,17260,0.29,Salem,Vehicle,2024-11-14,0
CUST106558,64,Male,Salaried,458000,605,1264000,12,8037,0.21,Pondicherry,Personal,2024-12-22,1
CUST106559,47,Male,Business,676000,703,716000,84,14210,0.25,Coimbatore,Business Expansion,2025-09-04,0
CUST106560,46,Male,Business,1043000,582,1094000,84,8498,0.1,Chennai,Personal,2026-01-26,1
CUST106561,53,Female,Salaried,867000,681,998000,36,3755,0.05,Pondicherry,Education,2025-07-24,0
CUST106562,35,Male,Salaried,850000,699,1748000,48,24102,0.34,Pondicherry,Personal,2025-11-30,1
CUST106563,56,Male,Salaried,800000,747,299000,60,19551,0.29,Pondicherry,Personal,2025-04-04,0
CUST106564,47,Female,Salaried,1063000,615,608000,48,15059,0.17,Trichy,Business Expansion,2025-03-20,0
CUST106565,25,Male,Self-Employed,378000,524,1635000,36,5895,0.19,Chennai,Personal,2024-09-07,1
CUST106566,22,Female,Salaried,433000,579,1448000,12,11861,0.33,Pondicherry,Business Expansion,2026-06-10,0
CUST106567,53,Female,Self-Employed,1357000,711,1723000,12,12698,0.11,Chennai,Home,2025-10-20,1
CUST106568,36,Male,Self-Employed,517000,812,1696000,60,12530,0.29,Chennai,Vehicle,2025-10-21,0
CUST106569,43,Male,Self-Employed,1145000,700,333000,36,5284,0.06,Chennai,Home,2026-04-09,0
CUST106570,58,Female,Business,831000,536,793000,36,21655,0.31,Chennai,Home,2024-08-16,0
CUST106571,36,Male,Salaried,914000,722,1878000,36,17273,0.23,Madurai,Vehicle,2024-09-23,0
CUST106572,34,Female,Salaried,904000,565,730000,120,14559,0.19,Chennai,Home,2024-08-18,0
CUST106573,49,Male,Self-Employed,1257000,593,1042000,24,27437,0.26,Chennai,Home,2026-01-31,1
CUST106574,46,Male,Salaried,730000,666,1774000,12,4276,0.07,Chennai,Business Expansion,2025-05-23,0
CUST106575,55,Male,Salaried,605000,681,1636000,36,5478,0.11,Trichy,Education,2026-02-26,0
CUST106576,35,Male,Business,1720000,655,569000,60,24667,0.17,Coimbatore,Home,2024-10-07,0
CUST106577,23,Male,Self-Employed,826000,570,790000,84,16200,0.24,Coimbatore,Personal,2025-09-05,0
CUST106578,43,Female,Salaried,599000,745,1955000,120,4660,0.09,Pondicherry,Vehicle,2025-11-25,0
CUST106579,49,Female,Self-Employed,771000,577,1515000,24,10527,0.16,Coimbatore,Business Expansion,2026-06-19,0
CUST106580,54,Female,Salaried,872000,762,794000,36,9320,0.13,Coimbatore,Education,2024-08-19,0
CUST106581,53,Male,Business,565000,527,494000,12,11472,0.24,Salem,Home,2026-03-21,0
CUST106582,61,Female,Salaried,856000,669,466000,84,23239,0.33,Chennai,Vehicle,2025-10-23,0
CUST106583,61,Female,Self-Employed,308000,514,580000,24,2561,0.1,Coimbatore,Home,2025-06-05,0
CUST106584,43,Female,Self-Employed,1286000,549,1615000,120,11443,0.11,Madurai,Personal,2024-12-24,1
CUST106585,27,Male,Salaried,965000,603,511000,48,18508,0.23,Pondicherry,Home,2024-10-31,0
CUST106586,23,Female,Self-Employed,1328000,761,1215000,60,20591,0.19,Pondicherry,Home,2025-11-04,0
CUST106587,52,Female,Business,1393000,767,853000,12,30812,0.27,Chennai,Personal,2025-09-23,1
CUST106588,51,Male,Self-Employed,805000,703,952000,48,9147,0.14,Trichy,Home,2025-06-25,0
CUST106589,38,Female,Salaried,687000,652,165000,12,12219,0.21,Trichy,Business Expansion,2025-07-03,1
CUST106590,63,Male,Self-Employed,1057000,641,1180000,60,14626,0.17,Chennai,Vehicle,2025-09-22,0
CUST106591,27,Male,Business,834000,763,1619000,36,9339,0.13,Chennai,Home,2026-03-08,0
CUST106592,61,Female,Salaried,851000,713,1251000,48,19061,0.27,Trichy,Business Expansion,2024-10-14,0
CUST106593,21,Male,Self-Employed,928000,626,81000,48,22331,0.29,Chennai,Education,2024-10-24,1
CUST106594,34,Female,Salaried,1076000,783,347000,24,13332,0.15,Chennai,Personal,2026-07-04,0
CUST106595,52,Female,Salaried,748000,723,1234000,36,14766,0.24,Chennai,Personal,2025-07-04,0
CUST106596,26,Male,Salaried,971000,671,1960000,60,8381,0.1,Chennai,Home,2025-01-24,0
CUST106597,59,Male,Business,565000,608,831000,84,13526,0.29,Chennai,Home,2025-10-24,1
CUST106598,30,Female,Self-Employed,418000,575,1034000,24,4680,0.13,Coimbatore,Personal,2024-12-23,1
CUST106599,27,Female,Salaried,996000,619,461000,48,8406,0.1,Chennai,Home,2025-04-04,0
CUST106600,46,Female,Business,755000,691,675000,12,20887,0.33,Salem,Personal,2024-12-07,0
CUST106601,54,Female,Salaried,760000,725,472000,120,11193,0.18,Chennai,Home,2026-03-12,0
CUST106602,50,Male,Self-Employed,494000,495,1167000,120,10005,0.24,Coimbatore,Personal,2026-07-15,0
CUST106603,56,Male,Salaried,1033000,474,592000,60,25202,0.29,Salem,Personal,2024-10-20,0
CUST106604,41,Female,Business,927000,564,201000,24,19763,0.26,Pondicherry,Personal,2026-04-23,0
CUST106605,37,Male,Self-Employed,1244000,588,804000,84,22744,0.22,Coimbatore,Personal,2025-03-01,0
CUST106606,53,Male,Self-Employed,735000,732,1973000,36,9890,0.16,Coimbatore,Personal,2025-08-04,0
CUST106607,30,Female,Salaried,588000,624,1535000,84,15952,0.33,Madurai,Business Expansion,2024-11-15,0
CUST106608,62,Female,Salaried,505000,672,1850000,12,3790,0.09,Salem,Vehicle,2026-05-11,0
CUST106609,32,Female,Salaried,542000,687,1429000,24,14235,0.32,Chennai,Personal,2024-11-03,1
CUST106610,36,Male,Business,402000,557,887000,120,8808,0.26,Coimbatore,Education,2024-11-07,0
CUST106611,61,Female,Salaried,613000,781,585000,120,11311,0.22,Pondicherry,Business Expansion,2026-06-20,0
CUST106612,52,Female,Self-Employed,743000,565,267000,60,9128,0.15,Coimbatore,Home,2024-09-17,0
CUST106613,35,Female,Salaried,504000,790,1427000,120,3940,0.09,Trichy,Home,2025-01-23,0
CUST106614,47,Female,Salaried,580000,638,1650000,12,8842,0.18,Trichy,Home,2025-09-03,0
CUST106615,48,Male,Salaried,759000,619,1800000,24,18034,0.29,Chennai,Personal,2024-09-14,0
CUST106616,37,Female,Self-Employed,1363000,525,1474000,24,31075,0.27,Coimbatore,Personal,2025-04-15,1
CUST106617,22,Female,Self-Employed,1166000,642,1173000,84,23672,0.24,Madurai,Personal,2025-06-10,0
CUST106618,56,Male,Business,1113000,852,470000,60,32253,0.35,Trichy,Business Expansion,2025-01-13,0
CUST106619,27,Male,Business,903000,687,1379000,36,25719,0.34,Pondicherry,Home,2025-12-28,1
CUST106620,33,Female,Salaried,735000,674,1323000,12,10412,0.17,Pondicherry,Personal,2026-07-31,0
CUST106621,35,Male,Business,901000,590,478000,84,8091,0.11,Chennai,Personal,2025-11-24,0
CUST106622,45,Male,Salaried,617000,703,1349000,24,9725,0.19,Trichy,Education,2025-11-15,0
CUST106623,43,Male,Business,1592000,664,364000,84,40247,0.3,Madurai,Home,2026-06-30,0
CUST106624,42,Male,Salaried,556000,644,364000,84,8690,0.19,Madurai,Home,2026-04-01,0
CUST106625,46,Male,Business,1061000,694,139000,84,13332,0.15,Coimbatore,Home,2025-02-07,0
CUST106626,53,Male,Salaried,456000,486,1468000,60,10350,0.27,Trichy,Personal,2024-09-12,0
CUST106627,31,Female,Salaried,451000,640,488000,24,9209,0.25,Trichy,Personal,2026-06-14,1
CUST106628,30,Female,Salaried,974000,542,1925000,60,27646,0.34,Madurai,Business Expansion,2025-03-25,0
CUST106629,45,Female,Salaried,718000,652,1324000,60,12850,0.21,Pondicherry,Personal,2026-07-02,0
CUST106630,57,Male,Salaried,523000,584,1650000,24,14828,0.34,Chennai,Home,2026-01-14,1
CUST106631,63,Female,Business,1370000,590,1309000,84,15672,0.14,Coimbatore,Personal,2026-06-16,1
CUST106632,58,Female,Self-Employed,1127000,504,1150000,84,29062,0.31,Madurai,Business Expansion,2026-05-19,0
CUST106633,61,Female,Salaried,611000,750,619000,60,7906,0.16,Salem,Personal,2026-03-01,0
CUST106634,44,Male,Salaried,687000,589,149000,120,16768,0.29,Chennai,Business Expansion,2025-03-14,1
CUST106635,60,Male,Salaried,987000,593,940000,12,26961,0.33,Coimbatore,Personal,2025-10-08,0
CUST106636,53,Female,Business,1697000,787,861000,84,33509,0.24,Salem,Home,2025-10-28,0
CUST106637,37,Female,Salaried,1079000,701,1047000,60,24148,0.27,Pondicherry,Business Expansion,2024-12-05,0
CUST106638,44,Female,Salaried,593000,466,1534000,36,16682,0.34,Pondicherry,Home,2026-05-04,0
CUST106639,57,Female,Salaried,1001000,774,1471000,120,13559,0.16,Coimbatore,Home,2025-10-01,0
CUST106640,22,Male,Salaried,838000,798,294000,36,14209,0.2,Pondicherry,Home,2025-09-05,0
CUST106641,52,Female,Salaried,907000,789,1454000,60,24147,0.32,Madurai,Home,2024-10-12,1
CUST106642,44,Male,Salaried,755000,710,101000,120,15845,0.25,Madurai,Personal,2024-12-26,0
CUST106643,29,Female,Salaried,714000,550,211000,120,18568,0.31,Chennai,Personal,2025-09-25,0
CUST106644,24,Female,Salaried,914000,645,1264000,12,17935,0.24,Trichy,Personal,2025-10-10,0
CUST106645,37,Female,Salaried,663000,519,171000,84,15023,0.27,Coimbatore,Personal,2026-03-14,0
CUST106646,37,Male,Self-Employed,958000,547,1484000,120,4304,0.05,Coimbatore,Vehicle,2025-05-09,0
CUST106647,50,Male,Salaried,732000,550,1063000,48,9266,0.15,Trichy,Home,2025-09-13,1
CUST106648,60,Female,Salaried,515000,593,1853000,48,12065,0.28,Chennai,Vehicle,2025-06-16,0
CUST106649,31,Female,Salaried,917000,664,343000,12,13082,0.17,Chennai,Personal,2025-09-19,0
CUST106650,41,Male,Business,725000,609,295000,36,9597,0.16,Coimbatore,Vehicle,2025-08-04,0
CUST106651,41,Male,Self-Employed,1077000,581,1257000,60,30108,0.34,Pondicherry,Vehicle,2025-08-29,1
CUST106652,38,Male,Self-Employed,537000,598,1522000,24,9655,0.22,Chennai,Vehicle,2025-09-26,0
CUST106653,49,Female,Salaried,1020000,784,395000,60,9158,0.11,Pondicherry,Vehicle,2026-04-13,0
CUST106654,44,Female,Salaried,421000,844,1241000,60,6724,0.19,Trichy,Personal,2026-04-28,0
CUST106655,30,Female,Salaried,1078000,609,1689000,48,18469,0.21,Trichy,Personal,2026-03-20,0
CUST106656,37,Male,Salaried,651000,680,1478000,120,18804,0.35,Coimbatore,Vehicle,2025-12-09,0
CUST106657,38,Female,Self-Employed,1242000,549,1489000,60,27475,0.27,Trichy,Personal,2025-11-15,0
CUST106658,62,Male,Business,1767000,719,650000,48,30307,0.21,Chennai,Personal,2024-11-06,0
CUST106659,40,Male,Business,1580000,607,1597000,24,23646,0.18,Coimbatore,Home,2025-08-07,0
CUST106660,57,Female,Salaried,837000,586,650000,60,22644,0.32,Trichy,Home,2024-12-30,0
CUST106661,38,Male,Salaried,836000,830,1739000,12,16983,0.24,Salem,Vehicle,2024-10-20,0
CUST106662,37,Male,Salaried,837000,527,85000,60,10938,0.16,Chennai,Home,2024-08-17,0
CUST106663,29,Female,Salaried,472000,429,1089000,84,7449,0.19,Madurai,Home,2026-04-05,0
CUST106664,34,Male,Business,636000,716,255000,84,7072,0.13,Salem,Education,2024-10-09,0
CUST106665,49,Male,Salaried,742000,616,1567000,12,20907,0.34,Pondicherry,Home,2025-12-25,0
CUST106666,51,Male,Business,501000,591,723000,48,10879,0.26,Chennai,Personal,2025-03-26,1
CUST106667,24,Female,Salaried,485000,895,930000,60,6777,0.17,Madurai,Business Expansion,2025-09-19,0
CUST106668,38,Female,Salaried,558000,715,1993000,48,4880,0.1,Chennai,Home,2024-09-26,0
CUST106669,40,Male,Salaried,762000,644,761000,12,6547,0.1,Pondicherry,Education,2025-09-08,0
CUST106670,63,Female,Self-Employed,701000,561,1036000,48,11293,0.19,Coimbatore,Home,2025-10-04,1
CUST106671,64,Male,Salaried,779000,690,472000,36,12351,0.19,Pondicherry,Home,2024-12-08,0
CUST106672,29,Male,Salaried,696000,494,1009000,84,10169,0.18,Salem,Home,2026-04-09,1
CUST106673,33,Male,Salaried,1075000,603,254000,12,27371,0.31,Salem,Personal,2026-03-17,0
CUST106674,35,Female,Salaried,636000,646,206000,48,18219,0.34,Pondicherry,Education,2024-09-19,0
CUST106675,47,Male,Salaried,573000,669,1488000,60,7470,0.16,Chennai,Business Expansion,2025-11-13,0
CUST106676,35,Female,Salaried,474000,637,880000,48,5466,0.14,Chennai,Vehicle,2025-11-28,0
CUST106677,48,Male,Self-Employed,1043000,562,348000,24,24426,0.28,Madurai,Home,2025-12-11,0
CUST106678,57,Female,Self-Employed,957000,707,68000,120,14748,0.18,Madurai,Business Expansion,2025-06-28,0
CUST106679,39,Female,Salaried,433000,501,1572000,12,4159,0.12,Chennai,Business Expansion,2024-12-23,0
CUST106680,46,Female,Self-Employed,1121000,599,187000,48,9741,0.1,Coimbatore,Home,2025-02-22,0
CUST106681,46,Female,Salaried,698000,603,1641000,84,7804,0.13,Salem,Business Expansion,2024-10-29,0
CUST106682,45,Female,Self-Employed,588000,716,749000,36,2469,0.05,Pondicherry,Business Expansion,2025-10-25,0
CUST106683,46,Female,Salaried,592000,608,92000,84,16399,0.33,Chennai,Vehicle,2025-01-17,0
CUST106684,46,Male,Salaried,581000,689,353000,24,8670,0.18,Coimbatore,Home,2025-03-26,1
CUST106685,48,Male,Salaried,769000,679,345000,12,4796,0.07,Madurai,Education,2025-11-06,0
CUST106686,38,Female,Self-Employed,753000,459,1363000,24,6242,0.1,Pondicherry,Home,2025-09-04,0
CUST106687,52,Male,Salaried,884000,644,1439000,60,10829,0.15,Madurai,Vehicle,2025-01-13,0
CUST106688,23,Male,Salaried,566000,493,674000,36,10164,0.22,Salem,Home,2026-05-16,0
CUST106689,22,Male,Salaried,971000,681,418000,60,21128,0.26,Pondicherry,Education,2025-09-24,0
CUST106690,53,Male,Salaried,527000,584,1202000,84,6251,0.14,Salem,Personal,2025-09-01,0
CUST106691,62,Female,Self-Employed,470000,731,1348000,84,13210,0.34,Trichy,Personal,2025-02-03,0
CUST106692,39,Male,Self-Employed,943000,608,1330000,48,21853,0.28,Pondicherry,Home,2026-05-29,0
CUST106693,37,Female,Business,840000,580,425000,24,20841,0.3,Pondicherry,Personal,2025-04-21,1
CUST106694,64,Female,Salaried,575000,757,1161000,60,7048,0.15,Chennai,Education,2024-10-26,0
CUST106695,53,Female,Salaried,813000,571,1994000,120,11130,0.16,Chennai,Education,2025-03-21,0
CUST106696,32,Male,Self-Employed,1377000,705,1013000,48,24260,0.21,Pondicherry,Home,2025-06-05,0
CUST106697,23,Male,Self-Employed,1315000,667,265000,36,20328,0.19,Chennai,Personal,2026-07-16,0
CUST106698,63,Female,Salaried,487000,617,1432000,84,5193,0.13,Coimbatore,Home,2024-12-11,1
CUST106699,46,Female,Self-Employed,1157000,504,901000,60,33666,0.35,Pondicherry,Personal,2026-05-07,0
CUST106700,55,Female,Self-Employed,891000,736,1554000,24,22609,0.3,Pondicherry,Business Expansion,2025-11-16,1
CUST106701,28,Male,Salaried,634000,695,1357000,60,6413,0.12,Chennai,Vehicle,2025-05-31,0
CUST106702,56,Male,Self-Employed,857000,555,1180000,36,22690,0.32,Madurai,Personal,2025-05-07,0
CUST106703,27,Female,Salaried,718000,672,1886000,48,13526,0.23,Coimbatore,Personal,2025-02-17,0
CUST106704,56,Male,Business,586000,740,532000,60,2625,0.05,Coimbatore,Vehicle,2025-12-04,0
CUST106705,36,Female,Salaried,817000,660,1097000,60,10474,0.15,Salem,Home,2026-07-19,0
CUST106706,44,Female,Salaried,968000,671,1305000,84,4656,0.06,Trichy,Home,2025-05-25,0
CUST106707,21,Female,Salaried,568000,742,1117000,12,3613,0.08,Salem,Home,2024-12-15,0
CUST106708,45,Male,Business,1204000,788,435000,48,10403,0.1,Chennai,Home,2025-10-22,0
CUST106709,30,Female,Self-Employed,1266000,614,968000,120,20606,0.2,Coimbatore,Personal,2025-02-13,1
CUST106710,36,Female,Salaried,764000,529,530000,120,10465,0.16,Pondicherry,Education,2024-10-30,0
CUST106711,36,Female,Self-Employed,1159000,507,127000,120,9146,0.09,Coimbatore,Home,2026-05-11,0
CUST106712,28,Female,Self-Employed,1346000,562,367000,84,18885,0.17,Chennai,Business Expansion,2024-09-30,1
CUST106713,49,Female,Salaried,614000,565,192000,12,7229,0.14,Salem,Personal,2024-10-11,0
CUST106714,59,Female,Salaried,883000,498,1800000,12,12733,0.17,Pondicherry,Vehicle,2025-10-26,0
CUST106715,48,Female,Self-Employed,1038000,791,565000,84,8796,0.1,Madurai,Home,2026-05-01,0
CUST106716,26,Male,Salaried,842000,697,1285000,36,16342,0.23,Madurai,Home,2025-02-15,0
CUST106717,36,Male,Salaried,454000,602,1967000,36,2397,0.06,Chennai,Home,2025-05-10,1
CUST106718,40,Male,Self-Employed,1139000,622,1872000,24,15790,0.17,Salem,Vehicle,2024-12-29,0
CUST106719,36,Male,Salaried,753000,489,1900000,84,19983,0.32,Pondicherry,Vehicle,2024-09-09,1
CUST106720,27,Male,Salaried,590000,754,1784000,48,8648,0.18,Chennai,Education,2025-08-06,0
CUST106721,61,Male,Salaried,707000,474,1586000,48,10741,0.18,Chennai,Personal,2025-11-20,1
CUST106722,34,Female,Self-Employed,1175000,670,374000,36,6893,0.07,Pondicherry,Personal,2024-09-27,0
CUST106723,63,Male,Self-Employed,1419000,459,1599000,36,27387,0.23,Chennai,Personal,2026-01-30,1
CUST106724,46,Male,Self-Employed,1060000,587,1295000,12,29231,0.33,Salem,Home,2025-04-10,1
CUST106725,46,Male,Salaried,966000,761,535000,36,11067,0.14,Salem,Personal,2026-07-15,0
CUST106726,34,Female,Self-Employed,716000,477,1864000,120,10022,0.17,Pondicherry,Business Expansion,2025-09-20,1
CUST106727,27,Male,Business,545000,636,1528000,60,10284,0.23,Trichy,Personal,2025-03-27,0
CUST106728,53,Male,Salaried,886000,706,1181000,48,5756,0.08,Madurai,Business Expansion,2025-08-19,0
CUST106729,46,Male,Salaried,708000,691,536000,24,19770,0.34,Chennai,Personal,2025-09-11,0
CUST106730,40,Female,Self-Employed,1394000,631,419000,12,22104,0.19,Trichy,Personal,2025-01-15,0
CUST106731,23,Female,Salaried,1062000,694,679000,60,7480,0.08,Coimbatore,Vehicle,2024-11-19,0
CUST106732,24,Female,Salaried,443000,595,961000,36,5558,0.15,Madurai,Home,2025-10-06,1
CUST106733,46,Male,Salaried,1065000,823,442000,24,14390,0.16,Chennai,Education,2026-07-26,0
CUST106734,31,Female,Salaried,1034000,505,168000,36,13236,0.15,Chennai,Business Expansion,2026-06-10,0
CUST106735,22,Female,Salaried,757000,754,1582000,84,16273,0.26,Coimbatore,Vehicle,2025-05-23,1
CUST106736,34,Male,Salaried,551000,667,1823000,60,7055,0.15,Pondicherry,Education,2025-05-12,1
CUST106737,64,Male,Business,1062000,705,403000,84,13023,0.15,Coimbatore,Home,2025-05-28,0
CUST106738,50,Male,Salaried,771000,721,815000,120,9420,0.15,Coimbatore,Personal,2026-03-26,0
CUST106739,32,Female,Self-Employed,1050000,675,1006000,84,24793,0.28,Coimbatore,Business Expansion,2025-12-22,0
CUST106740,46,Male,Salaried,800000,577,1630000,24,9500,0.14,Chennai,Personal,2026-01-28,0
CUST106741,64,Male,Self-Employed,341000,599,1711000,84,1540,0.05,Pondicherry,Home,2024-10-29,0
CUST106742,53,Male,Salaried,822000,519,1720000,36,10936,0.16,Madurai,Home,2025-12-13,0
CUST106743,33,Male,Self-Employed,533000,598,1386000,60,5928,0.13,Chennai,Personal,2026-01-09,0
CUST106744,34,Female,Business,1119000,679,1137000,60,30092,0.32,Chennai,Vehicle,2026-03-05,0
CUST106745,44,Female,Self-Employed,352000,679,307000,24,5672,0.19,Salem,Home,2026-07-30,0
CUST106746,54,Female,Salaried,617000,685,1079000,84,6189,0.12,Madurai,Personal,2024-10-10,0
CUST106747,64,Male,Self-Employed,918000,467,1949000,84,26352,0.34,Chennai,Home,2026-05-04,1
CUST106748,46,Male,Salaried,766000,599,1390000,60,7916,0.12,Coimbatore,Personal,2025-07-20,0
CUST106749,41,Male,Salaried,483000,590,1491000,36,11226,0.28,Chennai,Business Expansion,2026-05-03,1
CUST106750,48,Female,Salaried,578000,532,66000,24,11794,0.24,Chennai,Vehicle,2026-04-25,0
CUST106751,56,Female,Business,566000,574,331000,84,8898,0.19,Pondicherry,Personal,2025-01-29,0
CUST106752,60,Female,Salaried,781000,650,1917000,84,11178,0.17,Chennai,Home,2024-12-03,0
CUST106753,22,Male,Business,1779000,777,1477000,12,46211,0.31,Pondicherry,Home,2024-11-18,0
CUST106754,62,Male,Salaried,985000,564,602000,60,15803,0.19,Coimbatore,Home,2025-08-21,0
CUST106755,29,Male,Salaried,1078000,548,491000,36,14607,0.16,Chennai,Vehicle,2025-01-11,0
CUST106756,43,Female,Self-Employed,1214000,571,415000,24,15809,0.16,Pondicherry,Home,2026-01-22,0
CUST106757,35,Female,Salaried,937000,680,1428000,84,10366,0.13,Coimbatore,Personal,2025-03-03,1
CUST106758,33,Female,Self-Employed,842000,735,404000,12,12117,0.17,Trichy,Vehicle,2024-11-11,1
CUST106759,43,Female,Self-Employed,911000,617,1383000,12,6526,0.09,Pondicherry,Vehicle,2025-09-08,0
CUST106760,37,Male,Salaried,816000,519,1486000,48,4728,0.07,Salem,Vehicle,2025-01-12,0
CUST106761,22,Male,Self-Employed,871000,514,865000,84,15419,0.21,Chennai,Vehicle,2026-02-22,0
CUST106762,40,Male,Salaried,730000,666,1047000,48,11331,0.19,Chennai,Home,2024-09-13,1
CUST106763,40,Male,Salaried,696000,739,1936000,84,5917,0.1,Madurai,Home,2024-12-18,0
CUST106764,23,Male,Salaried,712000,813,281000,24,4867,0.08,Chennai,Personal,2024-09-01,0
CUST106765,32,Female,Salaried,619000,543,1534000,60,4796,0.09,Coimbatore,Personal,2025-04-06,0
CUST106766,60,Female,Business,1117000,662,1163000,84,13457,0.14,Chennai,Home,2026-01-25,0
CUST106767,22,Male,Self-Employed,629000,532,1223000,36,9720,0.19,Madurai,Business Expansion,2026-01-12,0
CUST106768,56,Male,Self-Employed,610000,544,1657000,60,5490,0.11,Chennai,Vehicle,2026-05-31,0
CUST106769,34,Male,Self-Employed,426000,536,1945000,36,9822,0.28,Pondicherry,Personal,2025-09-17,0
CUST106770,36,Female,Salaried,743000,619,1528000,36,6686,0.11,Pondicherry,Home,2026-03-26,0
CUST106771,39,Male,Self-Employed,1273000,545,438000,48,9254,0.09,Chennai,Vehicle,2026-01-14,0
CUST106772,54,Male,Self-Employed,906000,848,1381000,48,26301,0.35,Pondicherry,Personal,2026-06-02,1
CUST106773,64,Female,Salaried,467000,608,1330000,60,7172,0.18,Coimbatore,Home,2024-08-31,0
CUST106774,26,Female,Business,641000,738,1630000,24,5395,0.1,Coimbatore,Vehicle,2026-06-29,0
CUST106775,33,Male,Self-Employed,671000,565,423000,36,17802,0.32,Chennai,Personal,2025-08-26,1
CUST106776,56,Female,Salaried,874000,850,1625000,48,8691,0.12,Pondicherry,Home,2025-03-12,0
CUST106777,42,Female,Salaried,733000,680,241000,24,20015,0.33,Coimbatore,Personal,2025-12-16,0
CUST106778,38,Female,Salaried,779000,725,1596000,48,5562,0.09,Chennai,Business Expansion,2026-02-06,0
CUST106779,32,Male,Salaried,567000,596,1455000,36,14295,0.3,Salem,Business Expansion,2025-12-22,0
CUST106780,50,Male,Self-Employed,1363000,712,1509000,12,11958,0.11,Chennai,Business Expansion,2024-09-18,0
CUST106781,60,Female,Business,519000,680,1937000,48,14337,0.33,Salem,Personal,2025-07-29,0
CUST106782,27,Male,Self-Employed,1064000,590,184000,24,19708,0.22,Coimbatore,Business Expansion,2026-07-11,1
CUST106783,52,Female,Business,864000,552,228000,120,7702,0.11,Pondicherry,Business Expansion,2026-07-04,0
CUST106784,39,Female,Business,1576000,628,1294000,120,39852,0.3,Trichy,Personal,2024-08-15,1
CUST106785,26,Female,Business,1425000,620,271000,60,19851,0.17,Pondicherry,Personal,2025-07-12,0
CUST106786,40,Male,Salaried,958000,728,1990000,120,21542,0.27,Salem,Vehicle,2025-11-11,1
CUST106787,47,Male,Salaried,951000,629,600000,60,19260,0.24,Pondicherry,Education,2025-12-06,0
CUST106788,63,Male,Salaried,884000,477,605000,36,19469,0.26,Coimbatore,Education,2025-03-27,0
CUST106789,57,Female,Salaried,1032000,708,1386000,84,13167,0.15,Pondicherry,Home,2026-05-28,0
CUST106790,27,Male,Business,400000,766,858000,12,11054,0.33,Trichy,Education,2024-10-16,0
CUST106791,25,Male,Salaried,756000,500,1368000,120,13730,0.22,Chennai,Personal,2025-03-21,0
CUST106792,31,Male,Self-Employed,1219000,787,1733000,120,7442,0.07,Salem,Personal,2025-10-20,0
CUST106793,35,Male,Self-Employed,643000,750,1607000,48,3751,0.07,Coimbatore,Education,2025-01-18,0
CUST106794,23,Male,Salaried,760000,593,206000,84,17193,0.27,Chennai,Business Expansion,2026-01-16,0
CUST106795,25,Male,Salaried,541000,549,1887000,48,13750,0.3,Coimbatore,Vehicle,2025-04-30,0
CUST106796,43,Female,Salaried,652000,744,1525000,120,14049,0.26,Madurai,Business Expansion,2024-08-25,0
CUST106797,57,Male,Salaried,632000,526,52000,12,7017,0.13,Madurai,Vehicle,2025-04-03,1
CUST106798,29,Male,Self-Employed,329000,564,250000,36,3228,0.12,Madurai,Personal,2026-01-31,0
CUST106799,35,Female,Salaried,465000,531,1462000,36,8510,0.22,Chennai,Education,2025-11-17,0
CUST106800,23,Female,Salaried,749000,650,1897000,24,6805,0.11,Trichy,Education,2025-06-09,0
CUST106801,49,Male,Salaried,752000,781,1396000,24,10260,0.16,Salem,Personal,2025-11-12,0
CUST106802,26,Male,Salaried,958000,683,394000,120,19048,0.24,Coimbatore,Personal,2025-07-21,0
CUST106803,37,Female,Salaried,883000,741,465000,24,9968,0.14,Trichy,Personal,2026-07-22,0
CUST106804,46,Male,Business,1340000,618,146000,120,18160,0.16,Chennai,Business Expansion,2025-11-02,1
CUST106805,41,Male,Salaried,700000,658,670000,36,9225,0.16,Chennai,Business Expansion,2025-12-29,0
CUST106806,28,Male,Business,1413000,539,789000,48,22155,0.19,Madurai,Education,2024-09-27,0
CUST106807,41,Male,Self-Employed,315000,616,1827000,60,6623,0.25,Chennai,Personal,2025-01-19,1
CUST106808,31,Female,Self-Employed,495000,557,1882000,36,11744,0.28,Trichy,Vehicle,2025-06-26,0
CUST106809,58,Female,Salaried,910000,635,590000,12,18922,0.25,Trichy,Business Expansion,2025-04-30,0
CUST106810,28,Female,Salaried,710000,629,1432000,60,3422,0.06,Coimbatore,Home,2025-03-18,1
CUST106811,62,Male,Salaried,538000,621,928000,36,14304,0.32,Coimbatore,Vehicle,2024-12-24,0
CUST106812,44,Male,Salaried,572000,839,1182000,84,10694,0.22,Salem,Personal,2025-10-11,0
CUST106813,55,Female,Business,1184000,809,1523000,120,32172,0.33,Chennai,Vehicle,2025-05-02,0
CUST106814,34,Male,Salaried,935000,777,572000,36,26426,0.34,Madurai,Vehicle,2026-02-20,0
CUST106815,34,Male,Business,461000,811,1004000,24,7312,0.19,Salem,Business Expansion,2025-07-01,0
CUST106816,30,Female,Self-Employed,719000,752,144000,48,19467,0.32,Salem,Personal,2025-05-27,0
CUST106817,32,Female,Salaried,454000,647,181000,84,6038,0.16,Madurai,Home,2024-12-25,0
CUST106818,58,Male,Self-Employed,1299000,613,654000,48,13868,0.13,Coimbatore,Business Expansion,2026-01-31,0
CUST106819,64,Female,Salaried,767000,671,615000,60,4607,0.07,Chennai,Personal,2024-09-27,1
CUST106820,54,Male,Salaried,569000,631,1315000,36,8798,0.19,Chennai,Home,2025-04-25,0
CUST106821,61,Male,Salaried,874000,556,1450000,24,18689,0.26,Trichy,Personal,2024-09-01,0
CUST106822,30,Male,Business,958000,676,1268000,84,27386,0.34,Chennai,Home,2025-09-14,0
CUST106823,37,Female,Salaried,541000,509,307000,12,9304,0.21,Pondicherry,Business Expansion,2025-10-05,1
CUST106824,37,Female,Self-Employed,908000,637,1941000,36,20455,0.27,Madurai,Vehicle,2026-03-24,1
CUST106825,23,Female,Salaried,632000,560,895000,24,16792,0.32,Chennai,Vehicle,2025-03-10,0
CUST106826,51,Male,Salaried,810000,642,353000,12,14374,0.21,Chennai,Vehicle,2024-09-20,0
CUST106827,21,Male,Salaried,788000,667,550000,12,6568,0.1,Madurai,Personal,2025-11-05,0
CUST106828,32,Male,Salaried,1031000,618,629000,60,26158,0.3,Chennai,Home,2026-07-06,1
CUST106829,59,Male,Salaried,1051000,502,1885000,48,19465,0.22,Pondicherry,Business Expansion,2026-02-24,1
CUST106830,24,Male,Salaried,460000,543,239000,48,10639,0.28,Salem,Personal,2025-11-02,0
CUST106831,62,Female,Self-Employed,921000,666,1713000,60,18998,0.25,Salem,Home,2026-03-20,0
CUST106832,33,Female,Salaried,838000,599,1935000,36,4770,0.07,Trichy,Vehicle,2025-05-05,0
CUST106833,54,Male,Business,1103000,700,388000,120,9259,0.1,Pondicherry,Personal,2025-10-27,0
CUST106834,62,Male,Salaried,771000,650,68000,84,8729,0.14,Madurai,Home,2024-09-09,0
CUST106835,41,Male,Salaried,479000,632,1757000,24,5405,0.14,Coimbatore,Home,2026-02-17,0
CUST106836,42,Female,Salaried,965000,681,464000,84,24266,0.3,Trichy,Education,2025-01-12,0
CUST106837,24,Female,Salaried,969000,589,111000,84,18529,0.23,Chennai,Personal,2025-04-04,0
CUST106838,38,Female,Business,1706000,686,960000,48,10664,0.08,Chennai,Home,2025-07-04,0
CUST106839,25,Male,Business,1762000,612,1998000,84,24397,0.17,Pondicherry,Business Expansion,2026-01-06,1
CUST106840,39,Male,Self-Employed,734000,853,116000,60,13267,0.22,Salem,Business Expansion,2025-09-09,0
CUST106841,22,Female,Business,1031000,547,772000,48,10778,0.13,Madurai,Personal,2024-09-09,0
CUST106842,32,Female,Business,562000,617,903000,48,2901,0.06,Madurai,Home,2024-08-30,1
CUST106843,37,Male,Self-Employed,630000,596,224000,48,8614,0.16,Madurai,Personal,2025-05-24,1
CUST106844,30,Male,Business,1387000,528,1925000,36,21770,0.19,Coimbatore,Home,2025-05-30,1
CUST106845,54,Male,Salaried,702000,715,1454000,60,18803,0.32,Coimbatore,Vehicle,2025-04-17,0
CUST106846,26,Female,Self-Employed,1278000,586,568000,48,34347,0.32,Salem,Personal,2026-03-29,0
CUST106847,28,Female,Self-Employed,1232000,410,1013000,120,20545,0.2,Coimbatore,Personal,2025-10-06,1
CUST106848,31,Female,Salaried,723000,712,946000,48,11534,0.19,Chennai,Vehicle,2025-06-09,0
CUST106849,32,Male,Business,784000,592,282000,60,15820,0.24,Pondicherry,Vehicle,2025-03-30,1
CUST106850,29,Male,Salaried,681000,640,760000,12,7232,0.13,Coimbatore,Education,2026-01-10,0
CUST106851,22,Male,Business,814000,710,583000,84,9205,0.14,Trichy,Vehicle,2025-12-05,0
CUST106852,28,Female,Salaried,833000,617,790000,36,3524,0.05,Madurai,Personal,2025-06-07,0
CUST106853,31,Male,Salaried,457000,616,874000,36,2797,0.07,Trichy,Business Expansion,2026-05-21,0
CUST106854,56,Female,Salaried,620000,871,1423000,120,5350,0.1,Chennai,Home,2024-12-24,0
CUST106855,30,Male,Business,466000,456,174000,84,9404,0.24,Chennai,Home,2026-07-31,0
CUST106856,41,Female,Salaried,724000,534,1658000,24,6865,0.11,Coimbatore,Business Expansion,2024-12-29,0
CUST106857,40,Female,Self-Employed,1101000,526,747000,24,8002,0.09,Trichy,Personal,2025-11-06,0
CUST106858,28,Male,Self-Employed,1127000,786,1868000,84,22060,0.23,Chennai,Personal,2024-08-11,0
CUST106859,56,Female,Salaried,953000,591,1111000,12,19498,0.25,Coimbatore,Business Expansion,2025-10-01,0
CUST106860,49,Male,Business,916000,671,297000,120,5183,0.07,Salem,Vehicle,2025-05-28,1
CUST106861,62,Male,Salaried,800000,607,1969000,24,18791,0.28,Chennai,Business Expansion,2024-09-08,0
CUST106862,32,Male,Self-Employed,624000,679,1661000,48,12056,0.23,Pondicherry,Business Expansion,2026-03-14,0
CUST106863,34,Female,Salaried,922000,648,190000,48,12994,0.17,Pondicherry,Home,2025-11-08,1
CUST106864,41,Female,Salaried,844000,672,146000,84,24261,0.34,Pondicherry,Vehicle,2024-12-30,0
CUST106865,42,Male,Salaried,698000,765,1728000,24,3086,0.05,Salem,Education,2025-05-19,0
CUST106866,41,Female,Self-Employed,954000,664,1665000,84,16969,0.21,Madurai,Personal,2025-12-29,1
CUST106867,64,Female,Business,747000,583,1329000,36,6094,0.1,Trichy,Vehicle,2026-07-06,0
CUST106868,50,Female,Salaried,825000,678,1427000,12,10229,0.15,Madurai,Vehicle,2026-04-06,1
CUST106869,59,Male,Salaried,966000,867,1061000,48,7241,0.09,Coimbatore,Home,2026-06-27,0
CUST106870,40,Male,Business,807000,700,524000,12,16843,0.25,Chennai,Home,2026-03-20,0
CUST106871,44,Female,Salaried,956000,663,865000,24,13580,0.17,Coimbatore,Personal,2026-05-27,0
CUST106872,43,Male,Salaried,420000,526,1600000,60,12106,0.35,Chennai,Personal,2026-02-13,0
CUST106873,27,Male,Salaried,938000,715,1940000,84,19241,0.25,Pondicherry,Personal,2025-07-14,0
CUST106874,29,Female,Salaried,861000,728,857000,84,23333,0.33,Salem,Education,2026-02-15,0
CUST106875,21,Male,Self-Employed,662000,653,847000,120,6744,0.12,Pondicherry,Home,2025-04-19,1
CUST106876,46,Female,Business,637000,660,1441000,12,7730,0.15,Chennai,Personal,2025-05-29,0
CUST106877,58,Male,Salaried,1055000,900,584000,12,13961,0.16,Chennai,Personal,2026-07-11,0
CUST106878,58,Female,Self-Employed,1190000,701,314000,24,29904,0.3,Pondicherry,Education,2026-07-27,0
CUST106879,64,Male,Self-Employed,437000,736,721000,120,4133,0.11,Coimbatore,Personal,2026-04-22,0
CUST106880,42,Male,Salaried,824000,656,1876000,24,22935,0.33,Pondicherry,Business Expansion,2025-10-19,1
CUST106881,64,Male,Salaried,582000,638,354000,48,3059,0.06,Pondicherry,Vehicle,2025-05-16,1
CUST106882,30,Female,Self-Employed,432000,681,1681000,120,11410,0.32,Madurai,Vehicle,2025-08-16,1
CUST106883,26,Female,Salaried,923000,638,478000,60,14262,0.19,Chennai,Home,2025-08-31,0
CUST106884,37,Male,Salaried,1042000,645,833000,120,18041,0.21,Chennai,Home,2025-05-14,0
CUST106885,58,Male,Business,1153000,691,1361000,60,33554,0.35,Chennai,Home,2026-01-28,0
CUST106886,44,Female,Self-Employed,687000,578,842000,12,17805,0.31,Madurai,Home,2024-09-01,1
CUST106887,30,Male,Business,907000,669,1935000,60,24277,0.32,Salem,Personal,2026-01-17,1
CUST106888,28,Female,Salaried,511000,657,1366000,24,9609,0.23,Chennai,Vehicle,2026-04-06,0
CUST106889,41,Male,Business,1300000,737,86000,84,36497,0.34,Chennai,Home,2026-03-04,1
CUST106890,26,Female,Self-Employed,1066000,569,1748000,120,22771,0.26,Madurai,Home,2026-02-03,0
CUST106891,41,Female,Business,1684000,470,350000,24,41510,0.3,Coimbatore,Vehicle,2025-08-14,0
CUST106892,59,Female,Business,465000,622,185000,24,10318,0.27,Pondicherry,Home,2024-08-31,0
CUST106893,44,Female,Business,1654000,685,537000,120,39182,0.28,Chennai,Home,2025-08-31,0
CUST106894,53,Male,Business,1216000,736,1314000,12,24460,0.24,Salem,Education,2025-05-25,0
CUST106895,38,Male,Salaried,541000,587,224000,36,12078,0.27,Salem,Home,2025-04-27,0
CUST106896,48,Female,Self-Employed,405000,673,853000,24,6101,0.18,Pondicherry,Personal,2026-07-01,0
CUST106897,52,Male,Salaried,564000,752,679000,60,12316,0.26,Chennai,Home,2025-11-22,0
CUST106898,32,Female,Self-Employed,584000,692,1034000,120,6474,0.13,Coimbatore,Business Expansion,2026-04-19,0
CUST106899,62,Female,Business,414000,578,387000,60,8296,0.24,Pondicherry,Vehicle,2025-03-13,0
CUST106900,47,Male,Salaried,860000,588,408000,24,14844,0.21,Pondicherry,Home,2026-03-25,0
CUST106901,30,Male,Self-Employed,1104000,664,1979000,84,29399,0.32,Trichy,Vehicle,2025-12-27,0
CUST106902,62,Male,Self-Employed,779000,771,306000,36,16356,0.25,Coimbatore,Home,2025-09-19,0
CUST106903,52,Male,Salaried,797000,651,1067000,12,15208,0.23,Coimbatore,Personal,2025-10-13,0
CUST106904,62,Male,Salaried,1009000,635,1525000,24,12101,0.14,Salem,Vehicle,2024-09-04,0
CUST106905,46,Male,Salaried,627000,526,1291000,12,16136,0.31,Chennai,Home,2024-08-27,0
CUST106906,45,Male,Salaried,525000,617,252000,120,2898,0.07,Chennai,Personal,2026-05-07,0
CUST106907,31,Male,Self-Employed,1346000,560,704000,120,35884,0.32,Chennai,Personal,2024-10-14,1
CUST106908,43,Male,Salaried,962000,652,304000,36,19712,0.25,Pondicherry,Education,2026-03-27,0
CUST106909,54,Male,Salaried,849000,513,1169000,24,7559,0.11,Chennai,Education,2025-09-04,1
CUST106910,60,Male,Business,730000,620,1792000,84,19521,0.32,Madurai,Vehicle,2025-08-07,1
CUST106911,43,Female,Self-Employed,1021000,534,1421000,24,12584,0.15,Coimbatore,Business Expansion,2025-07-12,1
CUST106912,49,Male,Salaried,426000,734,1672000,24,3567,0.1,Chennai,Vehicle,2025-07-10,0
CUST106913,51,Male,Salaried,590000,572,180000,48,7165,0.15,Trichy,Business Expansion,2025-02-12,0
CUST106914,27,Female,Self-Employed,457000,573,676000,120,12884,0.34,Chennai,Personal,2025-11-03,0
CUST106915,60,Female,Salaried,799000,675,337000,24,18365,0.28,Coimbatore,Vehicle,2025-02-26,0
CUST106916,53,Male,Self-Employed,1018000,584,1840000,24,27574,0.33,Madurai,Business Expansion,2026-04-23,0
CUST106917,41,Male,Self-Employed,481000,837,709000,84,5598,0.14,Coimbatore,Education,2026-06-15,1
CUST106918,22,Male,Salaried,543000,733,105000,36,3381,0.07,Chennai,Home,2026-01-10,0
CUST106919,38,Male,Business,1547000,651,383000,36,28210,0.22,Salem,Home,2026-04-21,0
CUST106920,53,Female,Salaried,906000,683,1684000,48,14714,0.19,Salem,Education,2025-05-25,0
CUST106921,57,Female,Salaried,596000,438,1945000,24,13220,0.27,Coimbatore,Vehicle,2025-09-08,0
CUST106922,54,Female,Business,477000,760,859000,60,8458,0.21,Coimbatore,Education,2025-02-06,0
CUST106923,40,Male,Salaried,669000,696,890000,12,9418,0.17,Coimbatore,Business Expansion,2025-08-07,1
CUST106924,55,Female,Self-Employed,1413000,618,1645000,84,6053,0.05,Pondicherry,Business Expansion,2024-11-15,0
CUST106925,38,Male,Self-Employed,443000,675,1257000,24,7026,0.19,Madurai,Personal,2026-05-30,1
CUST106926,44,Female,Salaried,459000,711,736000,84,3296,0.09,Chennai,Home,2025-10-18,0
CUST106927,28,Male,Business,1599000,612,713000,120,43519,0.33,Pondicherry,Vehicle,2025-05-24,1
CUST106928,50,Male,Salaried,525000,684,858000,48,14284,0.33,Madurai,Business Expansion,2025-08-20,0
CUST106929,64,Male,Salaried,783000,744,53000,60,18993,0.29,Coimbatore,Vehicle,2026-01-10,0
CUST106930,30,Female,Business,1197000,690,1661000,36,9711,0.1,Coimbatore,Personal,2025-08-23,0
CUST106931,43,Male,Salaried,734000,627,484000,12,5763,0.09,Chennai,Business Expansion,2025-06-06,0
CUST106932,31,Male,Self-Employed,663000,651,1033000,48,12099,0.22,Salem,Vehicle,2024-08-29,0
CUST106933,22,Male,Business,1532000,774,1586000,36,34245,0.27,Trichy,Education,2026-07-13,0
CUST106934,46,Male,Salaried,680000,720,831000,120,18210,0.32,Chennai,Home,2025-02-10,1
CUST106935,56,Female,Salaried,529000,545,1467000,24,14027,0.32,Madurai,Home,2026-05-26,0
CUST106936,53,Female,Salaried,479000,702,1938000,48,3855,0.1,Madurai,Personal,2024-10-02,0
CUST106937,33,Female,Business,1436000,690,1237000,24,41720,0.35,Chennai,Personal,2025-12-07,0
CUST106938,60,Male,Salaried,976000,754,1883000,48,7892,0.1,Coimbatore,Education,2025-04-27,0
CUST106939,45,Female,Salaried,976000,652,1044000,48,24565,0.3,Trichy,Home,2026-04-30,0
CUST106940,24,Female,Salaried,881000,616,1451000,24,16598,0.23,Chennai,Education,2025-01-19,0
CUST106941,62,Male,Salaried,811000,526,97000,48,17131,0.25,Coimbatore,Education,2026-06-14,0
CUST106942,39,Male,Self-Employed,981000,562,1603000,120,18899,0.23,Chennai,Home,2024-12-07,0
CUST106943,38,Female,Business,1234000,758,650000,84,31971,0.31,Coimbatore,Business Expansion,2025-07-19,0
CUST106944,57,Male,Salaried,1033000,667,1405000,36,20757,0.24,Madurai,Personal,2026-05-02,0
CUST106945,50,Male,Salaried,448000,641,877000,120,11371,0.3,Chennai,Business Expansion,2026-05-13,0
CUST106946,39,Male,Self-Employed,325000,741,1229000,84,2608,0.1,Madurai,Home,2024-12-26,0
CUST106947,43,Male,Salaried,1043000,748,742000,84,26945,0.31,Coimbatore,Education,2024-10-18,0
CUST106948,36,Male,Business,1373000,583,1572000,36,39803,0.35,Trichy,Vehicle,2025-03-08,0
CUST106949,21,Male,Salaried,707000,758,1082000,12,14637,0.25,Coimbatore,Business Expansion,2025-09-09,1
CUST106950,32,Female,Salaried,863000,500,201000,12,24660,0.34,Madurai,Vehicle,2024-10-26,1
CUST106951,44,Male,Business,471000,691,709000,48,4551,0.12,Madurai,Personal,2025-09-08,0
CUST106952,54,Female,Salaried,805000,680,1547000,36,20043,0.3,Trichy,Home,2024-11-25,0
CUST106953,28,Male,Salaried,896000,753,1014000,84,7519,0.1,Pondicherry,Home,2025-12-15,0
CUST106954,38,Female,Salaried,581000,684,76000,24,9914,0.2,Chennai,Personal,2026-05-19,0
CUST106955,25,Female,Business,1526000,627,1037000,48,31691,0.25,Salem,Business Expansion,2026-04-10,0
CUST106956,46,Female,Self-Employed,414000,610,662000,84,8558,0.25,Pondicherry,Home,2026-03-14,0
CUST106957,50,Female,Salaried,747000,892,1272000,120,15640,0.25,Madurai,Education,2025-01-21,0
CUST106958,33,Female,Business,1306000,657,132000,24,15919,0.15,Pondicherry,Business Expansion,2024-11-14,0
CUST106959,39,Female,Salaried,527000,703,1127000,60,15024,0.34,Coimbatore,Personal,2024-11-05,1
CUST106960,49,Male,Salaried,763000,468,1927000,12,3304,0.05,Chennai,Home,2025-11-21,0
CUST106961,23,Male,Self-Employed,1114000,550,1667000,48,21936,0.24,Trichy,Education,2026-01-30,0
CUST106962,46,Female,Self-Employed,895000,671,1216000,48,23108,0.31,Salem,Home,2026-04-05,0
CUST106963,60,Male,Salaried,844000,504,1326000,24,22319,0.32,Chennai,Personal,2026-02-12,1
CUST106964,32,Female,Salaried,1006000,699,146000,120,22304,0.27,Trichy,Home,2025-09-26,0
CUST106965,22,Female,Salaried,978000,584,920000,12,18129,0.22,Pondicherry,Education,2026-07-29,0
CUST106966,31,Male,Self-Employed,884000,531,1508000,24,13790,0.19,Salem,Vehicle,2026-03-24,1
CUST106967,64,Female,Business,980000,584,1526000,24,15096,0.18,Chennai,Personal,2025-09-15,0
CUST106968,48,Male,Self-Employed,1136000,762,1625000,12,16806,0.18,Chennai,Home,2025-06-21,0
CUST106969,38,Male,Business,1704000,680,278000,120,36915,0.26,Chennai,Personal,2025-11-12,1
CUST106970,33,Male,Self-Employed,408000,543,1068000,120,9158,0.27,Madurai,Home,2025-10-01,1
CUST106971,57,Male,Business,432000,719,1270000,60,7359,0.2,Salem,Business Expansion,2025-07-21,0
CUST106972,42,Male,Salaried,721000,724,1558000,36,16357,0.27,Madurai,Personal,2025-06-22,0
CUST106973,32,Male,Salaried,1063000,615,1244000,84,18472,0.21,Salem,Vehicle,2024-08-09,0
CUST106974,22,Male,Salaried,706000,736,881000,36,4659,0.08,Pondicherry,Home,2024-10-30,0
CUST106975,57,Female,Salaried,664000,740,1976000,60,16903,0.31,Madurai,Personal,2026-07-06,0
CUST106976,27,Female,Self-Employed,1385000,701,563000,12,35911,0.31,Chennai,Home,2025-05-13,1
CUST106977,46,Male,Business,1228000,589,1359000,48,13297,0.13,Coimbatore,Business Expansion,2024-12-21,0
CUST106978,46,Male,Salaried,690000,543,546000,12,16440,0.29,Chennai,Business Expansion,2025-09-20,0
CUST106979,44,Female,Business,1237000,497,508000,84,20962,0.2,Coimbatore,Home,2026-07-25,0
CUST106980,32,Female,Salaried,580000,591,1637000,24,4215,0.09,Chennai,Home,2026-04-24,0
CUST106981,36,Male,Salaried,692000,616,1942000,84,9768,0.17,Chennai,Business Expansion,2024-09-30,1
CUST106982,43,Male,Self-Employed,628000,599,1688000,12,3818,0.07,Coimbatore,Home,2025-05-21,1
CUST106983,60,Female,Salaried,949000,645,1106000,36,22613,0.29,Madurai,Personal,2025-07-06,0
CUST106984,29,Female,Salaried,1064000,805,826000,48,9653,0.11,Chennai,Personal,2025-02-02,0
CUST106985,52,Male,Self-Employed,882000,594,1596000,84,7299,0.1,Trichy,Home,2024-10-31,0
CUST106986,35,Female,Business,537000,645,1453000,60,5037,0.11,Madurai,Vehicle,2025-03-19,0
CUST106987,57,Male,Self-Employed,361000,461,1661000,12,3544,0.12,Trichy,Personal,2026-01-19,1
CUST106988,33,Female,Salaried,1015000,850,1979000,48,21330,0.25,Trichy,Personal,2024-12-17,0
CUST106989,25,Male,Salaried,464000,531,1061000,84,9341,0.24,Trichy,Personal,2026-05-24,1
CUST106990,31,Male,Business,1365000,586,103000,48,10101,0.09,Salem,Business Expansion,2025-02-06,0
CUST106991,30,Male,Salaried,929000,712,380000,36,20695,0.27,Chennai,Home,2026-03-07,0
CUST106992,33,Female,Business,1490000,672,146000,24,19210,0.15,Chennai,Personal,2025-07-19,0
CUST106993,61,Female,Salaried,635000,797,554000,120,9908,0.19,Chennai,Home,2024-09-08,0
CUST106994,35,Female,Self-Employed,596000,689,197000,48,4343,0.09,Madurai,Business Expansion,2024-10-12,0
CUST106995,62,Female,Self-Employed,1219000,617,566000,48,26674,0.26,Coimbatore,Home,2024-08-22,0
CUST106996,27,Male,Salaried,629000,743,1568000,12,8536,0.16,Madurai,Business Expansion,2026-07-14,0
CUST106997,60,Female,Self-Employed,1248000,729,329000,60,24922,0.24,Chennai,Vehicle,2024-08-31,0
CUST106998,48,Male,Salaried,523000,590,465000,12,7765,0.18,Trichy,Business Expansion,2025-05-17,0
CUST106999,52,Female,Self-Employed,402000,711,1360000,36,2166,0.06,Madurai,Vehicle,2024-10-17,0
